solid OpenSCAD_Model
  facet normal -0.162902 -0.986642 0
    outer loop
      vertex -8.77906 -44.1353 0
      vertex -5.87368 -44.615 14
      vertex -8.77906 -44.1353 14
    endloop
  endfacet
  facet normal -0.162902 -0.986642 -0
    outer loop
      vertex -5.87368 -44.615 14
      vertex -8.77906 -44.1353 0
      vertex -5.87368 -44.615 0
    endloop
  endfacet
  facet normal 0.910862 0.41271 0
    outer loop
      vertex 41.5746 17.2208 14
      vertex 40.3593 19.903 0
      vertex 40.3593 19.903 14
    endloop
  endfacet
  facet normal 0.910862 0.41271 0
    outer loop
      vertex 40.3593 19.903 0
      vertex 41.5746 17.2208 14
      vertex 41.5746 17.2208 0
    endloop
  endfacet
  facet normal 0.995183 0.0980397 0
    outer loop
      vertex 44.9037 2.94314 14
      vertex 44.615 5.87368 0
      vertex 44.615 5.87368 14
    endloop
  endfacet
  facet normal 0.995183 0.0980397 0
    outer loop
      vertex 44.615 5.87368 0
      vertex 44.9037 2.94314 14
      vertex 44.9037 2.94314 0
    endloop
  endfacet
  facet normal 0.999465 0.0327027 0
    outer loop
      vertex 45 0 14
      vertex 44.9037 2.94314 0
      vertex 44.9037 2.94314 14
    endloop
  endfacet
  facet normal 0.999465 0.0327027 0
    outer loop
      vertex 44.9037 2.94314 0
      vertex 45 0 14
      vertex 45 0 0
    endloop
  endfacet
  facet normal 0.986642 0.162902 0
    outer loop
      vertex 44.615 5.87368 14
      vertex 44.1353 8.77906 0
      vertex 44.1353 8.77906 14
    endloop
  endfacet
  facet normal 0.986642 0.162902 0
    outer loop
      vertex 44.1353 8.77906 0
      vertex 44.615 5.87368 14
      vertex 44.615 5.87368 0
    endloop
  endfacet
  facet normal 0.0980397 -0.995183 0
    outer loop
      vertex 2.94314 -44.9037 0
      vertex 5.87368 -44.615 14
      vertex 2.94314 -44.9037 14
    endloop
  endfacet
  facet normal 0.0980397 -0.995183 0
    outer loop
      vertex 5.87368 -44.615 14
      vertex 2.94314 -44.9037 0
      vertex 5.87368 -44.615 0
    endloop
  endfacet
  facet normal 0.528059 -0.849208 0
    outer loop
      vertex 22.5 -38.9711 0
      vertex 25.0007 -37.4161 14
      vertex 22.5 -38.9711 14
    endloop
  endfacet
  facet normal 0.528059 -0.849208 0
    outer loop
      vertex 25.0007 -37.4161 14
      vertex 22.5 -38.9711 0
      vertex 25.0007 -37.4161 0
    endloop
  endfacet
  facet normal 0.935904 0.352255 0
    outer loop
      vertex 42.6119 14.4648 14
      vertex 41.5746 17.2208 0
      vertex 41.5746 17.2208 14
    endloop
  endfacet
  facet normal 0.935904 0.352255 0
    outer loop
      vertex 41.5746 17.2208 0
      vertex 42.6119 14.4648 14
      vertex 42.6119 14.4648 0
    endloop
  endfacet
  facet normal 0.973883 0.227048 0
    outer loop
      vertex 44.1353 8.77906 14
      vertex 43.4667 11.6469 0
      vertex 43.4667 11.6469 14
    endloop
  endfacet
  facet normal 0.973883 0.227048 0
    outer loop
      vertex 43.4667 11.6469 0
      vertex 44.1353 8.77906 14
      vertex 44.1353 8.77906 0
    endloop
  endfacet
  facet normal 0.995183 -0.0980397 0
    outer loop
      vertex 44.615 -5.87368 14
      vertex 44.9037 -2.94314 0
      vertex 44.9037 -2.94314 14
    endloop
  endfacet
  facet normal 0.995183 -0.0980397 0
    outer loop
      vertex 44.9037 -2.94314 0
      vertex 44.615 -5.87368 14
      vertex 44.615 -5.87368 0
    endloop
  endfacet
  facet normal 0.528059 0.849208 -0
    outer loop
      vertex 25.0007 37.4161 0
      vertex 22.5 38.9711 14
      vertex 25.0007 37.4161 14
    endloop
  endfacet
  facet normal 0.528059 0.849208 0
    outer loop
      vertex 22.5 38.9711 14
      vertex 25.0007 37.4161 0
      vertex 22.5 38.9711 0
    endloop
  endfacet
  facet normal 0.0327027 -0.999465 0
    outer loop
      vertex 0 -45 0
      vertex 2.94314 -44.9037 14
      vertex 0 -45 14
    endloop
  endfacet
  facet normal 0.0327027 -0.999465 0
    outer loop
      vertex 2.94314 -44.9037 14
      vertex 0 -45 0
      vertex 2.94314 -44.9037 0
    endloop
  endfacet
  facet normal 0.773012 -0.634391 0
    outer loop
      vertex 33.8328 -29.6706 14
      vertex 35.7009 -27.3943 0
      vertex 35.7009 -27.3943 14
    endloop
  endfacet
  facet normal 0.773012 -0.634391 0
    outer loop
      vertex 35.7009 -27.3943 0
      vertex 33.8328 -29.6706 14
      vertex 33.8328 -29.6706 0
    endloop
  endfacet
  facet normal -0.683602 0.729855 0
    outer loop
      vertex -29.6706 33.8328 0
      vertex -31.8198 31.8198 14
      vertex -29.6706 33.8328 14
    endloop
  endfacet
  facet normal -0.683602 0.729855 0
    outer loop
      vertex -31.8198 31.8198 14
      vertex -29.6706 33.8328 0
      vertex -31.8198 31.8198 0
    endloop
  endfacet
  facet normal 0.773012 0.634391 0
    outer loop
      vertex 35.7009 27.3943 14
      vertex 33.8328 29.6706 0
      vertex 33.8328 29.6706 14
    endloop
  endfacet
  facet normal 0.773012 0.634391 0
    outer loop
      vertex 33.8328 29.6706 0
      vertex 35.7009 27.3943 14
      vertex 35.7009 27.3943 0
    endloop
  endfacet
  facet normal -0.812851 -0.582471 0
    outer loop
      vertex -35.7009 -27.3943 0
      vertex -37.4161 -25.0007 14
      vertex -37.4161 -25.0007 0
    endloop
  endfacet
  facet normal -0.812851 -0.582471 0
    outer loop
      vertex -37.4161 -25.0007 14
      vertex -35.7009 -27.3943 0
      vertex -35.7009 -27.3943 14
    endloop
  endfacet
  facet normal 0 0 1
    outer loop
      vertex -37.309 12.6647 14
      vertex -42.2599 15.4 14
      vertex -41.99 12.4 14
    endloop
  endfacet
  facet normal 0 0 1
    outer loop
      vertex -70.621 14.9422 14
      vertex -42.2599 15.4 14
      vertex -70.6 15.4 14
    endloop
  endfacet
  facet normal 0 0 1
    outer loop
      vertex -42.2599 15.4 14
      vertex -70.621 14.9422 14
      vertex -41.99 12.4 14
    endloop
  endfacet
  facet normal -0 0 1
    outer loop
      vertex -70.6838 14.4863 14
      vertex -41.99 12.4 14
      vertex -70.621 14.9422 14
    endloop
  endfacet
  facet normal -0 0 1
    outer loop
      vertex -70.7883 14.0344 14
      vertex -41.99 12.4 14
      vertex -70.6838 14.4863 14
    endloop
  endfacet
  facet normal -0 0 1
    outer loop
      vertex -70.9339 13.5883 14
      vertex -41.99 12.4 14
      vertex -70.7883 14.0344 14
    endloop
  endfacet
  facet normal -0 0 1
    outer loop
      vertex -71.1201 13.1499 14
      vertex -41.99 12.4 14
      vertex -70.9339 13.5883 14
    endloop
  endfacet
  facet normal -0 0 1
    outer loop
      vertex -71.346 12.7212 14
      vertex -41.99 12.4 14
      vertex -71.1201 13.1499 14
    endloop
  endfacet
  facet normal 0 0 1
    outer loop
      vertex -41.99 12.4 14
      vertex -71.346 12.7212 14
      vertex -71.5497 12.4 14
    endloop
  endfacet
  facet normal 0 0 1
    outer loop
      vertex 39.4 0 14
      vertex 45 0 14
      vertex 44.9037 2.94314 14
    endloop
  endfacet
  facet normal 0 0 1
    outer loop
      vertex 39.3156 2.57688 14
      vertex 44.9037 2.94314 14
      vertex 44.615 5.87368 14
    endloop
  endfacet
  facet normal 0 0 1
    outer loop
      vertex 45 0 14
      vertex 39.4 0 14
      vertex 44.9037 -2.94314 14
    endloop
  endfacet
  facet normal 0 0 1
    outer loop
      vertex 39.0629 5.14273 14
      vertex 44.615 5.87368 14
      vertex 44.1353 8.77906 14
    endloop
  endfacet
  facet normal -0 0 1
    outer loop
      vertex 39.3156 -2.57688 14
      vertex 44.9037 -2.94314 14
      vertex 39.4 0 14
    endloop
  endfacet
  facet normal 0 0 1
    outer loop
      vertex 38.6429 7.68656 14
      vertex 44.1353 8.77906 14
      vertex 43.4667 11.6469 14
    endloop
  endfacet
  facet normal 0 0 1
    outer loop
      vertex 44.9037 -2.94314 14
      vertex 39.3156 -2.57688 14
      vertex 44.615 -5.87368 14
    endloop
  endfacet
  facet normal 0 0 1
    outer loop
      vertex 38.0575 10.1975 14
      vertex 43.4667 11.6469 14
      vertex 42.6119 14.4648 14
    endloop
  endfacet
  facet normal -0 0 1
    outer loop
      vertex 39.0629 -5.14273 14
      vertex 44.615 -5.87368 14
      vertex 39.3156 -2.57688 14
    endloop
  endfacet
  facet normal 0 0 1
    outer loop
      vertex 37.309 12.6647 14
      vertex 42.6119 14.4648 14
      vertex 41.5746 17.2208 14
    endloop
  endfacet
  facet normal 0 0 1
    outer loop
      vertex 44.615 -5.87368 14
      vertex 39.0629 -5.14273 14
      vertex 44.1353 -8.77906 14
    endloop
  endfacet
  facet normal 0 0 1
    outer loop
      vertex 36.4009 15.0777 14
      vertex 41.5746 17.2208 14
      vertex 40.3593 19.903 14
    endloop
  endfacet
  facet normal -0 0 1
    outer loop
      vertex 38.6429 -7.68656 14
      vertex 44.1353 -8.77906 14
      vertex 39.0629 -5.14273 14
    endloop
  endfacet
  facet normal 0 0 1
    outer loop
      vertex 44.1353 -8.77906 14
      vertex 38.6429 -7.68656 14
      vertex 43.4667 -11.6469 14
    endloop
  endfacet
  facet normal 0 0 1
    outer loop
      vertex 44.9037 2.94314 14
      vertex 39.3156 2.57688 14
      vertex 39.4 0 14
    endloop
  endfacet
  facet normal 0 0 1
    outer loop
      vertex 44.615 5.87368 14
      vertex 39.0629 5.14273 14
      vertex 39.3156 2.57688 14
    endloop
  endfacet
  facet normal 0 0 1
    outer loop
      vertex 35.3368 17.4262 14
      vertex 40.3593 19.903 14
      vertex 38.9711 22.5 14
    endloop
  endfacet
  facet normal 0 0 1
    outer loop
      vertex 44.1353 8.77906 14
      vertex 38.6429 7.68656 14
      vertex 39.0629 5.14273 14
    endloop
  endfacet
  facet normal 0 0 1
    outer loop
      vertex 43.4667 11.6469 14
      vertex 38.0575 10.1975 14
      vertex 38.6429 7.68656 14
    endloop
  endfacet
  facet normal 0 0 1
    outer loop
      vertex 34.1214 19.7 14
      vertex 38.9711 22.5 14
      vertex 37.4161 25.0007 14
    endloop
  endfacet
  facet normal 0 0 1
    outer loop
      vertex 42.6119 14.4648 14
      vertex 37.309 12.6647 14
      vertex 38.0575 10.1975 14
    endloop
  endfacet
  facet normal 0 0 1
    outer loop
      vertex 41.5746 17.2208 14
      vertex 36.4009 15.0777 14
      vertex 37.309 12.6647 14
    endloop
  endfacet
  facet normal 0 0 1
    outer loop
      vertex 32.7599 21.8895 14
      vertex 37.4161 25.0007 14
      vertex 35.7009 27.3943 14
    endloop
  endfacet
  facet normal 0 0 1
    outer loop
      vertex 40.3593 19.903 14
      vertex 35.3368 17.4262 14
      vertex 36.4009 15.0777 14
    endloop
  endfacet
  facet normal 0 0 1
    outer loop
      vertex 38.9711 22.5 14
      vertex 34.1214 19.7 14
      vertex 35.3368 17.4262 14
    endloop
  endfacet
  facet normal 0 0 1
    outer loop
      vertex 31.2581 23.9852 14
      vertex 35.7009 27.3943 14
      vertex 33.8328 29.6706 14
    endloop
  endfacet
  facet normal 0 0 1
    outer loop
      vertex 37.4161 25.0007 14
      vertex 32.7599 21.8895 14
      vertex 34.1214 19.7 14
    endloop
  endfacet
  facet normal 0 0 1
    outer loop
      vertex 29.6225 25.9782 14
      vertex 33.8328 29.6706 14
      vertex 31.8198 31.8198 14
    endloop
  endfacet
  facet normal 0 0 1
    outer loop
      vertex 35.7009 27.3943 14
      vertex 31.2581 23.9852 14
      vertex 32.7599 21.8895 14
    endloop
  endfacet
  facet normal 0 0 1
    outer loop
      vertex 27.86 27.86 14
      vertex 31.8198 31.8198 14
      vertex 29.6706 33.8328 14
    endloop
  endfacet
  facet normal 0 0 1
    outer loop
      vertex 33.8328 29.6706 14
      vertex 29.6225 25.9782 14
      vertex 31.2581 23.9852 14
    endloop
  endfacet
  facet normal 0 0 1
    outer loop
      vertex 31.8198 31.8198 14
      vertex 27.86 27.86 14
      vertex 29.6225 25.9782 14
    endloop
  endfacet
  facet normal 0 0 1
    outer loop
      vertex 25.9782 29.6225 14
      vertex 29.6706 33.8328 14
      vertex 27.3943 35.7009 14
    endloop
  endfacet
  facet normal 0 0 1
    outer loop
      vertex 29.6706 33.8328 14
      vertex 25.9782 29.6225 14
      vertex 27.86 27.86 14
    endloop
  endfacet
  facet normal 0 0 1
    outer loop
      vertex 23.9852 31.2581 14
      vertex 27.3943 35.7009 14
      vertex 25.0007 37.4161 14
    endloop
  endfacet
  facet normal 0 0 1
    outer loop
      vertex 27.3943 35.7009 14
      vertex 23.9852 31.2581 14
      vertex 25.9782 29.6225 14
    endloop
  endfacet
  facet normal 0 0 1
    outer loop
      vertex 21.8895 32.7599 14
      vertex 25.0007 37.4161 14
      vertex 22.5 38.9711 14
    endloop
  endfacet
  facet normal 0 0 1
    outer loop
      vertex 25.0007 37.4161 14
      vertex 21.8895 32.7599 14
      vertex 23.9852 31.2581 14
    endloop
  endfacet
  facet normal 0 0 1
    outer loop
      vertex 19.7 34.1214 14
      vertex 22.5 38.9711 14
      vertex 19.903 40.3593 14
    endloop
  endfacet
  facet normal 0 0 1
    outer loop
      vertex 22.5 38.9711 14
      vertex 19.7 34.1214 14
      vertex 21.8895 32.7599 14
    endloop
  endfacet
  facet normal 0 0 1
    outer loop
      vertex 19.903 40.3593 14
      vertex 17.4262 35.3368 14
      vertex 19.7 34.1214 14
    endloop
  endfacet
  facet normal 0 0 1
    outer loop
      vertex 17.2208 41.5746 14
      vertex 17.4262 35.3368 14
      vertex 19.903 40.3593 14
    endloop
  endfacet
  facet normal 0 0 1
    outer loop
      vertex 17.2208 41.5746 14
      vertex 15.0777 36.4009 14
      vertex 17.4262 35.3368 14
    endloop
  endfacet
  facet normal 0 0 1
    outer loop
      vertex 14.4648 42.6119 14
      vertex 15.0777 36.4009 14
      vertex 17.2208 41.5746 14
    endloop
  endfacet
  facet normal 0 0 1
    outer loop
      vertex 14.4648 42.6119 14
      vertex 12.6647 37.309 14
      vertex 15.0777 36.4009 14
    endloop
  endfacet
  facet normal 0 0 1
    outer loop
      vertex 11.6469 43.4667 14
      vertex 12.6647 37.309 14
      vertex 14.4648 42.6119 14
    endloop
  endfacet
  facet normal 0 0 1
    outer loop
      vertex 11.6469 43.4667 14
      vertex 10.1975 38.0575 14
      vertex 12.6647 37.309 14
    endloop
  endfacet
  facet normal 0 0 1
    outer loop
      vertex 8.77906 44.1353 14
      vertex 10.1975 38.0575 14
      vertex 11.6469 43.4667 14
    endloop
  endfacet
  facet normal 0 0 1
    outer loop
      vertex 8.77906 44.1353 14
      vertex 7.68656 38.6429 14
      vertex 10.1975 38.0575 14
    endloop
  endfacet
  facet normal 0 0 1
    outer loop
      vertex 5.87368 44.615 14
      vertex 7.68656 38.6429 14
      vertex 8.77906 44.1353 14
    endloop
  endfacet
  facet normal 0 0 1
    outer loop
      vertex 5.87368 44.615 14
      vertex 5.14273 39.0629 14
      vertex 7.68656 38.6429 14
    endloop
  endfacet
  facet normal 0 0 1
    outer loop
      vertex 2.94314 44.9037 14
      vertex 5.14273 39.0629 14
      vertex 5.87368 44.615 14
    endloop
  endfacet
  facet normal 0 0 1
    outer loop
      vertex 2.94314 44.9037 14
      vertex 2.57688 39.3156 14
      vertex 5.14273 39.0629 14
    endloop
  endfacet
  facet normal 0 0 1
    outer loop
      vertex 0 45 14
      vertex 2.57688 39.3156 14
      vertex 2.94314 44.9037 14
    endloop
  endfacet
  facet normal 0 0 1
    outer loop
      vertex 0 45 14
      vertex 0 39.4 14
      vertex 2.57688 39.3156 14
    endloop
  endfacet
  facet normal 0 0 1
    outer loop
      vertex 0 45 14
      vertex -2.57688 39.3156 14
      vertex 0 39.4 14
    endloop
  endfacet
  facet normal -0 0 1
    outer loop
      vertex -2.94314 44.9037 14
      vertex -2.57688 39.3156 14
      vertex 0 45 14
    endloop
  endfacet
  facet normal 0 0 1
    outer loop
      vertex -2.94314 44.9037 14
      vertex -5.14273 39.0629 14
      vertex -2.57688 39.3156 14
    endloop
  endfacet
  facet normal -0 0 1
    outer loop
      vertex -5.87368 44.615 14
      vertex -5.14273 39.0629 14
      vertex -2.94314 44.9037 14
    endloop
  endfacet
  facet normal 0 0 1
    outer loop
      vertex -5.87368 44.615 14
      vertex -7.68656 38.6429 14
      vertex -5.14273 39.0629 14
    endloop
  endfacet
  facet normal -0 0 1
    outer loop
      vertex -8.77906 44.1353 14
      vertex -7.68656 38.6429 14
      vertex -5.87368 44.615 14
    endloop
  endfacet
  facet normal 0 0 1
    outer loop
      vertex -8.77906 44.1353 14
      vertex -10.1975 38.0575 14
      vertex -7.68656 38.6429 14
    endloop
  endfacet
  facet normal -0 0 1
    outer loop
      vertex -11.6469 43.4667 14
      vertex -10.1975 38.0575 14
      vertex -8.77906 44.1353 14
    endloop
  endfacet
  facet normal 0 0 1
    outer loop
      vertex -11.6469 43.4667 14
      vertex -12.6647 37.309 14
      vertex -10.1975 38.0575 14
    endloop
  endfacet
  facet normal -0 0 1
    outer loop
      vertex -14.4648 42.6119 14
      vertex -12.6647 37.309 14
      vertex -11.6469 43.4667 14
    endloop
  endfacet
  facet normal 0 0 1
    outer loop
      vertex -14.4648 42.6119 14
      vertex -15.0777 36.4009 14
      vertex -12.6647 37.309 14
    endloop
  endfacet
  facet normal -0 0 1
    outer loop
      vertex -17.2208 41.5746 14
      vertex -15.0777 36.4009 14
      vertex -14.4648 42.6119 14
    endloop
  endfacet
  facet normal 0 0 1
    outer loop
      vertex -17.2208 41.5746 14
      vertex -17.4262 35.3368 14
      vertex -15.0777 36.4009 14
    endloop
  endfacet
  facet normal -0 0 1
    outer loop
      vertex -19.903 40.3593 14
      vertex -17.4262 35.3368 14
      vertex -17.2208 41.5746 14
    endloop
  endfacet
  facet normal 0 0 1
    outer loop
      vertex -17.4262 35.3368 14
      vertex -19.903 40.3593 14
      vertex -19.7 34.1214 14
    endloop
  endfacet
  facet normal -0 0 1
    outer loop
      vertex -22.5 38.9711 14
      vertex -19.7 34.1214 14
      vertex -19.903 40.3593 14
    endloop
  endfacet
  facet normal 0 0 1
    outer loop
      vertex -19.7 34.1214 14
      vertex -22.5 38.9711 14
      vertex -21.8895 32.7599 14
    endloop
  endfacet
  facet normal -0 0 1
    outer loop
      vertex -25.0007 37.4161 14
      vertex -21.8895 32.7599 14
      vertex -22.5 38.9711 14
    endloop
  endfacet
  facet normal 0 0 1
    outer loop
      vertex -21.8895 32.7599 14
      vertex -25.0007 37.4161 14
      vertex -23.9852 31.2581 14
    endloop
  endfacet
  facet normal -0 0 1
    outer loop
      vertex -27.3943 35.7009 14
      vertex -23.9852 31.2581 14
      vertex -25.0007 37.4161 14
    endloop
  endfacet
  facet normal 0 0 1
    outer loop
      vertex -23.9852 31.2581 14
      vertex -27.3943 35.7009 14
      vertex -25.9782 29.6225 14
    endloop
  endfacet
  facet normal -0 0 1
    outer loop
      vertex -29.6706 33.8328 14
      vertex -25.9782 29.6225 14
      vertex -27.3943 35.7009 14
    endloop
  endfacet
  facet normal 0 0 1
    outer loop
      vertex -25.9782 29.6225 14
      vertex -29.6706 33.8328 14
      vertex -27.86 27.86 14
    endloop
  endfacet
  facet normal -0 0 1
    outer loop
      vertex -31.8198 31.8198 14
      vertex -27.86 27.86 14
      vertex -29.6706 33.8328 14
    endloop
  endfacet
  facet normal 0 0 1
    outer loop
      vertex -27.86 27.86 14
      vertex -31.8198 31.8198 14
      vertex -29.6225 25.9782 14
    endloop
  endfacet
  facet normal -0 0 1
    outer loop
      vertex -33.8328 29.6706 14
      vertex -29.6225 25.9782 14
      vertex -31.8198 31.8198 14
    endloop
  endfacet
  facet normal 0 0 1
    outer loop
      vertex -29.6225 25.9782 14
      vertex -33.8328 29.6706 14
      vertex -31.2581 23.9852 14
    endloop
  endfacet
  facet normal -0 0 1
    outer loop
      vertex -35.7009 27.3943 14
      vertex -31.2581 23.9852 14
      vertex -33.8328 29.6706 14
    endloop
  endfacet
  facet normal 0 0 1
    outer loop
      vertex -31.2581 23.9852 14
      vertex -35.7009 27.3943 14
      vertex -32.7599 21.8895 14
    endloop
  endfacet
  facet normal -0 0 1
    outer loop
      vertex -37.4161 25.0007 14
      vertex -32.7599 21.8895 14
      vertex -35.7009 27.3943 14
    endloop
  endfacet
  facet normal 0 0 1
    outer loop
      vertex -32.7599 21.8895 14
      vertex -37.4161 25.0007 14
      vertex -34.1214 19.7 14
    endloop
  endfacet
  facet normal -0 0 1
    outer loop
      vertex -38.9711 22.5 14
      vertex -34.1214 19.7 14
      vertex -37.4161 25.0007 14
    endloop
  endfacet
  facet normal 0 0 1
    outer loop
      vertex -34.1214 19.7 14
      vertex -38.9711 22.5 14
      vertex -35.3368 17.4262 14
    endloop
  endfacet
  facet normal -0 0 1
    outer loop
      vertex -40.3593 19.903 14
      vertex -35.3368 17.4262 14
      vertex -38.9711 22.5 14
    endloop
  endfacet
  facet normal 0 0 1
    outer loop
      vertex -35.3368 17.4262 14
      vertex -40.3593 19.903 14
      vertex -36.4009 15.0777 14
    endloop
  endfacet
  facet normal -0 0 1
    outer loop
      vertex -41.5746 17.2208 14
      vertex -36.4009 15.0777 14
      vertex -40.3593 19.903 14
    endloop
  endfacet
  facet normal -0 0 1
    outer loop
      vertex -42.2599 15.4 14
      vertex -36.4009 15.0777 14
      vertex -41.5746 17.2208 14
    endloop
  endfacet
  facet normal 0 0 1
    outer loop
      vertex -36.4009 15.0777 14
      vertex -42.2599 15.4 14
      vertex -37.309 12.6647 14
    endloop
  endfacet
  facet normal 0 0 1
    outer loop
      vertex -37.309 12.6647 14
      vertex -41.99 12.4 14
      vertex -38.0575 10.1975 14
    endloop
  endfacet
  facet normal 0 0 1
    outer loop
      vertex -38.0575 10.1975 14
      vertex -41.99 12.4 14
      vertex -38.6429 7.68656 14
    endloop
  endfacet
  facet normal 0 0 1
    outer loop
      vertex -41.99 5.5 14
      vertex -38.6429 7.68656 14
      vertex -41.99 12.4 14
    endloop
  endfacet
  facet normal 0 0 1
    outer loop
      vertex -38.6429 7.68656 14
      vertex -41.99 5.5 14
      vertex -39.0039 5.5 14
    endloop
  endfacet
  facet normal -0 0 1
    outer loop
      vertex 38.0575 -10.1975 14
      vertex 43.4667 -11.6469 14
      vertex 38.6429 -7.68656 14
    endloop
  endfacet
  facet normal 0 0 1
    outer loop
      vertex 43.4667 -11.6469 14
      vertex 38.0575 -10.1975 14
      vertex 42.6119 -14.4648 14
    endloop
  endfacet
  facet normal -0 0 1
    outer loop
      vertex 37.309 -12.6647 14
      vertex 42.6119 -14.4648 14
      vertex 38.0575 -10.1975 14
    endloop
  endfacet
  facet normal 0 0 1
    outer loop
      vertex 42.6119 -14.4648 14
      vertex 37.309 -12.6647 14
      vertex 41.5746 -17.2208 14
    endloop
  endfacet
  facet normal -0 0 1
    outer loop
      vertex 36.4009 -15.0777 14
      vertex 41.5746 -17.2208 14
      vertex 37.309 -12.6647 14
    endloop
  endfacet
  facet normal 0 0 1
    outer loop
      vertex 41.5746 -17.2208 14
      vertex 36.4009 -15.0777 14
      vertex 40.3593 -19.903 14
    endloop
  endfacet
  facet normal -0 0 1
    outer loop
      vertex 35.3368 -17.4262 14
      vertex 40.3593 -19.903 14
      vertex 36.4009 -15.0777 14
    endloop
  endfacet
  facet normal 0 0 1
    outer loop
      vertex 40.3593 -19.903 14
      vertex 35.3368 -17.4262 14
      vertex 38.9711 -22.5 14
    endloop
  endfacet
  facet normal -0 0 1
    outer loop
      vertex 34.1214 -19.7 14
      vertex 38.9711 -22.5 14
      vertex 35.3368 -17.4262 14
    endloop
  endfacet
  facet normal 0 0 1
    outer loop
      vertex 38.9711 -22.5 14
      vertex 34.1214 -19.7 14
      vertex 37.4161 -25.0007 14
    endloop
  endfacet
  facet normal -0 0 1
    outer loop
      vertex 32.7599 -21.8895 14
      vertex 37.4161 -25.0007 14
      vertex 34.1214 -19.7 14
    endloop
  endfacet
  facet normal 0 0 1
    outer loop
      vertex 37.4161 -25.0007 14
      vertex 32.7599 -21.8895 14
      vertex 35.7009 -27.3943 14
    endloop
  endfacet
  facet normal -0 0 1
    outer loop
      vertex 31.2581 -23.9852 14
      vertex 35.7009 -27.3943 14
      vertex 32.7599 -21.8895 14
    endloop
  endfacet
  facet normal 0 0 1
    outer loop
      vertex 35.7009 -27.3943 14
      vertex 31.2581 -23.9852 14
      vertex 33.8328 -29.6706 14
    endloop
  endfacet
  facet normal -0 0 1
    outer loop
      vertex 29.6225 -25.9782 14
      vertex 33.8328 -29.6706 14
      vertex 31.2581 -23.9852 14
    endloop
  endfacet
  facet normal 0 0 1
    outer loop
      vertex 33.8328 -29.6706 14
      vertex 29.6225 -25.9782 14
      vertex 31.8198 -31.8198 14
    endloop
  endfacet
  facet normal -0 0 1
    outer loop
      vertex 27.86 -27.86 14
      vertex 31.8198 -31.8198 14
      vertex 29.6225 -25.9782 14
    endloop
  endfacet
  facet normal 0 0 1
    outer loop
      vertex 31.8198 -31.8198 14
      vertex 27.86 -27.86 14
      vertex 29.6706 -33.8328 14
    endloop
  endfacet
  facet normal -0 0 1
    outer loop
      vertex 25.9782 -29.6225 14
      vertex 29.6706 -33.8328 14
      vertex 27.86 -27.86 14
    endloop
  endfacet
  facet normal 0 0 1
    outer loop
      vertex 29.6706 -33.8328 14
      vertex 25.9782 -29.6225 14
      vertex 27.3943 -35.7009 14
    endloop
  endfacet
  facet normal -0 0 1
    outer loop
      vertex 23.9852 -31.2581 14
      vertex 27.3943 -35.7009 14
      vertex 25.9782 -29.6225 14
    endloop
  endfacet
  facet normal 0 0 1
    outer loop
      vertex 27.3943 -35.7009 14
      vertex 23.9852 -31.2581 14
      vertex 25.0007 -37.4161 14
    endloop
  endfacet
  facet normal -0 0 1
    outer loop
      vertex 21.8895 -32.7599 14
      vertex 25.0007 -37.4161 14
      vertex 23.9852 -31.2581 14
    endloop
  endfacet
  facet normal 0 0 1
    outer loop
      vertex 25.0007 -37.4161 14
      vertex 21.8895 -32.7599 14
      vertex 22.5 -38.9711 14
    endloop
  endfacet
  facet normal -0 0 1
    outer loop
      vertex 19.7 -34.1214 14
      vertex 22.5 -38.9711 14
      vertex 21.8895 -32.7599 14
    endloop
  endfacet
  facet normal 0 0 1
    outer loop
      vertex 22.5 -38.9711 14
      vertex 19.7 -34.1214 14
      vertex 19.903 -40.3593 14
    endloop
  endfacet
  facet normal -0 0 1
    outer loop
      vertex 17.4262 -35.3368 14
      vertex 19.903 -40.3593 14
      vertex 19.7 -34.1214 14
    endloop
  endfacet
  facet normal 0 0 1
    outer loop
      vertex 17.4262 -35.3368 14
      vertex 17.2208 -41.5746 14
      vertex 19.903 -40.3593 14
    endloop
  endfacet
  facet normal -0 0 1
    outer loop
      vertex 15.0777 -36.4009 14
      vertex 17.2208 -41.5746 14
      vertex 17.4262 -35.3368 14
    endloop
  endfacet
  facet normal 0 0 1
    outer loop
      vertex 15.0777 -36.4009 14
      vertex 14.4648 -42.6119 14
      vertex 17.2208 -41.5746 14
    endloop
  endfacet
  facet normal -0 0 1
    outer loop
      vertex 12.6647 -37.309 14
      vertex 14.4648 -42.6119 14
      vertex 15.0777 -36.4009 14
    endloop
  endfacet
  facet normal 0 0 1
    outer loop
      vertex 12.6647 -37.309 14
      vertex 11.6469 -43.4667 14
      vertex 14.4648 -42.6119 14
    endloop
  endfacet
  facet normal -0 0 1
    outer loop
      vertex 10.1975 -38.0575 14
      vertex 11.6469 -43.4667 14
      vertex 12.6647 -37.309 14
    endloop
  endfacet
  facet normal 0 0 1
    outer loop
      vertex 10.1975 -38.0575 14
      vertex 8.77906 -44.1353 14
      vertex 11.6469 -43.4667 14
    endloop
  endfacet
  facet normal -0 0 1
    outer loop
      vertex 7.68656 -38.6429 14
      vertex 8.77906 -44.1353 14
      vertex 10.1975 -38.0575 14
    endloop
  endfacet
  facet normal 0 0 1
    outer loop
      vertex 7.68656 -38.6429 14
      vertex 5.87368 -44.615 14
      vertex 8.77906 -44.1353 14
    endloop
  endfacet
  facet normal -0 0 1
    outer loop
      vertex 5.14273 -39.0629 14
      vertex 5.87368 -44.615 14
      vertex 7.68656 -38.6429 14
    endloop
  endfacet
  facet normal 0 0 1
    outer loop
      vertex 5.14273 -39.0629 14
      vertex 2.94314 -44.9037 14
      vertex 5.87368 -44.615 14
    endloop
  endfacet
  facet normal -0 0 1
    outer loop
      vertex 2.57688 -39.3156 14
      vertex 2.94314 -44.9037 14
      vertex 5.14273 -39.0629 14
    endloop
  endfacet
  facet normal -0 0 1
    outer loop
      vertex 0 -39.4 14
      vertex 2.94314 -44.9037 14
      vertex 2.57688 -39.3156 14
    endloop
  endfacet
  facet normal 0 0 1
    outer loop
      vertex 0 -39.4 14
      vertex 0 -45 14
      vertex 2.94314 -44.9037 14
    endloop
  endfacet
  facet normal 0 0 1
    outer loop
      vertex -2.57688 -39.3156 14
      vertex 0 -45 14
      vertex 0 -39.4 14
    endloop
  endfacet
  facet normal 0 0 1
    outer loop
      vertex -2.57688 -39.3156 14
      vertex -2.94314 -44.9037 14
      vertex 0 -45 14
    endloop
  endfacet
  facet normal 0 0 1
    outer loop
      vertex -5.14273 -39.0629 14
      vertex -2.94314 -44.9037 14
      vertex -2.57688 -39.3156 14
    endloop
  endfacet
  facet normal 0 0 1
    outer loop
      vertex -5.14273 -39.0629 14
      vertex -5.87368 -44.615 14
      vertex -2.94314 -44.9037 14
    endloop
  endfacet
  facet normal 0 0 1
    outer loop
      vertex -7.68656 -38.6429 14
      vertex -5.87368 -44.615 14
      vertex -5.14273 -39.0629 14
    endloop
  endfacet
  facet normal 0 0 1
    outer loop
      vertex -7.68656 -38.6429 14
      vertex -8.77906 -44.1353 14
      vertex -5.87368 -44.615 14
    endloop
  endfacet
  facet normal 0 0 1
    outer loop
      vertex -10.1975 -38.0575 14
      vertex -8.77906 -44.1353 14
      vertex -7.68656 -38.6429 14
    endloop
  endfacet
  facet normal 0 0 1
    outer loop
      vertex -10.1975 -38.0575 14
      vertex -11.6469 -43.4667 14
      vertex -8.77906 -44.1353 14
    endloop
  endfacet
  facet normal 0 0 1
    outer loop
      vertex -12.6647 -37.309 14
      vertex -11.6469 -43.4667 14
      vertex -10.1975 -38.0575 14
    endloop
  endfacet
  facet normal 0 0 1
    outer loop
      vertex -12.6647 -37.309 14
      vertex -14.4648 -42.6119 14
      vertex -11.6469 -43.4667 14
    endloop
  endfacet
  facet normal 0 0 1
    outer loop
      vertex -15.0777 -36.4009 14
      vertex -14.4648 -42.6119 14
      vertex -12.6647 -37.309 14
    endloop
  endfacet
  facet normal 0 0 1
    outer loop
      vertex -15.0777 -36.4009 14
      vertex -17.2208 -41.5746 14
      vertex -14.4648 -42.6119 14
    endloop
  endfacet
  facet normal 0 0 1
    outer loop
      vertex -17.4262 -35.3368 14
      vertex -17.2208 -41.5746 14
      vertex -15.0777 -36.4009 14
    endloop
  endfacet
  facet normal 0 0 1
    outer loop
      vertex -19.903 -40.3593 14
      vertex -17.4262 -35.3368 14
      vertex -19.7 -34.1214 14
    endloop
  endfacet
  facet normal 0 0 1
    outer loop
      vertex -17.4262 -35.3368 14
      vertex -19.903 -40.3593 14
      vertex -17.2208 -41.5746 14
    endloop
  endfacet
  facet normal 0 0 1
    outer loop
      vertex -22.5 -38.9711 14
      vertex -19.7 -34.1214 14
      vertex -21.8895 -32.7599 14
    endloop
  endfacet
  facet normal 0 0 1
    outer loop
      vertex -19.7 -34.1214 14
      vertex -22.5 -38.9711 14
      vertex -19.903 -40.3593 14
    endloop
  endfacet
  facet normal 0 0 1
    outer loop
      vertex -25.0007 -37.4161 14
      vertex -21.8895 -32.7599 14
      vertex -23.9852 -31.2581 14
    endloop
  endfacet
  facet normal 0 0 1
    outer loop
      vertex -21.8895 -32.7599 14
      vertex -25.0007 -37.4161 14
      vertex -22.5 -38.9711 14
    endloop
  endfacet
  facet normal 0 0 1
    outer loop
      vertex -27.3943 -35.7009 14
      vertex -23.9852 -31.2581 14
      vertex -25.9782 -29.6225 14
    endloop
  endfacet
  facet normal 0 0 1
    outer loop
      vertex -23.9852 -31.2581 14
      vertex -27.3943 -35.7009 14
      vertex -25.0007 -37.4161 14
    endloop
  endfacet
  facet normal 0 0 1
    outer loop
      vertex -29.6706 -33.8328 14
      vertex -25.9782 -29.6225 14
      vertex -27.86 -27.86 14
    endloop
  endfacet
  facet normal 0 0 1
    outer loop
      vertex -31.8198 -31.8198 14
      vertex -27.86 -27.86 14
      vertex -29.6225 -25.9782 14
    endloop
  endfacet
  facet normal 0 0 1
    outer loop
      vertex -25.9782 -29.6225 14
      vertex -29.6706 -33.8328 14
      vertex -27.3943 -35.7009 14
    endloop
  endfacet
  facet normal 0 0 1
    outer loop
      vertex -33.8328 -29.6706 14
      vertex -29.6225 -25.9782 14
      vertex -31.2581 -23.9852 14
    endloop
  endfacet
  facet normal 0 0 1
    outer loop
      vertex -27.86 -27.86 14
      vertex -31.8198 -31.8198 14
      vertex -29.6706 -33.8328 14
    endloop
  endfacet
  facet normal 0 0 1
    outer loop
      vertex -35.7009 -27.3943 14
      vertex -31.2581 -23.9852 14
      vertex -32.7599 -21.8895 14
    endloop
  endfacet
  facet normal 0 0 1
    outer loop
      vertex -29.6225 -25.9782 14
      vertex -33.8328 -29.6706 14
      vertex -31.8198 -31.8198 14
    endloop
  endfacet
  facet normal 0 0 1
    outer loop
      vertex -37.4161 -25.0007 14
      vertex -32.7599 -21.8895 14
      vertex -34.1214 -19.7 14
    endloop
  endfacet
  facet normal 0 0 1
    outer loop
      vertex -38.9711 -22.5 14
      vertex -34.1214 -19.7 14
      vertex -35.3368 -17.4262 14
    endloop
  endfacet
  facet normal 0 0 1
    outer loop
      vertex -31.2581 -23.9852 14
      vertex -35.7009 -27.3943 14
      vertex -33.8328 -29.6706 14
    endloop
  endfacet
  facet normal 0 0 1
    outer loop
      vertex -40.3593 -19.903 14
      vertex -35.3368 -17.4262 14
      vertex -36.4009 -15.0777 14
    endloop
  endfacet
  facet normal 0 0 1
    outer loop
      vertex -42.2599 -15.4 14
      vertex -36.4009 -15.0777 14
      vertex -37.309 -12.6647 14
    endloop
  endfacet
  facet normal 0 0 1
    outer loop
      vertex -32.7599 -21.8895 14
      vertex -37.4161 -25.0007 14
      vertex -35.7009 -27.3943 14
    endloop
  endfacet
  facet normal -0 0 1
    outer loop
      vertex -41.99 -12.4 14
      vertex -37.309 -12.6647 14
      vertex -38.0575 -10.1975 14
    endloop
  endfacet
  facet normal 0 0 1
    outer loop
      vertex -41.99 -12.4 14
      vertex -38.0575 -10.1975 14
      vertex -38.6429 -7.68656 14
    endloop
  endfacet
  facet normal 0 0 1
    outer loop
      vertex -34.1214 -19.7 14
      vertex -38.9711 -22.5 14
      vertex -37.4161 -25.0007 14
    endloop
  endfacet
  facet normal -0 0 1
    outer loop
      vertex -41.99 -5.5 14
      vertex -38.6429 -7.68656 14
      vertex -39.0039 -5.5 14
    endloop
  endfacet
  facet normal 0 0 1
    outer loop
      vertex -35.3368 -17.4262 14
      vertex -40.3593 -19.903 14
      vertex -38.9711 -22.5 14
    endloop
  endfacet
  facet normal 0 0 1
    outer loop
      vertex -37.309 -12.6647 14
      vertex -41.99 -12.4 14
      vertex -42.2599 -15.4 14
    endloop
  endfacet
  facet normal 0 0 1
    outer loop
      vertex -38.6429 -7.68656 14
      vertex -41.99 -5.5 14
      vertex -41.99 -12.4 14
    endloop
  endfacet
  facet normal 0 0 1
    outer loop
      vertex -36.4009 -15.0777 14
      vertex -41.5746 -17.2208 14
      vertex -40.3593 -19.903 14
    endloop
  endfacet
  facet normal 0 0 1
    outer loop
      vertex -36.4009 -15.0777 14
      vertex -42.2599 -15.4 14
      vertex -41.5746 -17.2208 14
    endloop
  endfacet
  facet normal -0 0 1
    outer loop
      vertex -70.621 -14.9422 14
      vertex -42.2599 -15.4 14
      vertex -41.99 -12.4 14
    endloop
  endfacet
  facet normal 0 0 1
    outer loop
      vertex -42.2599 -15.4 14
      vertex -70.621 -14.9422 14
      vertex -70.6 -15.4 14
    endloop
  endfacet
  facet normal 0 0 1
    outer loop
      vertex -41.99 -12.4 14
      vertex -70.6838 -14.4863 14
      vertex -70.621 -14.9422 14
    endloop
  endfacet
  facet normal 0 0 1
    outer loop
      vertex -41.99 -12.4 14
      vertex -70.7883 -14.0344 14
      vertex -70.6838 -14.4863 14
    endloop
  endfacet
  facet normal 0 0 1
    outer loop
      vertex -41.99 -12.4 14
      vertex -70.9339 -13.5883 14
      vertex -70.7883 -14.0344 14
    endloop
  endfacet
  facet normal 0 0 1
    outer loop
      vertex -41.99 -12.4 14
      vertex -71.1201 -13.1499 14
      vertex -70.9339 -13.5883 14
    endloop
  endfacet
  facet normal 0 0 1
    outer loop
      vertex -41.99 -12.4 14
      vertex -71.346 -12.7212 14
      vertex -71.1201 -13.1499 14
    endloop
  endfacet
  facet normal 0 -0 1
    outer loop
      vertex -71.346 -12.7212 14
      vertex -41.99 -12.4 14
      vertex -71.5497 -12.4 14
    endloop
  endfacet
  facet normal -0 0 1
    outer loop
      vertex -107.8 -11.4 14
      vertex -104.8 -12.4 14
      vertex -104.8 -7 14
    endloop
  endfacet
  facet normal 0 0 1
    outer loop
      vertex -104.8 -12.4 14
      vertex -105.086 -15.1877 14
      vertex -104.835 -15.2637 14
    endloop
  endfacet
  facet normal 0 0 1
    outer loop
      vertex -104.8 -12.4 14
      vertex -105.331 -15.0955 14
      vertex -105.086 -15.1877 14
    endloop
  endfacet
  facet normal 0 0 1
    outer loop
      vertex -104.8 -12.4 14
      vertex -105.569 -14.9875 14
      vertex -105.331 -15.0955 14
    endloop
  endfacet
  facet normal 0 0 1
    outer loop
      vertex -104.8 -12.4 14
      vertex -105.8 -14.8641 14
      vertex -105.569 -14.9875 14
    endloop
  endfacet
  facet normal 0 0 1
    outer loop
      vertex -104.8 -12.4 14
      vertex -106.022 -14.7259 14
      vertex -105.8 -14.8641 14
    endloop
  endfacet
  facet normal 0 0 1
    outer loop
      vertex -104.8 -12.4 14
      vertex -106.235 -14.5734 14
      vertex -106.022 -14.7259 14
    endloop
  endfacet
  facet normal 0 0 1
    outer loop
      vertex -104.8 -12.4 14
      vertex -106.437 -14.4074 14
      vertex -106.235 -14.5734 14
    endloop
  endfacet
  facet normal 0 0 1
    outer loop
      vertex -104.8 -12.4 14
      vertex -106.628 -14.2284 14
      vertex -106.437 -14.4074 14
    endloop
  endfacet
  facet normal 0 0 1
    outer loop
      vertex -104.8 -12.4 14
      vertex -106.807 -14.0374 14
      vertex -106.628 -14.2284 14
    endloop
  endfacet
  facet normal 0 0 1
    outer loop
      vertex -104.8 -12.4 14
      vertex -106.973 -13.835 14
      vertex -106.807 -14.0374 14
    endloop
  endfacet
  facet normal 0 0 1
    outer loop
      vertex -104.8 -12.4 14
      vertex -107.126 -13.6223 14
      vertex -106.973 -13.835 14
    endloop
  endfacet
  facet normal 0 0 1
    outer loop
      vertex -104.8 -12.4 14
      vertex -107.264 -13.4 14
      vertex -107.126 -13.6223 14
    endloop
  endfacet
  facet normal 0 0 1
    outer loop
      vertex -104.8 -12.4 14
      vertex -107.387 -13.1692 14
      vertex -107.264 -13.4 14
    endloop
  endfacet
  facet normal 0 0 1
    outer loop
      vertex -104.8 -12.4 14
      vertex -107.496 -12.9307 14
      vertex -107.387 -13.1692 14
    endloop
  endfacet
  facet normal 0 0 1
    outer loop
      vertex -104.8 -12.4 14
      vertex -107.588 -12.6858 14
      vertex -107.496 -12.9307 14
    endloop
  endfacet
  facet normal 0 0 1
    outer loop
      vertex -104.8 -12.4 14
      vertex -107.664 -12.4353 14
      vertex -107.588 -12.6858 14
    endloop
  endfacet
  facet normal 0 0 1
    outer loop
      vertex -104.8 -12.4 14
      vertex -107.723 -12.1804 14
      vertex -107.664 -12.4353 14
    endloop
  endfacet
  facet normal 0 0 1
    outer loop
      vertex -104.8 -12.4 14
      vertex -107.766 -11.9221 14
      vertex -107.723 -12.1804 14
    endloop
  endfacet
  facet normal 0 0 1
    outer loop
      vertex -104.8 -12.4 14
      vertex -107.791 -11.6616 14
      vertex -107.766 -11.9221 14
    endloop
  endfacet
  facet normal 0 0 1
    outer loop
      vertex -107.8 -11.4 14
      vertex -104.8 -7 14
      vertex -107.8 -7 14
    endloop
  endfacet
  facet normal 0 0 1
    outer loop
      vertex -104.8 -12.4 14
      vertex -107.8 -11.4 14
      vertex -107.791 -11.6616 14
    endloop
  endfacet
  facet normal 0 0 1
    outer loop
      vertex -90.179 -14.9422 14
      vertex -103.8 -15.4 14
      vertex -90.2 -15.4 14
    endloop
  endfacet
  facet normal 0 0 1
    outer loop
      vertex -90.1162 -14.4863 14
      vertex -103.8 -15.4 14
      vertex -90.179 -14.9422 14
    endloop
  endfacet
  facet normal 0 0 1
    outer loop
      vertex -90.0117 -14.0344 14
      vertex -103.8 -15.4 14
      vertex -90.1162 -14.4863 14
    endloop
  endfacet
  facet normal 0 0 1
    outer loop
      vertex -104.8 -12.4 14
      vertex -90.0117 -14.0344 14
      vertex -89.8661 -13.5883 14
    endloop
  endfacet
  facet normal 0 0 1
    outer loop
      vertex -104.8 -12.4 14
      vertex -89.8661 -13.5883 14
      vertex -89.6799 -13.1499 14
    endloop
  endfacet
  facet normal 0 0 1
    outer loop
      vertex -104.8 -12.4 14
      vertex -89.6799 -13.1499 14
      vertex -89.454 -12.7212 14
    endloop
  endfacet
  facet normal -0 0 1
    outer loop
      vertex -104.8 -12.4 14
      vertex -89.454 -12.7212 14
      vertex -89.2503 -12.4 14
    endloop
  endfacet
  facet normal 0 0 1
    outer loop
      vertex -90.0117 -14.0344 14
      vertex -104.8 -12.4 14
      vertex -103.8 -15.4 14
    endloop
  endfacet
  facet normal 0 0 1
    outer loop
      vertex -103.8 -15.4 14
      vertex -104.8 -12.4 14
      vertex -104.062 -15.3914 14
    endloop
  endfacet
  facet normal 0 0 1
    outer loop
      vertex -104.062 -15.3914 14
      vertex -104.8 -12.4 14
      vertex -104.322 -15.3658 14
    endloop
  endfacet
  facet normal 0 0 1
    outer loop
      vertex -104.322 -15.3658 14
      vertex -104.8 -12.4 14
      vertex -104.58 -15.3231 14
    endloop
  endfacet
  facet normal 0 0 1
    outer loop
      vertex -104.58 -15.3231 14
      vertex -104.8 -12.4 14
      vertex -104.835 -15.2637 14
    endloop
  endfacet
  facet normal -0 0 1
    outer loop
      vertex -103.8 15.4 14
      vertex -90.179 14.9422 14
      vertex -90.2 15.4 14
    endloop
  endfacet
  facet normal 0 0 1
    outer loop
      vertex -103.8 15.4 14
      vertex -90.1162 14.4863 14
      vertex -90.179 14.9422 14
    endloop
  endfacet
  facet normal 0 0 1
    outer loop
      vertex -103.8 15.4 14
      vertex -90.0117 14.0344 14
      vertex -90.1162 14.4863 14
    endloop
  endfacet
  facet normal 0 0 1
    outer loop
      vertex -104.8 12.4 14
      vertex -90.0117 14.0344 14
      vertex -103.8 15.4 14
    endloop
  endfacet
  facet normal 0 0 1
    outer loop
      vertex -90.0117 14.0344 14
      vertex -104.8 12.4 14
      vertex -89.8661 13.5883 14
    endloop
  endfacet
  facet normal 0 0 1
    outer loop
      vertex -89.8661 13.5883 14
      vertex -104.8 12.4 14
      vertex -89.6799 13.1499 14
    endloop
  endfacet
  facet normal 0 0 1
    outer loop
      vertex -89.6799 13.1499 14
      vertex -104.8 12.4 14
      vertex -89.454 12.7212 14
    endloop
  endfacet
  facet normal 0 0 1
    outer loop
      vertex -104.8 12.4 14
      vertex -103.8 15.4 14
      vertex -104.062 15.3914 14
    endloop
  endfacet
  facet normal 0 0 1
    outer loop
      vertex -104.8 12.4 14
      vertex -104.062 15.3914 14
      vertex -104.322 15.3658 14
    endloop
  endfacet
  facet normal 0 0 1
    outer loop
      vertex -104.8 12.4 14
      vertex -104.322 15.3658 14
      vertex -104.58 15.3231 14
    endloop
  endfacet
  facet normal 0 0 1
    outer loop
      vertex -89.454 12.7212 14
      vertex -104.8 12.4 14
      vertex -89.2503 12.4 14
    endloop
  endfacet
  facet normal -0 0 1
    outer loop
      vertex -104.835 15.2637 14
      vertex -104.8 12.4 14
      vertex -104.58 15.3231 14
    endloop
  endfacet
  facet normal -0 0 1
    outer loop
      vertex -105.086 15.1877 14
      vertex -104.8 12.4 14
      vertex -104.835 15.2637 14
    endloop
  endfacet
  facet normal -0 0 1
    outer loop
      vertex -105.331 15.0955 14
      vertex -104.8 12.4 14
      vertex -105.086 15.1877 14
    endloop
  endfacet
  facet normal -0 0 1
    outer loop
      vertex -105.569 14.9875 14
      vertex -104.8 12.4 14
      vertex -105.331 15.0955 14
    endloop
  endfacet
  facet normal -0 0 1
    outer loop
      vertex -105.8 14.8641 14
      vertex -104.8 12.4 14
      vertex -105.569 14.9875 14
    endloop
  endfacet
  facet normal -0 0 1
    outer loop
      vertex -106.022 14.7259 14
      vertex -104.8 12.4 14
      vertex -105.8 14.8641 14
    endloop
  endfacet
  facet normal -0 0 1
    outer loop
      vertex -106.235 14.5734 14
      vertex -104.8 12.4 14
      vertex -106.022 14.7259 14
    endloop
  endfacet
  facet normal -0 0 1
    outer loop
      vertex -106.437 14.4074 14
      vertex -104.8 12.4 14
      vertex -106.235 14.5734 14
    endloop
  endfacet
  facet normal -0 0 1
    outer loop
      vertex -106.628 14.2284 14
      vertex -104.8 12.4 14
      vertex -106.437 14.4074 14
    endloop
  endfacet
  facet normal -0 0 1
    outer loop
      vertex -106.807 14.0374 14
      vertex -104.8 12.4 14
      vertex -106.628 14.2284 14
    endloop
  endfacet
  facet normal -0 0 1
    outer loop
      vertex -106.973 13.835 14
      vertex -104.8 12.4 14
      vertex -106.807 14.0374 14
    endloop
  endfacet
  facet normal -0 0 1
    outer loop
      vertex -107.126 13.6223 14
      vertex -104.8 12.4 14
      vertex -106.973 13.835 14
    endloop
  endfacet
  facet normal -0 0 1
    outer loop
      vertex -107.264 13.4 14
      vertex -104.8 12.4 14
      vertex -107.126 13.6223 14
    endloop
  endfacet
  facet normal -0 0 1
    outer loop
      vertex -107.387 13.1692 14
      vertex -104.8 12.4 14
      vertex -107.264 13.4 14
    endloop
  endfacet
  facet normal -0 0 1
    outer loop
      vertex -107.496 12.9307 14
      vertex -104.8 12.4 14
      vertex -107.387 13.1692 14
    endloop
  endfacet
  facet normal -0 0 1
    outer loop
      vertex -107.588 12.6858 14
      vertex -104.8 12.4 14
      vertex -107.496 12.9307 14
    endloop
  endfacet
  facet normal -0 0 1
    outer loop
      vertex -107.664 12.4353 14
      vertex -104.8 12.4 14
      vertex -107.588 12.6858 14
    endloop
  endfacet
  facet normal 0 0 1
    outer loop
      vertex -107.723 12.1804 14
      vertex -104.8 12.4 14
      vertex -107.664 12.4353 14
    endloop
  endfacet
  facet normal 0 0 1
    outer loop
      vertex -107.766 11.9221 14
      vertex -104.8 12.4 14
      vertex -107.723 12.1804 14
    endloop
  endfacet
  facet normal 0 0 1
    outer loop
      vertex -107.791 11.6616 14
      vertex -104.8 12.4 14
      vertex -107.766 11.9221 14
    endloop
  endfacet
  facet normal 0 0 1
    outer loop
      vertex -107.8 11.4 14
      vertex -104.8 12.4 14
      vertex -107.791 11.6616 14
    endloop
  endfacet
  facet normal 0 0 1
    outer loop
      vertex -104.8 12.4 14
      vertex -107.8 11.4 14
      vertex -104.8 7 14
    endloop
  endfacet
  facet normal 0 0 1
    outer loop
      vertex -104.8 7 14
      vertex -107.8 11.4 14
      vertex -107.8 7 14
    endloop
  endfacet
  facet normal -0.812851 0.582471 0
    outer loop
      vertex -37.4161 25.0007 0
      vertex -35.7009 27.3943 14
      vertex -35.7009 27.3943 0
    endloop
  endfacet
  facet normal -0.812851 0.582471 0
    outer loop
      vertex -35.7009 27.3943 14
      vertex -37.4161 25.0007 0
      vertex -37.4161 25.0007 14
    endloop
  endfacet
  facet normal -0.910862 0.41271 0
    outer loop
      vertex -41.5746 17.2208 0
      vertex -40.3593 19.903 14
      vertex -40.3593 19.903 0
    endloop
  endfacet
  facet normal -0.910862 0.41271 0
    outer loop
      vertex -40.3593 19.903 14
      vertex -41.5746 17.2208 0
      vertex -41.5746 17.2208 14
    endloop
  endfacet
  facet normal -0.634391 0.773012 0
    outer loop
      vertex -27.3943 35.7009 0
      vertex -29.6706 33.8328 14
      vertex -27.3943 35.7009 14
    endloop
  endfacet
  facet normal -0.634391 0.773012 0
    outer loop
      vertex -29.6706 33.8328 14
      vertex -27.3943 35.7009 0
      vertex -29.6706 33.8328 0
    endloop
  endfacet
  facet normal -0.935906 -0.35225 0
    outer loop
      vertex -41.5746 -17.2208 0
      vertex -42.2599 -15.4 14
      vertex -42.2599 -15.4 0
    endloop
  endfacet
  facet normal -0.935906 -0.35225 0
    outer loop
      vertex -42.2599 -15.4 14
      vertex -41.5746 -17.2208 0
      vertex -41.5746 -17.2208 14
    endloop
  endfacet
  facet normal 0 0 -1
    outer loop
      vertex -91.8607 1.06066 0
      vertex -95.7393 1.06066 0
      vertex -91.8607 4.93934 0
    endloop
  endfacet
  facet normal 0 0 -1
    outer loop
      vertex -91.8607 4.93934 0
      vertex -95.4142 5.42597 0
      vertex -95.3 6 0
    endloop
  endfacet
  facet normal 0 0 -1
    outer loop
      vertex -95.7393 4.93934 0
      vertex -91.8607 4.93934 0
      vertex -95.7393 1.06066 0
    endloop
  endfacet
  facet normal 0 0 -1
    outer loop
      vertex -91.8607 4.93934 0
      vertex -95.7393 4.93934 0
      vertex -95.4142 5.42597 0
    endloop
  endfacet
  facet normal 0 0 -1
    outer loop
      vertex -96.226 1.38582 0
      vertex -95.7393 4.93934 0
      vertex -95.7393 1.06066 0
    endloop
  endfacet
  facet normal 0 0 -1
    outer loop
      vertex -96.226 1.38582 0
      vertex -96.226 4.61418 0
      vertex -95.7393 4.93934 0
    endloop
  endfacet
  facet normal 0 0 -1
    outer loop
      vertex -96.8 1.5 0
      vertex -96.226 4.61418 0
      vertex -96.226 1.38582 0
    endloop
  endfacet
  facet normal 0 0 -1
    outer loop
      vertex -96.8 1.5 0
      vertex -96.8 4.5 0
      vertex -96.226 4.61418 0
    endloop
  endfacet
  facet normal 0 0 -1
    outer loop
      vertex -97.374 1.38582 0
      vertex -96.8 4.5 0
      vertex -96.8 1.5 0
    endloop
  endfacet
  facet normal 0 0 -1
    outer loop
      vertex -97.374 1.38582 0
      vertex -97.374 4.61418 0
      vertex -96.8 4.5 0
    endloop
  endfacet
  facet normal 0 0 -1
    outer loop
      vertex -97.8607 1.06066 0
      vertex -97.374 4.61418 0
      vertex -97.374 1.38582 0
    endloop
  endfacet
  facet normal 0 0 -1
    outer loop
      vertex -97.8607 1.06066 0
      vertex -97.8607 4.93934 0
      vertex -97.374 4.61418 0
    endloop
  endfacet
  facet normal 0 0 -1
    outer loop
      vertex -98.1858 0.574024 0
      vertex -97.8607 4.93934 0
      vertex -97.8607 1.06066 0
    endloop
  endfacet
  facet normal 0 0 -1
    outer loop
      vertex -98.1858 0.574024 0
      vertex -98.1858 5.42597 0
      vertex -97.8607 4.93934 0
    endloop
  endfacet
  facet normal 0 0 -1
    outer loop
      vertex -107.8 11.4 0
      vertex -98.1858 0.574024 0
      vertex -98.3 0 0
    endloop
  endfacet
  facet normal 0 0 -1
    outer loop
      vertex -98.1858 0.574024 0
      vertex -107.8 11.4 0
      vertex -98.1858 5.42597 0
    endloop
  endfacet
  facet normal 0 0 -1
    outer loop
      vertex -91.8607 -4.93934 0
      vertex -95.7393 -4.93934 0
      vertex -91.8607 -1.06066 0
    endloop
  endfacet
  facet normal 0 0 -1
    outer loop
      vertex -91.8607 -1.06066 0
      vertex -95.4142 -0.574024 0
      vertex -95.3 0 0
    endloop
  endfacet
  facet normal 0 0 -1
    outer loop
      vertex -95.7393 -1.06066 0
      vertex -91.8607 -1.06066 0
      vertex -95.7393 -4.93934 0
    endloop
  endfacet
  facet normal 0 0 -1
    outer loop
      vertex -91.8607 -1.06066 0
      vertex -95.7393 -1.06066 0
      vertex -95.4142 -0.574024 0
    endloop
  endfacet
  facet normal 0 0 -1
    outer loop
      vertex -96.226 -4.61418 0
      vertex -95.7393 -1.06066 0
      vertex -95.7393 -4.93934 0
    endloop
  endfacet
  facet normal 0 0 -1
    outer loop
      vertex -96.226 -4.61418 0
      vertex -96.226 -1.38582 0
      vertex -95.7393 -1.06066 0
    endloop
  endfacet
  facet normal 0 0 -1
    outer loop
      vertex -96.8 -4.5 0
      vertex -96.226 -1.38582 0
      vertex -96.226 -4.61418 0
    endloop
  endfacet
  facet normal 0 0 -1
    outer loop
      vertex -96.8 -4.5 0
      vertex -96.8 -1.5 0
      vertex -96.226 -1.38582 0
    endloop
  endfacet
  facet normal 0 0 -1
    outer loop
      vertex -97.374 -4.61418 0
      vertex -96.8 -1.5 0
      vertex -96.8 -4.5 0
    endloop
  endfacet
  facet normal 0 0 -1
    outer loop
      vertex -97.374 -4.61418 0
      vertex -97.374 -1.38582 0
      vertex -96.8 -1.5 0
    endloop
  endfacet
  facet normal 0 0 -1
    outer loop
      vertex -97.8607 -4.93934 0
      vertex -97.374 -1.38582 0
      vertex -97.374 -4.61418 0
    endloop
  endfacet
  facet normal 0 0 -1
    outer loop
      vertex -97.8607 -4.93934 0
      vertex -97.8607 -1.06066 0
      vertex -97.374 -1.38582 0
    endloop
  endfacet
  facet normal 0 0 -1
    outer loop
      vertex -98.1858 -5.42597 0
      vertex -97.8607 -1.06066 0
      vertex -97.8607 -4.93934 0
    endloop
  endfacet
  facet normal 0 0 -1
    outer loop
      vertex -98.1858 -5.42597 0
      vertex -98.1858 -0.574024 0
      vertex -97.8607 -1.06066 0
    endloop
  endfacet
  facet normal 0 0 -1
    outer loop
      vertex -107.8 -11.4 0
      vertex -98.1858 -5.42597 0
      vertex -98.3 -6 0
    endloop
  endfacet
  facet normal -0 0 -1
    outer loop
      vertex -98.1858 -5.42597 0
      vertex -107.8 -11.4 0
      vertex -98.1858 -0.574024 0
    endloop
  endfacet
  facet normal 0 0 -1
    outer loop
      vertex -85.8607 1.06066 0
      vertex -89.7393 1.06066 0
      vertex -85.8607 4.93934 0
    endloop
  endfacet
  facet normal 0 0 -1
    outer loop
      vertex -85.8607 4.93934 0
      vertex -89.4142 5.42597 0
      vertex -89.3 6 0
    endloop
  endfacet
  facet normal 0 0 -1
    outer loop
      vertex -89.7393 4.93934 0
      vertex -85.8607 4.93934 0
      vertex -89.7393 1.06066 0
    endloop
  endfacet
  facet normal 0 0 -1
    outer loop
      vertex -85.8607 4.93934 0
      vertex -89.7393 4.93934 0
      vertex -89.4142 5.42597 0
    endloop
  endfacet
  facet normal 0 0 -1
    outer loop
      vertex -90.226 1.38582 0
      vertex -89.7393 4.93934 0
      vertex -89.7393 1.06066 0
    endloop
  endfacet
  facet normal 0 0 -1
    outer loop
      vertex -90.226 1.38582 0
      vertex -90.226 4.61418 0
      vertex -89.7393 4.93934 0
    endloop
  endfacet
  facet normal 0 0 -1
    outer loop
      vertex -90.8 1.5 0
      vertex -90.226 4.61418 0
      vertex -90.226 1.38582 0
    endloop
  endfacet
  facet normal 0 0 -1
    outer loop
      vertex -90.8 1.5 0
      vertex -90.8 4.5 0
      vertex -90.226 4.61418 0
    endloop
  endfacet
  facet normal 0 0 -1
    outer loop
      vertex -91.374 1.38582 0
      vertex -90.8 4.5 0
      vertex -90.8 1.5 0
    endloop
  endfacet
  facet normal 0 0 -1
    outer loop
      vertex -91.374 1.38582 0
      vertex -91.374 4.61418 0
      vertex -90.8 4.5 0
    endloop
  endfacet
  facet normal 0 0 -1
    outer loop
      vertex -91.8607 1.06066 0
      vertex -91.374 4.61418 0
      vertex -91.374 1.38582 0
    endloop
  endfacet
  facet normal 0 0 -1
    outer loop
      vertex -91.8607 1.06066 0
      vertex -91.8607 4.93934 0
      vertex -91.374 4.61418 0
    endloop
  endfacet
  facet normal 0 0 -1
    outer loop
      vertex -95.4142 0.574024 0
      vertex -92.1858 0.574024 0
      vertex -95.3 0 0
    endloop
  endfacet
  facet normal 0 0 -1
    outer loop
      vertex -92.1858 0.574024 0
      vertex -95.4142 0.574024 0
      vertex -91.8607 1.06066 0
    endloop
  endfacet
  facet normal 0 0 -1
    outer loop
      vertex -95.3 0 0
      vertex -92.1858 0.574024 0
      vertex -92.3 0 0
    endloop
  endfacet
  facet normal 0 0 -1
    outer loop
      vertex -95.7393 1.06066 0
      vertex -91.8607 1.06066 0
      vertex -95.4142 0.574024 0
    endloop
  endfacet
  facet normal 0 0 -1
    outer loop
      vertex -85.8607 -4.93934 0
      vertex -89.7393 -4.93934 0
      vertex -85.8607 -1.06066 0
    endloop
  endfacet
  facet normal 0 0 -1
    outer loop
      vertex -85.8607 -1.06066 0
      vertex -89.4142 -0.574024 0
      vertex -89.3 0 0
    endloop
  endfacet
  facet normal 0 0 -1
    outer loop
      vertex -89.7393 -1.06066 0
      vertex -85.8607 -1.06066 0
      vertex -89.7393 -4.93934 0
    endloop
  endfacet
  facet normal 0 0 -1
    outer loop
      vertex -85.8607 -1.06066 0
      vertex -89.7393 -1.06066 0
      vertex -89.4142 -0.574024 0
    endloop
  endfacet
  facet normal 0 0 -1
    outer loop
      vertex -90.226 -4.61418 0
      vertex -89.7393 -1.06066 0
      vertex -89.7393 -4.93934 0
    endloop
  endfacet
  facet normal 0 0 -1
    outer loop
      vertex -90.226 -4.61418 0
      vertex -90.226 -1.38582 0
      vertex -89.7393 -1.06066 0
    endloop
  endfacet
  facet normal 0 0 -1
    outer loop
      vertex -90.8 -4.5 0
      vertex -90.226 -1.38582 0
      vertex -90.226 -4.61418 0
    endloop
  endfacet
  facet normal 0 0 -1
    outer loop
      vertex -90.8 -4.5 0
      vertex -90.8 -1.5 0
      vertex -90.226 -1.38582 0
    endloop
  endfacet
  facet normal 0 0 -1
    outer loop
      vertex -91.374 -4.61418 0
      vertex -90.8 -1.5 0
      vertex -90.8 -4.5 0
    endloop
  endfacet
  facet normal 0 0 -1
    outer loop
      vertex -91.374 -4.61418 0
      vertex -91.374 -1.38582 0
      vertex -90.8 -1.5 0
    endloop
  endfacet
  facet normal 0 0 -1
    outer loop
      vertex -91.8607 -4.93934 0
      vertex -91.374 -1.38582 0
      vertex -91.374 -4.61418 0
    endloop
  endfacet
  facet normal 0 0 -1
    outer loop
      vertex -91.8607 -4.93934 0
      vertex -91.8607 -1.06066 0
      vertex -91.374 -1.38582 0
    endloop
  endfacet
  facet normal 0 0 -1
    outer loop
      vertex -95.4142 -5.42597 0
      vertex -92.1858 -5.42597 0
      vertex -95.3 -6 0
    endloop
  endfacet
  facet normal 0 0 -1
    outer loop
      vertex -92.1858 -5.42597 0
      vertex -95.4142 -5.42597 0
      vertex -91.8607 -4.93934 0
    endloop
  endfacet
  facet normal 0 0 -1
    outer loop
      vertex -95.3 -6 0
      vertex -92.1858 -5.42597 0
      vertex -92.3 -6 0
    endloop
  endfacet
  facet normal 0 0 -1
    outer loop
      vertex -95.7393 -4.93934 0
      vertex -91.8607 -4.93934 0
      vertex -95.4142 -5.42597 0
    endloop
  endfacet
  facet normal 0 0 -1
    outer loop
      vertex -79.8607 1.06066 0
      vertex -83.7393 1.06066 0
      vertex -79.8607 4.93934 0
    endloop
  endfacet
  facet normal 0 0 -1
    outer loop
      vertex -79.8607 4.93934 0
      vertex -83.4142 5.42597 0
      vertex -83.3 6 0
    endloop
  endfacet
  facet normal 0 0 -1
    outer loop
      vertex -83.7393 4.93934 0
      vertex -79.8607 4.93934 0
      vertex -83.7393 1.06066 0
    endloop
  endfacet
  facet normal 0 0 -1
    outer loop
      vertex -79.8607 4.93934 0
      vertex -83.7393 4.93934 0
      vertex -83.4142 5.42597 0
    endloop
  endfacet
  facet normal 0 0 -1
    outer loop
      vertex -84.226 1.38582 0
      vertex -83.7393 4.93934 0
      vertex -83.7393 1.06066 0
    endloop
  endfacet
  facet normal 0 0 -1
    outer loop
      vertex -84.226 1.38582 0
      vertex -84.226 4.61418 0
      vertex -83.7393 4.93934 0
    endloop
  endfacet
  facet normal 0 0 -1
    outer loop
      vertex -84.8 1.5 0
      vertex -84.226 4.61418 0
      vertex -84.226 1.38582 0
    endloop
  endfacet
  facet normal 0 0 -1
    outer loop
      vertex -84.8 1.5 0
      vertex -84.8 4.5 0
      vertex -84.226 4.61418 0
    endloop
  endfacet
  facet normal 0 0 -1
    outer loop
      vertex -85.374 1.38582 0
      vertex -84.8 4.5 0
      vertex -84.8 1.5 0
    endloop
  endfacet
  facet normal 0 0 -1
    outer loop
      vertex -85.374 1.38582 0
      vertex -85.374 4.61418 0
      vertex -84.8 4.5 0
    endloop
  endfacet
  facet normal 0 0 -1
    outer loop
      vertex -85.8607 1.06066 0
      vertex -85.374 4.61418 0
      vertex -85.374 1.38582 0
    endloop
  endfacet
  facet normal 0 0 -1
    outer loop
      vertex -85.8607 1.06066 0
      vertex -85.8607 4.93934 0
      vertex -85.374 4.61418 0
    endloop
  endfacet
  facet normal 0 0 -1
    outer loop
      vertex -89.4142 0.574024 0
      vertex -86.1858 0.574024 0
      vertex -89.3 0 0
    endloop
  endfacet
  facet normal 0 0 -1
    outer loop
      vertex -86.1858 0.574024 0
      vertex -89.4142 0.574024 0
      vertex -85.8607 1.06066 0
    endloop
  endfacet
  facet normal 0 0 -1
    outer loop
      vertex -89.3 0 0
      vertex -86.1858 0.574024 0
      vertex -86.3 0 0
    endloop
  endfacet
  facet normal 0 0 -1
    outer loop
      vertex -89.7393 1.06066 0
      vertex -85.8607 1.06066 0
      vertex -89.4142 0.574024 0
    endloop
  endfacet
  facet normal 0 0 -1
    outer loop
      vertex -79.8607 -4.93934 0
      vertex -83.7393 -4.93934 0
      vertex -79.8607 -1.06066 0
    endloop
  endfacet
  facet normal 0 0 -1
    outer loop
      vertex -79.8607 -1.06066 0
      vertex -83.4142 -0.574024 0
      vertex -83.3 0 0
    endloop
  endfacet
  facet normal 0 0 -1
    outer loop
      vertex -83.7393 -1.06066 0
      vertex -79.8607 -1.06066 0
      vertex -83.7393 -4.93934 0
    endloop
  endfacet
  facet normal 0 0 -1
    outer loop
      vertex -79.8607 -1.06066 0
      vertex -83.7393 -1.06066 0
      vertex -83.4142 -0.574024 0
    endloop
  endfacet
  facet normal 0 0 -1
    outer loop
      vertex -84.226 -4.61418 0
      vertex -83.7393 -1.06066 0
      vertex -83.7393 -4.93934 0
    endloop
  endfacet
  facet normal 0 0 -1
    outer loop
      vertex -84.226 -4.61418 0
      vertex -84.226 -1.38582 0
      vertex -83.7393 -1.06066 0
    endloop
  endfacet
  facet normal 0 0 -1
    outer loop
      vertex -84.8 -4.5 0
      vertex -84.226 -1.38582 0
      vertex -84.226 -4.61418 0
    endloop
  endfacet
  facet normal 0 0 -1
    outer loop
      vertex -84.8 -4.5 0
      vertex -84.8 -1.5 0
      vertex -84.226 -1.38582 0
    endloop
  endfacet
  facet normal 0 0 -1
    outer loop
      vertex -85.374 -4.61418 0
      vertex -84.8 -1.5 0
      vertex -84.8 -4.5 0
    endloop
  endfacet
  facet normal 0 0 -1
    outer loop
      vertex -85.374 -4.61418 0
      vertex -85.374 -1.38582 0
      vertex -84.8 -1.5 0
    endloop
  endfacet
  facet normal 0 0 -1
    outer loop
      vertex -85.8607 -4.93934 0
      vertex -85.374 -1.38582 0
      vertex -85.374 -4.61418 0
    endloop
  endfacet
  facet normal 0 0 -1
    outer loop
      vertex -85.8607 -4.93934 0
      vertex -85.8607 -1.06066 0
      vertex -85.374 -1.38582 0
    endloop
  endfacet
  facet normal 0 0 -1
    outer loop
      vertex -89.4142 -5.42597 0
      vertex -86.1858 -5.42597 0
      vertex -89.3 -6 0
    endloop
  endfacet
  facet normal 0 0 -1
    outer loop
      vertex -86.1858 -5.42597 0
      vertex -89.4142 -5.42597 0
      vertex -85.8607 -4.93934 0
    endloop
  endfacet
  facet normal 0 0 -1
    outer loop
      vertex -89.3 -6 0
      vertex -86.1858 -5.42597 0
      vertex -86.3 -6 0
    endloop
  endfacet
  facet normal 0 0 -1
    outer loop
      vertex -89.7393 -4.93934 0
      vertex -85.8607 -4.93934 0
      vertex -89.4142 -5.42597 0
    endloop
  endfacet
  facet normal 0 0 -1
    outer loop
      vertex -73.8607 1.06066 0
      vertex -77.7393 1.06066 0
      vertex -73.8607 4.93934 0
    endloop
  endfacet
  facet normal 0 0 -1
    outer loop
      vertex -73.8607 4.93934 0
      vertex -77.4142 5.42597 0
      vertex -77.3 6 0
    endloop
  endfacet
  facet normal 0 0 -1
    outer loop
      vertex -77.7393 4.93934 0
      vertex -73.8607 4.93934 0
      vertex -77.7393 1.06066 0
    endloop
  endfacet
  facet normal 0 0 -1
    outer loop
      vertex -73.8607 4.93934 0
      vertex -77.7393 4.93934 0
      vertex -77.4142 5.42597 0
    endloop
  endfacet
  facet normal 0 0 -1
    outer loop
      vertex -78.226 1.38582 0
      vertex -77.7393 4.93934 0
      vertex -77.7393 1.06066 0
    endloop
  endfacet
  facet normal 0 0 -1
    outer loop
      vertex -78.226 1.38582 0
      vertex -78.226 4.61418 0
      vertex -77.7393 4.93934 0
    endloop
  endfacet
  facet normal 0 0 -1
    outer loop
      vertex -78.8 1.5 0
      vertex -78.226 4.61418 0
      vertex -78.226 1.38582 0
    endloop
  endfacet
  facet normal 0 0 -1
    outer loop
      vertex -78.8 1.5 0
      vertex -78.8 4.5 0
      vertex -78.226 4.61418 0
    endloop
  endfacet
  facet normal 0 0 -1
    outer loop
      vertex -79.374 1.38582 0
      vertex -78.8 4.5 0
      vertex -78.8 1.5 0
    endloop
  endfacet
  facet normal 0 0 -1
    outer loop
      vertex -79.374 1.38582 0
      vertex -79.374 4.61418 0
      vertex -78.8 4.5 0
    endloop
  endfacet
  facet normal 0 0 -1
    outer loop
      vertex -79.8607 1.06066 0
      vertex -79.374 4.61418 0
      vertex -79.374 1.38582 0
    endloop
  endfacet
  facet normal 0 0 -1
    outer loop
      vertex -79.8607 1.06066 0
      vertex -79.8607 4.93934 0
      vertex -79.374 4.61418 0
    endloop
  endfacet
  facet normal 0 0 -1
    outer loop
      vertex -83.4142 0.574024 0
      vertex -80.1858 0.574024 0
      vertex -83.3 0 0
    endloop
  endfacet
  facet normal 0 0 -1
    outer loop
      vertex -80.1858 0.574024 0
      vertex -83.4142 0.574024 0
      vertex -79.8607 1.06066 0
    endloop
  endfacet
  facet normal 0 0 -1
    outer loop
      vertex -83.3 0 0
      vertex -80.1858 0.574024 0
      vertex -80.3 0 0
    endloop
  endfacet
  facet normal 0 0 -1
    outer loop
      vertex -83.7393 1.06066 0
      vertex -79.8607 1.06066 0
      vertex -83.4142 0.574024 0
    endloop
  endfacet
  facet normal 0 0 -1
    outer loop
      vertex -73.8607 -4.93934 0
      vertex -77.7393 -4.93934 0
      vertex -73.8607 -1.06066 0
    endloop
  endfacet
  facet normal 0 0 -1
    outer loop
      vertex -73.8607 -1.06066 0
      vertex -77.4142 -0.574024 0
      vertex -77.3 0 0
    endloop
  endfacet
  facet normal 0 0 -1
    outer loop
      vertex -77.7393 -1.06066 0
      vertex -73.8607 -1.06066 0
      vertex -77.7393 -4.93934 0
    endloop
  endfacet
  facet normal 0 0 -1
    outer loop
      vertex -73.8607 -1.06066 0
      vertex -77.7393 -1.06066 0
      vertex -77.4142 -0.574024 0
    endloop
  endfacet
  facet normal 0 0 -1
    outer loop
      vertex -78.226 -4.61418 0
      vertex -77.7393 -1.06066 0
      vertex -77.7393 -4.93934 0
    endloop
  endfacet
  facet normal 0 0 -1
    outer loop
      vertex -78.226 -4.61418 0
      vertex -78.226 -1.38582 0
      vertex -77.7393 -1.06066 0
    endloop
  endfacet
  facet normal 0 0 -1
    outer loop
      vertex -78.8 -4.5 0
      vertex -78.226 -1.38582 0
      vertex -78.226 -4.61418 0
    endloop
  endfacet
  facet normal 0 0 -1
    outer loop
      vertex -78.8 -4.5 0
      vertex -78.8 -1.5 0
      vertex -78.226 -1.38582 0
    endloop
  endfacet
  facet normal 0 0 -1
    outer loop
      vertex -79.374 -4.61418 0
      vertex -78.8 -1.5 0
      vertex -78.8 -4.5 0
    endloop
  endfacet
  facet normal 0 0 -1
    outer loop
      vertex -79.374 -4.61418 0
      vertex -79.374 -1.38582 0
      vertex -78.8 -1.5 0
    endloop
  endfacet
  facet normal 0 0 -1
    outer loop
      vertex -79.8607 -4.93934 0
      vertex -79.374 -1.38582 0
      vertex -79.374 -4.61418 0
    endloop
  endfacet
  facet normal 0 0 -1
    outer loop
      vertex -79.8607 -4.93934 0
      vertex -79.8607 -1.06066 0
      vertex -79.374 -1.38582 0
    endloop
  endfacet
  facet normal 0 0 -1
    outer loop
      vertex -83.4142 -5.42597 0
      vertex -80.1858 -5.42597 0
      vertex -83.3 -6 0
    endloop
  endfacet
  facet normal 0 0 -1
    outer loop
      vertex -80.1858 -5.42597 0
      vertex -83.4142 -5.42597 0
      vertex -79.8607 -4.93934 0
    endloop
  endfacet
  facet normal 0 0 -1
    outer loop
      vertex -83.3 -6 0
      vertex -80.1858 -5.42597 0
      vertex -80.3 -6 0
    endloop
  endfacet
  facet normal 0 0 -1
    outer loop
      vertex -83.7393 -4.93934 0
      vertex -79.8607 -4.93934 0
      vertex -83.4142 -5.42597 0
    endloop
  endfacet
  facet normal 0 0 -1
    outer loop
      vertex -67.8607 1.06066 0
      vertex -71.7393 1.06066 0
      vertex -67.8607 4.93934 0
    endloop
  endfacet
  facet normal 0 0 -1
    outer loop
      vertex -67.8607 4.93934 0
      vertex -71.4142 5.42597 0
      vertex -71.3 6 0
    endloop
  endfacet
  facet normal 0 0 -1
    outer loop
      vertex -71.7393 4.93934 0
      vertex -67.8607 4.93934 0
      vertex -71.7393 1.06066 0
    endloop
  endfacet
  facet normal 0 0 -1
    outer loop
      vertex -67.8607 4.93934 0
      vertex -71.7393 4.93934 0
      vertex -71.4142 5.42597 0
    endloop
  endfacet
  facet normal 0 0 -1
    outer loop
      vertex -72.226 1.38582 0
      vertex -71.7393 4.93934 0
      vertex -71.7393 1.06066 0
    endloop
  endfacet
  facet normal 0 0 -1
    outer loop
      vertex -72.226 1.38582 0
      vertex -72.226 4.61418 0
      vertex -71.7393 4.93934 0
    endloop
  endfacet
  facet normal 0 0 -1
    outer loop
      vertex -72.8 1.5 0
      vertex -72.226 4.61418 0
      vertex -72.226 1.38582 0
    endloop
  endfacet
  facet normal 0 0 -1
    outer loop
      vertex -72.8 1.5 0
      vertex -72.8 4.5 0
      vertex -72.226 4.61418 0
    endloop
  endfacet
  facet normal 0 0 -1
    outer loop
      vertex -73.374 1.38582 0
      vertex -72.8 4.5 0
      vertex -72.8 1.5 0
    endloop
  endfacet
  facet normal 0 0 -1
    outer loop
      vertex -73.374 1.38582 0
      vertex -73.374 4.61418 0
      vertex -72.8 4.5 0
    endloop
  endfacet
  facet normal 0 0 -1
    outer loop
      vertex -73.8607 1.06066 0
      vertex -73.374 4.61418 0
      vertex -73.374 1.38582 0
    endloop
  endfacet
  facet normal 0 0 -1
    outer loop
      vertex -73.8607 1.06066 0
      vertex -73.8607 4.93934 0
      vertex -73.374 4.61418 0
    endloop
  endfacet
  facet normal 0 0 -1
    outer loop
      vertex -77.4142 0.574024 0
      vertex -74.1858 0.574024 0
      vertex -77.3 0 0
    endloop
  endfacet
  facet normal 0 0 -1
    outer loop
      vertex -74.1858 0.574024 0
      vertex -77.4142 0.574024 0
      vertex -73.8607 1.06066 0
    endloop
  endfacet
  facet normal 0 0 -1
    outer loop
      vertex -77.3 0 0
      vertex -74.1858 0.574024 0
      vertex -74.3 0 0
    endloop
  endfacet
  facet normal 0 0 -1
    outer loop
      vertex -77.7393 1.06066 0
      vertex -73.8607 1.06066 0
      vertex -77.4142 0.574024 0
    endloop
  endfacet
  facet normal 0 0 -1
    outer loop
      vertex -67.8607 -4.93934 0
      vertex -71.7393 -4.93934 0
      vertex -67.8607 -1.06066 0
    endloop
  endfacet
  facet normal 0 0 -1
    outer loop
      vertex -67.8607 -1.06066 0
      vertex -71.4142 -0.574024 0
      vertex -71.3 0 0
    endloop
  endfacet
  facet normal 0 0 -1
    outer loop
      vertex -71.7393 -1.06066 0
      vertex -67.8607 -1.06066 0
      vertex -71.7393 -4.93934 0
    endloop
  endfacet
  facet normal 0 0 -1
    outer loop
      vertex -67.8607 -1.06066 0
      vertex -71.7393 -1.06066 0
      vertex -71.4142 -0.574024 0
    endloop
  endfacet
  facet normal 0 0 -1
    outer loop
      vertex -72.226 -4.61418 0
      vertex -71.7393 -1.06066 0
      vertex -71.7393 -4.93934 0
    endloop
  endfacet
  facet normal 0 0 -1
    outer loop
      vertex -72.226 -4.61418 0
      vertex -72.226 -1.38582 0
      vertex -71.7393 -1.06066 0
    endloop
  endfacet
  facet normal 0 0 -1
    outer loop
      vertex -72.8 -4.5 0
      vertex -72.226 -1.38582 0
      vertex -72.226 -4.61418 0
    endloop
  endfacet
  facet normal 0 0 -1
    outer loop
      vertex -72.8 -4.5 0
      vertex -72.8 -1.5 0
      vertex -72.226 -1.38582 0
    endloop
  endfacet
  facet normal 0 0 -1
    outer loop
      vertex -73.374 -4.61418 0
      vertex -72.8 -1.5 0
      vertex -72.8 -4.5 0
    endloop
  endfacet
  facet normal 0 0 -1
    outer loop
      vertex -73.374 -4.61418 0
      vertex -73.374 -1.38582 0
      vertex -72.8 -1.5 0
    endloop
  endfacet
  facet normal 0 0 -1
    outer loop
      vertex -73.8607 -4.93934 0
      vertex -73.374 -1.38582 0
      vertex -73.374 -4.61418 0
    endloop
  endfacet
  facet normal 0 0 -1
    outer loop
      vertex -73.8607 -4.93934 0
      vertex -73.8607 -1.06066 0
      vertex -73.374 -1.38582 0
    endloop
  endfacet
  facet normal 0 0 -1
    outer loop
      vertex -77.4142 -5.42597 0
      vertex -74.1858 -5.42597 0
      vertex -77.3 -6 0
    endloop
  endfacet
  facet normal 0 0 -1
    outer loop
      vertex -74.1858 -5.42597 0
      vertex -77.4142 -5.42597 0
      vertex -73.8607 -4.93934 0
    endloop
  endfacet
  facet normal 0 0 -1
    outer loop
      vertex -77.3 -6 0
      vertex -74.1858 -5.42597 0
      vertex -74.3 -6 0
    endloop
  endfacet
  facet normal 0 0 -1
    outer loop
      vertex -77.7393 -4.93934 0
      vertex -73.8607 -4.93934 0
      vertex -77.4142 -5.42597 0
    endloop
  endfacet
  facet normal 0 0 -1
    outer loop
      vertex -65.4142 0.574024 0
      vertex -65.3 6 0
      vertex -65.3 0 0
    endloop
  endfacet
  facet normal 0 0 -1
    outer loop
      vertex -65.4142 0.574024 0
      vertex -65.4142 5.42597 0
      vertex -65.3 6 0
    endloop
  endfacet
  facet normal 0 0 -1
    outer loop
      vertex -65.7393 1.06066 0
      vertex -65.4142 5.42597 0
      vertex -65.4142 0.574024 0
    endloop
  endfacet
  facet normal 0 0 -1
    outer loop
      vertex -65.7393 1.06066 0
      vertex -65.7393 4.93934 0
      vertex -65.4142 5.42597 0
    endloop
  endfacet
  facet normal 0 0 -1
    outer loop
      vertex -66.226 1.38582 0
      vertex -65.7393 4.93934 0
      vertex -65.7393 1.06066 0
    endloop
  endfacet
  facet normal 0 0 -1
    outer loop
      vertex -66.226 1.38582 0
      vertex -66.226 4.61418 0
      vertex -65.7393 4.93934 0
    endloop
  endfacet
  facet normal 0 0 -1
    outer loop
      vertex -66.8 1.5 0
      vertex -66.226 4.61418 0
      vertex -66.226 1.38582 0
    endloop
  endfacet
  facet normal 0 0 -1
    outer loop
      vertex -66.8 1.5 0
      vertex -66.8 4.5 0
      vertex -66.226 4.61418 0
    endloop
  endfacet
  facet normal 0 0 -1
    outer loop
      vertex -67.374 1.38582 0
      vertex -66.8 4.5 0
      vertex -66.8 1.5 0
    endloop
  endfacet
  facet normal 0 0 -1
    outer loop
      vertex -67.374 1.38582 0
      vertex -67.374 4.61418 0
      vertex -66.8 4.5 0
    endloop
  endfacet
  facet normal 0 0 -1
    outer loop
      vertex -67.8607 1.06066 0
      vertex -67.374 4.61418 0
      vertex -67.374 1.38582 0
    endloop
  endfacet
  facet normal 0 0 -1
    outer loop
      vertex -67.8607 1.06066 0
      vertex -67.8607 4.93934 0
      vertex -67.374 4.61418 0
    endloop
  endfacet
  facet normal 0 0 -1
    outer loop
      vertex -71.4142 0.574024 0
      vertex -68.1858 0.574024 0
      vertex -71.3 0 0
    endloop
  endfacet
  facet normal 0 0 -1
    outer loop
      vertex -68.1858 0.574024 0
      vertex -71.4142 0.574024 0
      vertex -67.8607 1.06066 0
    endloop
  endfacet
  facet normal 0 0 -1
    outer loop
      vertex -71.3 0 0
      vertex -68.1858 0.574024 0
      vertex -68.3 0 0
    endloop
  endfacet
  facet normal 0 0 -1
    outer loop
      vertex -71.7393 1.06066 0
      vertex -67.8607 1.06066 0
      vertex -71.4142 0.574024 0
    endloop
  endfacet
  facet normal 0 0 -1
    outer loop
      vertex -65.4142 -5.42597 0
      vertex -65.3 0 0
      vertex -65.3 -6 0
    endloop
  endfacet
  facet normal 0 0 -1
    outer loop
      vertex -65.4142 -5.42597 0
      vertex -65.4142 -0.574024 0
      vertex -65.3 0 0
    endloop
  endfacet
  facet normal 0 0 -1
    outer loop
      vertex -65.7393 -4.93934 0
      vertex -65.4142 -0.574024 0
      vertex -65.4142 -5.42597 0
    endloop
  endfacet
  facet normal 0 0 -1
    outer loop
      vertex -65.7393 -4.93934 0
      vertex -65.7393 -1.06066 0
      vertex -65.4142 -0.574024 0
    endloop
  endfacet
  facet normal 0 0 -1
    outer loop
      vertex -66.226 -4.61418 0
      vertex -65.7393 -1.06066 0
      vertex -65.7393 -4.93934 0
    endloop
  endfacet
  facet normal 0 0 -1
    outer loop
      vertex -66.226 -4.61418 0
      vertex -66.226 -1.38582 0
      vertex -65.7393 -1.06066 0
    endloop
  endfacet
  facet normal 0 0 -1
    outer loop
      vertex -66.8 -4.5 0
      vertex -66.226 -1.38582 0
      vertex -66.226 -4.61418 0
    endloop
  endfacet
  facet normal 0 0 -1
    outer loop
      vertex -66.8 -4.5 0
      vertex -66.8 -1.5 0
      vertex -66.226 -1.38582 0
    endloop
  endfacet
  facet normal 0 0 -1
    outer loop
      vertex -67.374 -4.61418 0
      vertex -66.8 -1.5 0
      vertex -66.8 -4.5 0
    endloop
  endfacet
  facet normal 0 0 -1
    outer loop
      vertex -67.374 -4.61418 0
      vertex -67.374 -1.38582 0
      vertex -66.8 -1.5 0
    endloop
  endfacet
  facet normal 0 0 -1
    outer loop
      vertex -67.8607 -4.93934 0
      vertex -67.374 -1.38582 0
      vertex -67.374 -4.61418 0
    endloop
  endfacet
  facet normal 0 0 -1
    outer loop
      vertex -67.8607 -4.93934 0
      vertex -67.8607 -1.06066 0
      vertex -67.374 -1.38582 0
    endloop
  endfacet
  facet normal 0 0 -1
    outer loop
      vertex -71.4142 -5.42597 0
      vertex -68.1858 -5.42597 0
      vertex -71.3 -6 0
    endloop
  endfacet
  facet normal 0 0 -1
    outer loop
      vertex -68.1858 -5.42597 0
      vertex -71.4142 -5.42597 0
      vertex -67.8607 -4.93934 0
    endloop
  endfacet
  facet normal 0 0 -1
    outer loop
      vertex -71.3 -6 0
      vertex -68.1858 -5.42597 0
      vertex -68.3 -6 0
    endloop
  endfacet
  facet normal 0 0 -1
    outer loop
      vertex -71.7393 -4.93934 0
      vertex -67.8607 -4.93934 0
      vertex -71.4142 -5.42597 0
    endloop
  endfacet
  facet normal 0 0 -1
    outer loop
      vertex -42.2599 -15.4 0
      vertex -65.3 0 0
      vertex -42.2599 15.4 0
    endloop
  endfacet
  facet normal 0 0 -1
    outer loop
      vertex -65.3 6 0
      vertex -42.2599 15.4 0
      vertex -65.3 0 0
    endloop
  endfacet
  facet normal 0 0 -1
    outer loop
      vertex -65.4142 6.57402 0
      vertex -42.2599 15.4 0
      vertex -65.3 6 0
    endloop
  endfacet
  facet normal 0 0 -1
    outer loop
      vertex -65.7393 7.06066 0
      vertex -42.2599 15.4 0
      vertex -65.4142 6.57402 0
    endloop
  endfacet
  facet normal 0 0 -1
    outer loop
      vertex -66.226 7.38582 0
      vertex -42.2599 15.4 0
      vertex -65.7393 7.06066 0
    endloop
  endfacet
  facet normal 0 0 -1
    outer loop
      vertex -66.8 7.5 0
      vertex -42.2599 15.4 0
      vertex -66.226 7.38582 0
    endloop
  endfacet
  facet normal 0 0 -1
    outer loop
      vertex -72.8 7.5 0
      vertex -66.8 7.5 0
      vertex -67.374 7.38582 0
    endloop
  endfacet
  facet normal 0 0 -1
    outer loop
      vertex -67.8607 4.93934 0
      vertex -71.3 6 0
      vertex -68.1858 5.42597 0
    endloop
  endfacet
  facet normal 0 0 -1
    outer loop
      vertex -68.1858 5.42597 0
      vertex -71.3 6 0
      vertex -68.3 6 0
    endloop
  endfacet
  facet normal 0 0 -1
    outer loop
      vertex -68.3 6 0
      vertex -71.3 6 0
      vertex -68.1858 6.57402 0
    endloop
  endfacet
  facet normal 0 0 -1
    outer loop
      vertex -71.4142 6.57402 0
      vertex -68.1858 6.57402 0
      vertex -71.3 6 0
    endloop
  endfacet
  facet normal 0 0 -1
    outer loop
      vertex -68.1858 6.57402 0
      vertex -71.4142 6.57402 0
      vertex -67.8607 7.06066 0
    endloop
  endfacet
  facet normal 0 0 -1
    outer loop
      vertex -71.7393 7.06066 0
      vertex -67.8607 7.06066 0
      vertex -71.4142 6.57402 0
    endloop
  endfacet
  facet normal 0 0 -1
    outer loop
      vertex -67.8607 7.06066 0
      vertex -71.7393 7.06066 0
      vertex -67.374 7.38582 0
    endloop
  endfacet
  facet normal 0 0 -1
    outer loop
      vertex -72.226 7.38582 0
      vertex -67.374 7.38582 0
      vertex -71.7393 7.06066 0
    endloop
  endfacet
  facet normal 0 0 -1
    outer loop
      vertex -72.8 7.5 0
      vertex -67.374 7.38582 0
      vertex -72.226 7.38582 0
    endloop
  endfacet
  facet normal 0 0 -1
    outer loop
      vertex -66.8 7.5 0
      vertex -72.8 7.5 0
      vertex -42.2599 15.4 0
    endloop
  endfacet
  facet normal 0 0 -1
    outer loop
      vertex -78.8 7.5 0
      vertex -72.8 7.5 0
      vertex -73.374 7.38582 0
    endloop
  endfacet
  facet normal 0 0 -1
    outer loop
      vertex -73.8607 4.93934 0
      vertex -77.3 6 0
      vertex -74.1858 5.42597 0
    endloop
  endfacet
  facet normal 0 0 -1
    outer loop
      vertex -74.1858 5.42597 0
      vertex -77.3 6 0
      vertex -74.3 6 0
    endloop
  endfacet
  facet normal 0 0 -1
    outer loop
      vertex -74.3 6 0
      vertex -77.3 6 0
      vertex -74.1858 6.57402 0
    endloop
  endfacet
  facet normal 0 0 -1
    outer loop
      vertex -77.4142 6.57402 0
      vertex -74.1858 6.57402 0
      vertex -77.3 6 0
    endloop
  endfacet
  facet normal 0 0 -1
    outer loop
      vertex -74.1858 6.57402 0
      vertex -77.4142 6.57402 0
      vertex -73.8607 7.06066 0
    endloop
  endfacet
  facet normal 0 0 -1
    outer loop
      vertex -77.7393 7.06066 0
      vertex -73.8607 7.06066 0
      vertex -77.4142 6.57402 0
    endloop
  endfacet
  facet normal 0 0 -1
    outer loop
      vertex -73.8607 7.06066 0
      vertex -77.7393 7.06066 0
      vertex -73.374 7.38582 0
    endloop
  endfacet
  facet normal 0 0 -1
    outer loop
      vertex -78.226 7.38582 0
      vertex -73.374 7.38582 0
      vertex -77.7393 7.06066 0
    endloop
  endfacet
  facet normal 0 0 -1
    outer loop
      vertex -78.8 7.5 0
      vertex -73.374 7.38582 0
      vertex -78.226 7.38582 0
    endloop
  endfacet
  facet normal 0 0 -1
    outer loop
      vertex -72.8 7.5 0
      vertex -78.8 7.5 0
      vertex -103.8 15.4 0
    endloop
  endfacet
  facet normal 0 0 -1
    outer loop
      vertex -84.8 7.5 0
      vertex -78.8 7.5 0
      vertex -79.374 7.38582 0
    endloop
  endfacet
  facet normal 0 0 -1
    outer loop
      vertex -79.8607 4.93934 0
      vertex -83.3 6 0
      vertex -80.1858 5.42597 0
    endloop
  endfacet
  facet normal 0 0 -1
    outer loop
      vertex -80.1858 5.42597 0
      vertex -83.3 6 0
      vertex -80.3 6 0
    endloop
  endfacet
  facet normal 0 0 -1
    outer loop
      vertex -80.3 6 0
      vertex -83.3 6 0
      vertex -80.1858 6.57402 0
    endloop
  endfacet
  facet normal 0 0 -1
    outer loop
      vertex -83.4142 6.57402 0
      vertex -80.1858 6.57402 0
      vertex -83.3 6 0
    endloop
  endfacet
  facet normal 0 0 -1
    outer loop
      vertex -80.1858 6.57402 0
      vertex -83.4142 6.57402 0
      vertex -79.8607 7.06066 0
    endloop
  endfacet
  facet normal 0 0 -1
    outer loop
      vertex -83.7393 7.06066 0
      vertex -79.8607 7.06066 0
      vertex -83.4142 6.57402 0
    endloop
  endfacet
  facet normal 0 0 -1
    outer loop
      vertex -79.8607 7.06066 0
      vertex -83.7393 7.06066 0
      vertex -79.374 7.38582 0
    endloop
  endfacet
  facet normal 0 0 -1
    outer loop
      vertex -84.226 7.38582 0
      vertex -79.374 7.38582 0
      vertex -83.7393 7.06066 0
    endloop
  endfacet
  facet normal 0 0 -1
    outer loop
      vertex -84.8 7.5 0
      vertex -79.374 7.38582 0
      vertex -84.226 7.38582 0
    endloop
  endfacet
  facet normal 0 0 -1
    outer loop
      vertex -78.8 7.5 0
      vertex -84.8 7.5 0
      vertex -103.8 15.4 0
    endloop
  endfacet
  facet normal 0 0 -1
    outer loop
      vertex -85.8607 4.93934 0
      vertex -89.3 6 0
      vertex -86.1858 5.42597 0
    endloop
  endfacet
  facet normal 0 0 -1
    outer loop
      vertex -86.1858 5.42597 0
      vertex -89.3 6 0
      vertex -86.3 6 0
    endloop
  endfacet
  facet normal 0 0 -1
    outer loop
      vertex -86.3 6 0
      vertex -89.3 6 0
      vertex -86.1858 6.57402 0
    endloop
  endfacet
  facet normal 0 0 -1
    outer loop
      vertex -89.4142 6.57402 0
      vertex -86.1858 6.57402 0
      vertex -89.3 6 0
    endloop
  endfacet
  facet normal 0 0 -1
    outer loop
      vertex -86.1858 6.57402 0
      vertex -89.4142 6.57402 0
      vertex -85.8607 7.06066 0
    endloop
  endfacet
  facet normal 0 0 -1
    outer loop
      vertex -89.7393 7.06066 0
      vertex -85.8607 7.06066 0
      vertex -89.4142 6.57402 0
    endloop
  endfacet
  facet normal 0 0 -1
    outer loop
      vertex -85.8607 7.06066 0
      vertex -89.7393 7.06066 0
      vertex -85.374 7.38582 0
    endloop
  endfacet
  facet normal 0 0 -1
    outer loop
      vertex -90.226 7.38582 0
      vertex -85.374 7.38582 0
      vertex -89.7393 7.06066 0
    endloop
  endfacet
  facet normal 0 0 -1
    outer loop
      vertex -85.374 7.38582 0
      vertex -90.226 7.38582 0
      vertex -84.8 7.5 0
    endloop
  endfacet
  facet normal 0 0 -1
    outer loop
      vertex -90.8 7.5 0
      vertex -84.8 7.5 0
      vertex -90.226 7.38582 0
    endloop
  endfacet
  facet normal 0 0 -1
    outer loop
      vertex -84.8 7.5 0
      vertex -90.8 7.5 0
      vertex -103.8 15.4 0
    endloop
  endfacet
  facet normal 0 0 -1
    outer loop
      vertex -91.8607 4.93934 0
      vertex -95.3 6 0
      vertex -92.1858 5.42597 0
    endloop
  endfacet
  facet normal 0 0 -1
    outer loop
      vertex -92.1858 5.42597 0
      vertex -95.3 6 0
      vertex -92.3 6 0
    endloop
  endfacet
  facet normal 0 0 -1
    outer loop
      vertex -92.3 6 0
      vertex -95.3 6 0
      vertex -92.1858 6.57402 0
    endloop
  endfacet
  facet normal 0 0 -1
    outer loop
      vertex -95.4142 6.57402 0
      vertex -92.1858 6.57402 0
      vertex -95.3 6 0
    endloop
  endfacet
  facet normal 0 0 -1
    outer loop
      vertex -92.1858 6.57402 0
      vertex -95.4142 6.57402 0
      vertex -91.8607 7.06066 0
    endloop
  endfacet
  facet normal 0 0 -1
    outer loop
      vertex -95.7393 7.06066 0
      vertex -91.8607 7.06066 0
      vertex -95.4142 6.57402 0
    endloop
  endfacet
  facet normal 0 0 -1
    outer loop
      vertex -91.8607 7.06066 0
      vertex -95.7393 7.06066 0
      vertex -91.374 7.38582 0
    endloop
  endfacet
  facet normal 0 0 -1
    outer loop
      vertex -96.226 7.38582 0
      vertex -91.374 7.38582 0
      vertex -95.7393 7.06066 0
    endloop
  endfacet
  facet normal 0 0 -1
    outer loop
      vertex -103.8 15.4 0
      vertex -91.374 7.38582 0
      vertex -96.226 7.38582 0
    endloop
  endfacet
  facet normal 0 0 -1
    outer loop
      vertex -91.374 7.38582 0
      vertex -103.8 15.4 0
      vertex -90.8 7.5 0
    endloop
  endfacet
  facet normal 0 0 -1
    outer loop
      vertex -103.8 15.4 0
      vertex -96.226 7.38582 0
      vertex -96.8 7.5 0
    endloop
  endfacet
  facet normal 0 0 -1
    outer loop
      vertex -107.8 11.4 0
      vertex -98.3 0 0
      vertex -107.8 -11.4 0
    endloop
  endfacet
  facet normal 0 0 -1
    outer loop
      vertex -72.8 7.5 0
      vertex -103.8 15.4 0
      vertex -42.2599 15.4 0
    endloop
  endfacet
  facet normal 0 0 -1
    outer loop
      vertex -97.374 7.38582 0
      vertex -103.8 15.4 0
      vertex -96.8 7.5 0
    endloop
  endfacet
  facet normal 0 0 -1
    outer loop
      vertex -97.8607 7.06066 0
      vertex -103.8 15.4 0
      vertex -97.374 7.38582 0
    endloop
  endfacet
  facet normal 0 0 -1
    outer loop
      vertex -107.8 11.4 0
      vertex -97.8607 7.06066 0
      vertex -98.1858 6.57402 0
    endloop
  endfacet
  facet normal 0 0 -1
    outer loop
      vertex -98.1858 5.42597 0
      vertex -107.8 11.4 0
      vertex -98.3 6 0
    endloop
  endfacet
  facet normal 0 0 -1
    outer loop
      vertex -107.8 -11.4 0
      vertex -103.8 -15.4 0
      vertex -104.062 -15.3914 0
    endloop
  endfacet
  facet normal 0 0 -1
    outer loop
      vertex -98.3 6 0
      vertex -107.8 11.4 0
      vertex -98.1858 6.57402 0
    endloop
  endfacet
  facet normal 0 0 -1
    outer loop
      vertex -107.8 -11.4 0
      vertex -104.062 -15.3914 0
      vertex -104.322 -15.3658 0
    endloop
  endfacet
  facet normal 0 0 -1
    outer loop
      vertex -97.8607 7.06066 0
      vertex -107.8 11.4 0
      vertex -103.8 15.4 0
    endloop
  endfacet
  facet normal 0 0 -1
    outer loop
      vertex -107.8 -11.4 0
      vertex -104.322 -15.3658 0
      vertex -104.58 -15.3231 0
    endloop
  endfacet
  facet normal 0 0 -1
    outer loop
      vertex -103.8 15.4 0
      vertex -107.8 11.4 0
      vertex -104.062 15.3914 0
    endloop
  endfacet
  facet normal 0 0 -1
    outer loop
      vertex -107.8 -11.4 0
      vertex -104.58 -15.3231 0
      vertex -104.835 -15.2637 0
    endloop
  endfacet
  facet normal 0 0 -1
    outer loop
      vertex -104.062 15.3914 0
      vertex -107.8 11.4 0
      vertex -104.322 15.3658 0
    endloop
  endfacet
  facet normal 0 0 -1
    outer loop
      vertex -107.8 -11.4 0
      vertex -104.835 -15.2637 0
      vertex -105.086 -15.1877 0
    endloop
  endfacet
  facet normal 0 0 -1
    outer loop
      vertex -104.322 15.3658 0
      vertex -107.8 11.4 0
      vertex -104.58 15.3231 0
    endloop
  endfacet
  facet normal 0 0 -1
    outer loop
      vertex -107.8 -11.4 0
      vertex -105.086 -15.1877 0
      vertex -105.331 -15.0955 0
    endloop
  endfacet
  facet normal 0 0 -1
    outer loop
      vertex -104.58 15.3231 0
      vertex -107.8 11.4 0
      vertex -104.835 15.2637 0
    endloop
  endfacet
  facet normal 0 0 -1
    outer loop
      vertex -107.8 -11.4 0
      vertex -105.331 -15.0955 0
      vertex -105.569 -14.9875 0
    endloop
  endfacet
  facet normal 0 0 -1
    outer loop
      vertex -104.835 15.2637 0
      vertex -107.8 11.4 0
      vertex -105.086 15.1877 0
    endloop
  endfacet
  facet normal 0 0 -1
    outer loop
      vertex -107.8 -11.4 0
      vertex -105.569 -14.9875 0
      vertex -105.8 -14.8641 0
    endloop
  endfacet
  facet normal 0 0 -1
    outer loop
      vertex -105.086 15.1877 0
      vertex -107.8 11.4 0
      vertex -105.331 15.0955 0
    endloop
  endfacet
  facet normal 0 0 -1
    outer loop
      vertex -107.8 -11.4 0
      vertex -105.8 -14.8641 0
      vertex -106.022 -14.7259 0
    endloop
  endfacet
  facet normal 0 0 -1
    outer loop
      vertex -105.331 15.0955 0
      vertex -107.8 11.4 0
      vertex -105.569 14.9875 0
    endloop
  endfacet
  facet normal 0 0 -1
    outer loop
      vertex -107.8 -11.4 0
      vertex -106.022 -14.7259 0
      vertex -106.235 -14.5734 0
    endloop
  endfacet
  facet normal 0 0 -1
    outer loop
      vertex -105.569 14.9875 0
      vertex -107.8 11.4 0
      vertex -105.8 14.8641 0
    endloop
  endfacet
  facet normal 0 0 -1
    outer loop
      vertex -107.8 -11.4 0
      vertex -106.235 -14.5734 0
      vertex -106.437 -14.4074 0
    endloop
  endfacet
  facet normal 0 0 -1
    outer loop
      vertex -105.8 14.8641 0
      vertex -107.8 11.4 0
      vertex -106.022 14.7259 0
    endloop
  endfacet
  facet normal 0 0 -1
    outer loop
      vertex -107.8 -11.4 0
      vertex -106.437 -14.4074 0
      vertex -106.628 -14.2284 0
    endloop
  endfacet
  facet normal 0 0 -1
    outer loop
      vertex -106.022 14.7259 0
      vertex -107.8 11.4 0
      vertex -106.235 14.5734 0
    endloop
  endfacet
  facet normal 0 0 -1
    outer loop
      vertex -107.8 -11.4 0
      vertex -106.628 -14.2284 0
      vertex -106.807 -14.0374 0
    endloop
  endfacet
  facet normal 0 0 -1
    outer loop
      vertex -106.235 14.5734 0
      vertex -107.8 11.4 0
      vertex -106.437 14.4074 0
    endloop
  endfacet
  facet normal 0 0 -1
    outer loop
      vertex -107.8 -11.4 0
      vertex -106.807 -14.0374 0
      vertex -106.973 -13.835 0
    endloop
  endfacet
  facet normal 0 0 -1
    outer loop
      vertex -106.437 14.4074 0
      vertex -107.8 11.4 0
      vertex -106.628 14.2284 0
    endloop
  endfacet
  facet normal 0 0 -1
    outer loop
      vertex -107.8 -11.4 0
      vertex -106.973 -13.835 0
      vertex -107.126 -13.6223 0
    endloop
  endfacet
  facet normal 0 0 -1
    outer loop
      vertex -106.628 14.2284 0
      vertex -107.8 11.4 0
      vertex -106.807 14.0374 0
    endloop
  endfacet
  facet normal 0 0 -1
    outer loop
      vertex -107.8 -11.4 0
      vertex -107.126 -13.6223 0
      vertex -107.264 -13.4 0
    endloop
  endfacet
  facet normal 0 0 -1
    outer loop
      vertex -106.807 14.0374 0
      vertex -107.8 11.4 0
      vertex -106.973 13.835 0
    endloop
  endfacet
  facet normal 0 0 -1
    outer loop
      vertex -107.8 -11.4 0
      vertex -107.264 -13.4 0
      vertex -107.387 -13.1692 0
    endloop
  endfacet
  facet normal 0 0 -1
    outer loop
      vertex -106.973 13.835 0
      vertex -107.8 11.4 0
      vertex -107.126 13.6223 0
    endloop
  endfacet
  facet normal 0 0 -1
    outer loop
      vertex -107.8 -11.4 0
      vertex -107.387 -13.1692 0
      vertex -107.496 -12.9307 0
    endloop
  endfacet
  facet normal 0 0 -1
    outer loop
      vertex -107.126 13.6223 0
      vertex -107.8 11.4 0
      vertex -107.264 13.4 0
    endloop
  endfacet
  facet normal 0 0 -1
    outer loop
      vertex -107.8 -11.4 0
      vertex -107.496 -12.9307 0
      vertex -107.588 -12.6858 0
    endloop
  endfacet
  facet normal 0 0 -1
    outer loop
      vertex -107.264 13.4 0
      vertex -107.8 11.4 0
      vertex -107.387 13.1692 0
    endloop
  endfacet
  facet normal 0 0 -1
    outer loop
      vertex -107.8 -11.4 0
      vertex -107.588 -12.6858 0
      vertex -107.664 -12.4353 0
    endloop
  endfacet
  facet normal 0 0 -1
    outer loop
      vertex -107.387 13.1692 0
      vertex -107.8 11.4 0
      vertex -107.496 12.9307 0
    endloop
  endfacet
  facet normal 0 0 -1
    outer loop
      vertex -107.8 -11.4 0
      vertex -107.664 -12.4353 0
      vertex -107.723 -12.1804 0
    endloop
  endfacet
  facet normal 0 0 -1
    outer loop
      vertex -107.496 12.9307 0
      vertex -107.8 11.4 0
      vertex -107.588 12.6858 0
    endloop
  endfacet
  facet normal 0 0 -1
    outer loop
      vertex -107.8 -11.4 0
      vertex -107.723 -12.1804 0
      vertex -107.766 -11.9221 0
    endloop
  endfacet
  facet normal 0 0 -1
    outer loop
      vertex -107.588 12.6858 0
      vertex -107.8 11.4 0
      vertex -107.664 12.4353 0
    endloop
  endfacet
  facet normal 0 0 -1
    outer loop
      vertex -107.8 -11.4 0
      vertex -107.766 -11.9221 0
      vertex -107.791 -11.6616 0
    endloop
  endfacet
  facet normal 0 0 -1
    outer loop
      vertex -107.664 12.4353 0
      vertex -107.8 11.4 0
      vertex -107.723 12.1804 0
    endloop
  endfacet
  facet normal 0 0 -1
    outer loop
      vertex -107.723 12.1804 0
      vertex -107.8 11.4 0
      vertex -107.766 11.9221 0
    endloop
  endfacet
  facet normal 0 0 -1
    outer loop
      vertex -107.766 11.9221 0
      vertex -107.8 11.4 0
      vertex -107.791 11.6616 0
    endloop
  endfacet
  facet normal 0 0 -1
    outer loop
      vertex 3.36266 -32.1656 0
      vertex 32.1656 -3.36266 0
      vertex 3.60624 -32.3938 0
    endloop
  endfacet
  facet normal 0 0 -1
    outer loop
      vertex 30.9 0 0
      vertex 5.08908 35.6664 0
      vertex 5.1 36 0
    endloop
  endfacet
  facet normal 0 0 -1
    outer loop
      vertex 2.33345 -2.33345 0
      vertex 32.1656 -3.36266 0
      vertex 3.36266 -32.1656 0
    endloop
  endfacet
  facet normal 0 0 -1
    outer loop
      vertex 30.9 0 0
      vertex 5.05637 35.3343 0
      vertex 5.08908 35.6664 0
    endloop
  endfacet
  facet normal 0 0 -1
    outer loop
      vertex 32.1656 -3.36266 0
      vertex 2.33345 -2.33345 0
      vertex 31.9539 -3.10468 0
    endloop
  endfacet
  facet normal 0 0 -1
    outer loop
      vertex 3.29293 0.21583 0
      vertex 30.9 0 0
      vertex 3.3 0 0
    endloop
  endfacet
  facet normal 0 -0 -1
    outer loop
      vertex 2.48107 -2.17584 0
      vertex 31.9539 -3.10468 0
      vertex 2.33345 -2.33345 0
    endloop
  endfacet
  facet normal 0 0 -1
    outer loop
      vertex 3.27177 0.430736 0
      vertex 30.9 0 0
      vertex 3.29293 0.21583 0
    endloop
  endfacet
  facet normal 0 0 -1
    outer loop
      vertex 31.9539 -3.10468 0
      vertex 2.48107 -2.17584 0
      vertex 31.7595 -2.83341 0
    endloop
  endfacet
  facet normal 0 0 -1
    outer loop
      vertex 30.9 0 0
      vertex 5.002 35.005 0
      vertex 5.05637 35.3343 0
    endloop
  endfacet
  facet normal 0 -0 -1
    outer loop
      vertex 2.61807 -2.00891 0
      vertex 31.7595 -2.83341 0
      vertex 2.48107 -2.17584 0
    endloop
  endfacet
  facet normal 0 0 -1
    outer loop
      vertex 3.23659 0.643798 0
      vertex 30.9 0 0
      vertex 3.27177 0.430736 0
    endloop
  endfacet
  facet normal 0 -0 -1
    outer loop
      vertex 2.74385 -1.83338 0
      vertex 31.7595 -2.83341 0
      vertex 2.61807 -2.00891 0
    endloop
  endfacet
  facet normal 0 0 -1
    outer loop
      vertex 30.9 0 0
      vertex 4.92622 34.68 0
      vertex 5.002 35.005 0
    endloop
  endfacet
  facet normal 0 0 -1
    outer loop
      vertex 31.7595 -2.83341 0
      vertex 2.74385 -1.83338 0
      vertex 31.5833 -2.55 0
    endloop
  endfacet
  facet normal 0 0 -1
    outer loop
      vertex 3.18755 0.854102 0
      vertex 30.9 0 0
      vertex 3.23659 0.643798 0
    endloop
  endfacet
  facet normal 0 -0 -1
    outer loop
      vertex 2.85788 -1.65 0
      vertex 31.5833 -2.55 0
      vertex 2.74385 -1.83338 0
    endloop
  endfacet
  facet normal 0 0 -1
    outer loop
      vertex 30.9 0 0
      vertex 4.82934 34.3607 0
      vertex 4.92622 34.68 0
    endloop
  endfacet
  facet normal 0 0 -1
    outer loop
      vertex 31.5833 -2.55 0
      vertex 2.85788 -1.65 0
      vertex 31.4259 -2.25567 0
    endloop
  endfacet
  facet normal 0 0 -1
    outer loop
      vertex 3.12487 1.06075 0
      vertex 30.9 0 0
      vertex 3.18755 0.854102 0
    endloop
  endfacet
  facet normal 0 -0 -1
    outer loop
      vertex 2.95968 -1.45955 0
      vertex 31.4259 -2.25567 0
      vertex 2.85788 -1.65 0
    endloop
  endfacet
  facet normal 0 0 -1
    outer loop
      vertex 30.9 0 0
      vertex 4.71179 34.0483 0
      vertex 4.82934 34.3607 0
    endloop
  endfacet
  facet normal 0 0 -1
    outer loop
      vertex 31.2882 -1.95168 0
      vertex 3.0488 -1.26285 0
      vertex 31.1707 -1.63934 0
    endloop
  endfacet
  facet normal 0 0 -1
    outer loop
      vertex 3.0488 1.26285 0
      vertex 30.9 0 0
      vertex 3.12487 1.06075 0
    endloop
  endfacet
  facet normal 0 -0 -1
    outer loop
      vertex 3.0488 -1.26285 0
      vertex 31.2882 -1.95168 0
      vertex 2.95968 -1.45955 0
    endloop
  endfacet
  facet normal 0 0 -1
    outer loop
      vertex 30.9 0 0
      vertex 4.57405 33.7443 0
      vertex 4.71179 34.0483 0
    endloop
  endfacet
  facet normal 0 0 -1
    outer loop
      vertex 2.95968 1.45955 0
      vertex 30.9 0 0
      vertex 3.0488 1.26285 0
    endloop
  endfacet
  facet normal -0 0 -1
    outer loop
      vertex 30.9 0 0
      vertex 3.29293 -0.21583 0
      vertex 3.3 0 0
    endloop
  endfacet
  facet normal 0 0 -1
    outer loop
      vertex 30.9109 -0.333555 0
      vertex 3.29293 -0.21583 0
      vertex 30.9 0 0
    endloop
  endfacet
  facet normal 0 -0 -1
    outer loop
      vertex 3.29293 -0.21583 0
      vertex 30.9109 -0.333555 0
      vertex 3.27177 -0.430736 0
    endloop
  endfacet
  facet normal 0 0 -1
    outer loop
      vertex 30.9436 -0.665683 0
      vertex 3.27177 -0.430736 0
      vertex 30.9109 -0.333555 0
    endloop
  endfacet
  facet normal 0 -0 -1
    outer loop
      vertex 3.27177 -0.430736 0
      vertex 30.9436 -0.665683 0
      vertex 3.23659 -0.643798 0
    endloop
  endfacet
  facet normal 0 0 -1
    outer loop
      vertex 2.33345 -2.33345 0
      vertex 3.36266 -32.1656 0
      vertex 3.10468 -31.9539 0
    endloop
  endfacet
  facet normal 0 0 -1
    outer loop
      vertex 30.998 -0.99496 0
      vertex 3.23659 -0.643798 0
      vertex 30.9436 -0.665683 0
    endloop
  endfacet
  facet normal 0 -0 -1
    outer loop
      vertex 3.23659 -0.643798 0
      vertex 30.998 -0.99496 0
      vertex 3.18755 -0.854102 0
    endloop
  endfacet
  facet normal 0 0 -1
    outer loop
      vertex 31.0738 -1.31998 0
      vertex 3.18755 -0.854102 0
      vertex 30.998 -0.99496 0
    endloop
  endfacet
  facet normal 0 0 -1
    outer loop
      vertex 2.17584 -2.48107 0
      vertex 3.10468 -31.9539 0
      vertex 2.83341 -31.7595 0
    endloop
  endfacet
  facet normal 0 -0 -1
    outer loop
      vertex 3.18755 -0.854102 0
      vertex 31.0738 -1.31998 0
      vertex 3.12487 -1.06075 0
    endloop
  endfacet
  facet normal 0 0 -1
    outer loop
      vertex 31.1707 -1.63934 0
      vertex 3.12487 -1.06075 0
      vertex 31.0738 -1.31998 0
    endloop
  endfacet
  facet normal 0 0 -1
    outer loop
      vertex 1.83338 -2.74385 0
      vertex 2.83341 -31.7595 0
      vertex 2.55 -31.5833 0
    endloop
  endfacet
  facet normal 0 -0 -1
    outer loop
      vertex 3.12487 -1.06075 0
      vertex 31.1707 -1.63934 0
      vertex 3.0488 -1.26285 0
    endloop
  endfacet
  facet normal 0 0 -1
    outer loop
      vertex 31.4259 -2.25567 0
      vertex 2.95968 -1.45955 0
      vertex 31.2882 -1.95168 0
    endloop
  endfacet
  facet normal 0 0 -1
    outer loop
      vertex 1.65 -2.85788 0
      vertex 2.55 -31.5833 0
      vertex 2.25567 -31.4259 0
    endloop
  endfacet
  facet normal 0 0 -1
    outer loop
      vertex 3.10468 -31.9539 0
      vertex 2.17584 -2.48107 0
      vertex 2.33345 -2.33345 0
    endloop
  endfacet
  facet normal 0 0 -1
    outer loop
      vertex 2.83341 -31.7595 0
      vertex 2.00891 -2.61807 0
      vertex 2.17584 -2.48107 0
    endloop
  endfacet
  facet normal 0 0 -1
    outer loop
      vertex 1.45955 -2.95968 0
      vertex 2.25567 -31.4259 0
      vertex 1.95168 -31.2882 0
    endloop
  endfacet
  facet normal 0 0 -1
    outer loop
      vertex 2.83341 -31.7595 0
      vertex 1.83338 -2.74385 0
      vertex 2.00891 -2.61807 0
    endloop
  endfacet
  facet normal 0 0 -1
    outer loop
      vertex 2.55 -31.5833 0
      vertex 1.65 -2.85788 0
      vertex 1.83338 -2.74385 0
    endloop
  endfacet
  facet normal 0 0 -1
    outer loop
      vertex 1.26285 -3.0488 0
      vertex 1.95168 -31.2882 0
      vertex 1.63934 -31.1707 0
    endloop
  endfacet
  facet normal 0 0 -1
    outer loop
      vertex 2.25567 -31.4259 0
      vertex 1.45955 -2.95968 0
      vertex 1.65 -2.85788 0
    endloop
  endfacet
  facet normal 0 0 -1
    outer loop
      vertex 1.06075 -3.12487 0
      vertex 1.63934 -31.1707 0
      vertex 1.31998 -31.0738 0
    endloop
  endfacet
  facet normal 0 0 -1
    outer loop
      vertex 1.95168 -31.2882 0
      vertex 1.26285 -3.0488 0
      vertex 1.45955 -2.95968 0
    endloop
  endfacet
  facet normal 0 0 -1
    outer loop
      vertex 1.63934 -31.1707 0
      vertex 1.06075 -3.12487 0
      vertex 1.26285 -3.0488 0
    endloop
  endfacet
  facet normal 0 0 -1
    outer loop
      vertex 0.854102 -3.18755 0
      vertex 1.31998 -31.0738 0
      vertex 0.99496 -30.998 0
    endloop
  endfacet
  facet normal 0 0 -1
    outer loop
      vertex 1.31998 -31.0738 0
      vertex 0.854102 -3.18755 0
      vertex 1.06075 -3.12487 0
    endloop
  endfacet
  facet normal 0 0 -1
    outer loop
      vertex 0.643798 -3.23659 0
      vertex 0.99496 -30.998 0
      vertex 0.665683 -30.9436 0
    endloop
  endfacet
  facet normal 0 0 -1
    outer loop
      vertex 0.99496 -30.998 0
      vertex 0.643798 -3.23659 0
      vertex 0.854102 -3.18755 0
    endloop
  endfacet
  facet normal 0 0 -1
    outer loop
      vertex 0.665683 -30.9436 0
      vertex 0.430736 -3.27177 0
      vertex 0.643798 -3.23659 0
    endloop
  endfacet
  facet normal 0 0 -1
    outer loop
      vertex 0.333555 -30.9109 0
      vertex 0.430736 -3.27177 0
      vertex 0.665683 -30.9436 0
    endloop
  endfacet
  facet normal 0 0 -1
    outer loop
      vertex 0.333555 -30.9109 0
      vertex 0.21583 -3.29293 0
      vertex 0.430736 -3.27177 0
    endloop
  endfacet
  facet normal 0 0 -1
    outer loop
      vertex 0 -30.9 0
      vertex 0.21583 -3.29293 0
      vertex 0.333555 -30.9109 0
    endloop
  endfacet
  facet normal 0 0 -1
    outer loop
      vertex 0 -30.9 0
      vertex 0 -3.3 0
      vertex 0.21583 -3.29293 0
    endloop
  endfacet
  facet normal 0 0 -1
    outer loop
      vertex 0 -30.9 0
      vertex -0.21583 -3.29293 0
      vertex 0 -3.3 0
    endloop
  endfacet
  facet normal 0 0 -1
    outer loop
      vertex -0.333555 -30.9109 0
      vertex -0.21583 -3.29293 0
      vertex 0 -30.9 0
    endloop
  endfacet
  facet normal 0 0 -1
    outer loop
      vertex -0.333555 -30.9109 0
      vertex -0.430736 -3.27177 0
      vertex -0.21583 -3.29293 0
    endloop
  endfacet
  facet normal 0 0 -1
    outer loop
      vertex -0.665683 -30.9436 0
      vertex -0.430736 -3.27177 0
      vertex -0.333555 -30.9109 0
    endloop
  endfacet
  facet normal -0 0 -1
    outer loop
      vertex -0.430736 -3.27177 0
      vertex -0.665683 -30.9436 0
      vertex -0.643798 -3.23659 0
    endloop
  endfacet
  facet normal 0 0 -1
    outer loop
      vertex -0.99496 -30.998 0
      vertex -0.643798 -3.23659 0
      vertex -0.665683 -30.9436 0
    endloop
  endfacet
  facet normal -0 0 -1
    outer loop
      vertex -0.643798 -3.23659 0
      vertex -0.99496 -30.998 0
      vertex -0.854102 -3.18755 0
    endloop
  endfacet
  facet normal 0 0 -1
    outer loop
      vertex -1.31998 -31.0738 0
      vertex -0.854102 -3.18755 0
      vertex -0.99496 -30.998 0
    endloop
  endfacet
  facet normal -0 0 -1
    outer loop
      vertex -0.854102 -3.18755 0
      vertex -1.31998 -31.0738 0
      vertex -1.06075 -3.12487 0
    endloop
  endfacet
  facet normal 0 0 -1
    outer loop
      vertex -1.63934 -31.1707 0
      vertex -1.06075 -3.12487 0
      vertex -1.31998 -31.0738 0
    endloop
  endfacet
  facet normal -0 0 -1
    outer loop
      vertex -1.06075 -3.12487 0
      vertex -1.63934 -31.1707 0
      vertex -1.26285 -3.0488 0
    endloop
  endfacet
  facet normal 0 0 -1
    outer loop
      vertex -1.95168 -31.2882 0
      vertex -1.26285 -3.0488 0
      vertex -1.63934 -31.1707 0
    endloop
  endfacet
  facet normal -0 0 -1
    outer loop
      vertex -1.26285 -3.0488 0
      vertex -1.95168 -31.2882 0
      vertex -1.45955 -2.95968 0
    endloop
  endfacet
  facet normal 0 0 -1
    outer loop
      vertex -2.25567 -31.4259 0
      vertex -1.45955 -2.95968 0
      vertex -1.95168 -31.2882 0
    endloop
  endfacet
  facet normal -0 0 -1
    outer loop
      vertex -1.45955 -2.95968 0
      vertex -2.25567 -31.4259 0
      vertex -1.65 -2.85788 0
    endloop
  endfacet
  facet normal 0 0 -1
    outer loop
      vertex -2.55 -31.5833 0
      vertex -1.65 -2.85788 0
      vertex -2.25567 -31.4259 0
    endloop
  endfacet
  facet normal -0 0 -1
    outer loop
      vertex -1.65 -2.85788 0
      vertex -2.55 -31.5833 0
      vertex -1.83338 -2.74385 0
    endloop
  endfacet
  facet normal 0 0 -1
    outer loop
      vertex -2.83341 -31.7595 0
      vertex -1.83338 -2.74385 0
      vertex -2.55 -31.5833 0
    endloop
  endfacet
  facet normal -0 0 -1
    outer loop
      vertex -1.83338 -2.74385 0
      vertex -2.83341 -31.7595 0
      vertex -2.00891 -2.61807 0
    endloop
  endfacet
  facet normal -0 0 -1
    outer loop
      vertex -2.00891 -2.61807 0
      vertex -2.83341 -31.7595 0
      vertex -2.17584 -2.48107 0
    endloop
  endfacet
  facet normal 0 0 -1
    outer loop
      vertex -3.10468 -31.9539 0
      vertex -2.17584 -2.48107 0
      vertex -2.83341 -31.7595 0
    endloop
  endfacet
  facet normal -0 0 -1
    outer loop
      vertex -2.17584 -2.48107 0
      vertex -3.10468 -31.9539 0
      vertex -2.33345 -2.33345 0
    endloop
  endfacet
  facet normal 0 0 -1
    outer loop
      vertex -3.36266 -32.1656 0
      vertex -2.33345 -2.33345 0
      vertex -3.10468 -31.9539 0
    endloop
  endfacet
  facet normal 0 0 -1
    outer loop
      vertex -31.8198 -31.8198 0
      vertex -2.33345 -2.33345 0
      vertex -3.36266 -32.1656 0
    endloop
  endfacet
  facet normal -0 0 -1
    outer loop
      vertex -2.33345 -2.33345 0
      vertex -31.8198 -31.8198 0
      vertex -2.48107 -2.17584 0
    endloop
  endfacet
  facet normal 0 0 -1
    outer loop
      vertex -33.8328 -29.6706 0
      vertex -2.48107 -2.17584 0
      vertex -31.8198 -31.8198 0
    endloop
  endfacet
  facet normal -0 0 -1
    outer loop
      vertex -2.48107 -2.17584 0
      vertex -33.8328 -29.6706 0
      vertex -2.61807 -2.00891 0
    endloop
  endfacet
  facet normal 0 0 -1
    outer loop
      vertex -35.7009 -27.3943 0
      vertex -2.61807 -2.00891 0
      vertex -33.8328 -29.6706 0
    endloop
  endfacet
  facet normal -0 0 -1
    outer loop
      vertex -2.61807 -2.00891 0
      vertex -35.7009 -27.3943 0
      vertex -2.74385 -1.83338 0
    endloop
  endfacet
  facet normal 0 0 -1
    outer loop
      vertex -37.4161 -25.0007 0
      vertex -2.74385 -1.83338 0
      vertex -35.7009 -27.3943 0
    endloop
  endfacet
  facet normal -0 0 -1
    outer loop
      vertex -2.74385 -1.83338 0
      vertex -37.4161 -25.0007 0
      vertex -2.85788 -1.65 0
    endloop
  endfacet
  facet normal 0 0 -1
    outer loop
      vertex -38.9711 -22.5 0
      vertex -2.85788 -1.65 0
      vertex -37.4161 -25.0007 0
    endloop
  endfacet
  facet normal -0 0 -1
    outer loop
      vertex -2.85788 -1.65 0
      vertex -38.9711 -22.5 0
      vertex -2.95968 -1.45955 0
    endloop
  endfacet
  facet normal 0 0 -1
    outer loop
      vertex -40.3593 -19.903 0
      vertex -2.95968 -1.45955 0
      vertex -38.9711 -22.5 0
    endloop
  endfacet
  facet normal 0 0 -1
    outer loop
      vertex -31.8198 -31.8198 0
      vertex -3.36266 -32.1656 0
      vertex -3.60624 -32.3938 0
    endloop
  endfacet
  facet normal -0 0 -1
    outer loop
      vertex 14.4648 42.6119 0
      vertex 5.05637 36.6657 0
      vertex 11.6469 43.4667 0
    endloop
  endfacet
  facet normal 0 0 -1
    outer loop
      vertex 5.002 36.995 0
      vertex 11.6469 43.4667 0
      vertex 5.05637 36.6657 0
    endloop
  endfacet
  facet normal 0 0 -1
    outer loop
      vertex 4.92622 37.32 0
      vertex 11.6469 43.4667 0
      vertex 5.002 36.995 0
    endloop
  endfacet
  facet normal 0 0 -1
    outer loop
      vertex 4.82934 37.6393 0
      vertex 11.6469 43.4667 0
      vertex 4.92622 37.32 0
    endloop
  endfacet
  facet normal -0 0 -1
    outer loop
      vertex 11.6469 43.4667 0
      vertex 4.82934 37.6393 0
      vertex 8.77906 44.1353 0
    endloop
  endfacet
  facet normal 0 0 -1
    outer loop
      vertex 4.71179 37.9517 0
      vertex 8.77906 44.1353 0
      vertex 4.82934 37.6393 0
    endloop
  endfacet
  facet normal 0 0 -1
    outer loop
      vertex 4.57405 38.2557 0
      vertex 8.77906 44.1353 0
      vertex 4.71179 37.9517 0
    endloop
  endfacet
  facet normal 0 0 -1
    outer loop
      vertex 4.41673 38.55 0
      vertex 8.77906 44.1353 0
      vertex 4.57405 38.2557 0
    endloop
  endfacet
  facet normal 0 0 -1
    outer loop
      vertex 4.24049 38.8334 0
      vertex 8.77906 44.1353 0
      vertex 4.41673 38.55 0
    endloop
  endfacet
  facet normal 0 0 -1
    outer loop
      vertex 4.0461 39.1047 0
      vertex 8.77906 44.1353 0
      vertex 4.24049 38.8334 0
    endloop
  endfacet
  facet normal -0 0 -1
    outer loop
      vertex 8.77906 44.1353 0
      vertex 4.0461 39.1047 0
      vertex 5.87368 44.615 0
    endloop
  endfacet
  facet normal 0 0 -1
    outer loop
      vertex 3.83438 39.3627 0
      vertex 5.87368 44.615 0
      vertex 4.0461 39.1047 0
    endloop
  endfacet
  facet normal 0 0 -1
    outer loop
      vertex 3.60624 39.6062 0
      vertex 5.87368 44.615 0
      vertex 3.83438 39.3627 0
    endloop
  endfacet
  facet normal 0 0 -1
    outer loop
      vertex 3.36266 39.8344 0
      vertex 5.87368 44.615 0
      vertex 3.60624 39.6062 0
    endloop
  endfacet
  facet normal 0 0 -1
    outer loop
      vertex 3.10468 40.0461 0
      vertex 5.87368 44.615 0
      vertex 3.36266 39.8344 0
    endloop
  endfacet
  facet normal 0 0 -1
    outer loop
      vertex 2.83341 40.2405 0
      vertex 5.87368 44.615 0
      vertex 3.10468 40.0461 0
    endloop
  endfacet
  facet normal -0 0 -1
    outer loop
      vertex 5.87368 44.615 0
      vertex 2.83341 40.2405 0
      vertex 2.94314 44.9037 0
    endloop
  endfacet
  facet normal 0 0 -1
    outer loop
      vertex 2.55 40.4167 0
      vertex 2.94314 44.9037 0
      vertex 2.83341 40.2405 0
    endloop
  endfacet
  facet normal 0 0 -1
    outer loop
      vertex 2.25567 40.5741 0
      vertex 2.94314 44.9037 0
      vertex 2.55 40.4167 0
    endloop
  endfacet
  facet normal 0 0 -1
    outer loop
      vertex 1.95168 40.7118 0
      vertex 2.94314 44.9037 0
      vertex 2.25567 40.5741 0
    endloop
  endfacet
  facet normal 0 0 -1
    outer loop
      vertex 1.63934 40.8293 0
      vertex 2.94314 44.9037 0
      vertex 1.95168 40.7118 0
    endloop
  endfacet
  facet normal 0 0 -1
    outer loop
      vertex 1.31998 40.9262 0
      vertex 2.94314 44.9037 0
      vertex 1.63934 40.8293 0
    endloop
  endfacet
  facet normal 0 0 -1
    outer loop
      vertex 0.99496 41.002 0
      vertex 2.94314 44.9037 0
      vertex 1.31998 40.9262 0
    endloop
  endfacet
  facet normal 0 0 -1
    outer loop
      vertex 0 45 0
      vertex 0.99496 41.002 0
      vertex 0.665683 41.0564 0
    endloop
  endfacet
  facet normal 0 0 -1
    outer loop
      vertex 0 45 0
      vertex 0.665683 41.0564 0
      vertex 0.333555 41.0891 0
    endloop
  endfacet
  facet normal 0 0 -1
    outer loop
      vertex 0 45 0
      vertex 0.333555 41.0891 0
      vertex 0 41.1 0
    endloop
  endfacet
  facet normal 0 0 -1
    outer loop
      vertex 0.99496 41.002 0
      vertex 0 45 0
      vertex 2.94314 44.9037 0
    endloop
  endfacet
  facet normal 0 0 -1
    outer loop
      vertex -0.333555 41.0891 0
      vertex 0 45 0
      vertex 0 41.1 0
    endloop
  endfacet
  facet normal 0 0 -1
    outer loop
      vertex -0.665683 41.0564 0
      vertex 0 45 0
      vertex -0.333555 41.0891 0
    endloop
  endfacet
  facet normal 0 0 -1
    outer loop
      vertex -0.99496 41.002 0
      vertex 0 45 0
      vertex -0.665683 41.0564 0
    endloop
  endfacet
  facet normal 0 0 -1
    outer loop
      vertex -2.94314 44.9037 0
      vertex -0.99496 41.002 0
      vertex -1.31998 40.9262 0
    endloop
  endfacet
  facet normal 0 0 -1
    outer loop
      vertex -2.94314 44.9037 0
      vertex -1.31998 40.9262 0
      vertex -1.63934 40.8293 0
    endloop
  endfacet
  facet normal 0 0 -1
    outer loop
      vertex -2.94314 44.9037 0
      vertex -1.63934 40.8293 0
      vertex -1.95168 40.7118 0
    endloop
  endfacet
  facet normal 0 0 -1
    outer loop
      vertex -2.94314 44.9037 0
      vertex -1.95168 40.7118 0
      vertex -2.25567 40.5741 0
    endloop
  endfacet
  facet normal 0 0 -1
    outer loop
      vertex -2.94314 44.9037 0
      vertex -2.25567 40.5741 0
      vertex -2.55 40.4167 0
    endloop
  endfacet
  facet normal 0 0 -1
    outer loop
      vertex -2.94314 44.9037 0
      vertex -2.55 40.4167 0
      vertex -2.83341 40.2405 0
    endloop
  endfacet
  facet normal 0 0 -1
    outer loop
      vertex -0.99496 41.002 0
      vertex -2.94314 44.9037 0
      vertex 0 45 0
    endloop
  endfacet
  facet normal 0 0 -1
    outer loop
      vertex -5.87368 44.615 0
      vertex -2.83341 40.2405 0
      vertex -3.10468 40.0461 0
    endloop
  endfacet
  facet normal 0 0 -1
    outer loop
      vertex -5.87368 44.615 0
      vertex -3.10468 40.0461 0
      vertex -3.36266 39.8344 0
    endloop
  endfacet
  facet normal 0 0 -1
    outer loop
      vertex -5.87368 44.615 0
      vertex -3.36266 39.8344 0
      vertex -3.60624 39.6062 0
    endloop
  endfacet
  facet normal 0 0 -1
    outer loop
      vertex -5.87368 44.615 0
      vertex -3.60624 39.6062 0
      vertex -3.83438 39.3627 0
    endloop
  endfacet
  facet normal 0 0 -1
    outer loop
      vertex -5.87368 44.615 0
      vertex -3.83438 39.3627 0
      vertex -4.0461 39.1047 0
    endloop
  endfacet
  facet normal 0 0 -1
    outer loop
      vertex -5.87368 44.615 0
      vertex -4.0461 39.1047 0
      vertex -4.24049 38.8334 0
    endloop
  endfacet
  facet normal 0 0 -1
    outer loop
      vertex -5.87368 44.615 0
      vertex -4.24049 38.8334 0
      vertex -4.41673 38.55 0
    endloop
  endfacet
  facet normal 0 0 -1
    outer loop
      vertex -5.87368 44.615 0
      vertex -4.41673 38.55 0
      vertex -4.57405 38.2557 0
    endloop
  endfacet
  facet normal 0 0 -1
    outer loop
      vertex -5.87368 44.615 0
      vertex -4.57405 38.2557 0
      vertex -4.71179 37.9517 0
    endloop
  endfacet
  facet normal 0 0 -1
    outer loop
      vertex -5.87368 44.615 0
      vertex -4.71179 37.9517 0
      vertex -4.82934 37.6393 0
    endloop
  endfacet
  facet normal 0 0 -1
    outer loop
      vertex -5.87368 44.615 0
      vertex -4.82934 37.6393 0
      vertex -4.92622 37.32 0
    endloop
  endfacet
  facet normal 0 0 -1
    outer loop
      vertex -2.83341 40.2405 0
      vertex -5.87368 44.615 0
      vertex -2.94314 44.9037 0
    endloop
  endfacet
  facet normal 0 0 -1
    outer loop
      vertex -5.002 36.995 0
      vertex -5.87368 44.615 0
      vertex -4.92622 37.32 0
    endloop
  endfacet
  facet normal 0 0 -1
    outer loop
      vertex -5.05637 36.6657 0
      vertex -5.87368 44.615 0
      vertex -5.002 36.995 0
    endloop
  endfacet
  facet normal 0 0 -1
    outer loop
      vertex -5.08908 36.3336 0
      vertex -5.87368 44.615 0
      vertex -5.05637 36.6657 0
    endloop
  endfacet
  facet normal 0 0 -1
    outer loop
      vertex -5.1 36 0
      vertex -5.87368 44.615 0
      vertex -5.08908 36.3336 0
    endloop
  endfacet
  facet normal 0 0 -1
    outer loop
      vertex -5.08908 35.6664 0
      vertex -5.87368 44.615 0
      vertex -5.1 36 0
    endloop
  endfacet
  facet normal -0 0 -1
    outer loop
      vertex -4.41673 -33.45 0
      vertex -25.0007 -37.4161 0
      vertex -4.24049 -33.1666 0
    endloop
  endfacet
  facet normal 0 0 -1
    outer loop
      vertex -5.08908 35.6664 0
      vertex -8.77906 44.1353 0
      vertex -5.87368 44.615 0
    endloop
  endfacet
  facet normal -0 0 -1
    outer loop
      vertex -4.24049 -33.1666 0
      vertex -25.0007 -37.4161 0
      vertex -4.0461 -32.8953 0
    endloop
  endfacet
  facet normal 0 0 -1
    outer loop
      vertex -5.08908 35.6664 0
      vertex -11.6469 43.4667 0
      vertex -8.77906 44.1353 0
    endloop
  endfacet
  facet normal 0 0 -1
    outer loop
      vertex -27.3943 -35.7009 0
      vertex -4.0461 -32.8953 0
      vertex -25.0007 -37.4161 0
    endloop
  endfacet
  facet normal 0 0 -1
    outer loop
      vertex -5.08908 35.6664 0
      vertex -14.4648 42.6119 0
      vertex -11.6469 43.4667 0
    endloop
  endfacet
  facet normal 0 0 -1
    outer loop
      vertex -29.6706 -33.8328 0
      vertex -4.0461 -32.8953 0
      vertex -27.3943 -35.7009 0
    endloop
  endfacet
  facet normal 0 0 -1
    outer loop
      vertex -5.08908 35.6664 0
      vertex -17.2208 41.5746 0
      vertex -14.4648 42.6119 0
    endloop
  endfacet
  facet normal 0 0 -1
    outer loop
      vertex -31.8198 -31.8198 0
      vertex -4.0461 -32.8953 0
      vertex -29.6706 -33.8328 0
    endloop
  endfacet
  facet normal 0 0 -1
    outer loop
      vertex -5.05637 35.3343 0
      vertex -17.2208 41.5746 0
      vertex -5.08908 35.6664 0
    endloop
  endfacet
  facet normal 0 0 -1
    outer loop
      vertex -41.5746 -17.2208 0
      vertex -3.0488 -1.26285 0
      vertex -40.3593 -19.903 0
    endloop
  endfacet
  facet normal 0 -0 -1
    outer loop
      vertex -17.2208 41.5746 0
      vertex -5.05637 35.3343 0
      vertex -19.903 40.3593 0
    endloop
  endfacet
  facet normal 0 0 -1
    outer loop
      vertex -42.2599 -15.4 0
      vertex -3.0488 -1.26285 0
      vertex -41.5746 -17.2208 0
    endloop
  endfacet
  facet normal 0 -0 -1
    outer loop
      vertex -19.903 40.3593 0
      vertex -5.05637 35.3343 0
      vertex -22.5 38.9711 0
    endloop
  endfacet
  facet normal -0 0 -1
    outer loop
      vertex -3.0488 -1.26285 0
      vertex -42.2599 -15.4 0
      vertex -3.12487 -1.06075 0
    endloop
  endfacet
  facet normal 0 -0 -1
    outer loop
      vertex -22.5 38.9711 0
      vertex -5.05637 35.3343 0
      vertex -25.0007 37.4161 0
    endloop
  endfacet
  facet normal -0 0 -1
    outer loop
      vertex -3.12487 -1.06075 0
      vertex -42.2599 -15.4 0
      vertex -3.18755 -0.854102 0
    endloop
  endfacet
  facet normal 0 -0 -1
    outer loop
      vertex -25.0007 37.4161 0
      vertex -5.05637 35.3343 0
      vertex -27.3943 35.7009 0
    endloop
  endfacet
  facet normal -0 0 -1
    outer loop
      vertex -3.18755 -0.854102 0
      vertex -42.2599 -15.4 0
      vertex -3.23659 -0.643798 0
    endloop
  endfacet
  facet normal 0 -0 -1
    outer loop
      vertex -27.3943 35.7009 0
      vertex -5.05637 35.3343 0
      vertex -29.6706 33.8328 0
    endloop
  endfacet
  facet normal -0 0 -1
    outer loop
      vertex -3.23659 -0.643798 0
      vertex -42.2599 -15.4 0
      vertex -3.27177 -0.430736 0
    endloop
  endfacet
  facet normal 0 -0 -1
    outer loop
      vertex -29.6706 33.8328 0
      vertex -5.05637 35.3343 0
      vertex -31.8198 31.8198 0
    endloop
  endfacet
  facet normal -0 0 -1
    outer loop
      vertex -3.27177 -0.430736 0
      vertex -42.2599 -15.4 0
      vertex -3.29293 -0.21583 0
    endloop
  endfacet
  facet normal 0 0 -1
    outer loop
      vertex -3.29293 0.21583 0
      vertex -31.8198 31.8198 0
      vertex -5.05637 35.3343 0
    endloop
  endfacet
  facet normal -0 0 -1
    outer loop
      vertex -3.29293 -0.21583 0
      vertex -42.2599 -15.4 0
      vertex -3.3 0 0
    endloop
  endfacet
  facet normal 0 -0 -1
    outer loop
      vertex -31.8198 31.8198 0
      vertex -3.29293 0.21583 0
      vertex -33.8328 29.6706 0
    endloop
  endfacet
  facet normal 0 0 -1
    outer loop
      vertex -3.3 0 0
      vertex -42.2599 15.4 0
      vertex -3.29293 0.21583 0
    endloop
  endfacet
  facet normal 0 -0 -1
    outer loop
      vertex -33.8328 29.6706 0
      vertex -3.29293 0.21583 0
      vertex -35.7009 27.3943 0
    endloop
  endfacet
  facet normal 0 -0 -1
    outer loop
      vertex -41.5746 17.2208 0
      vertex -3.29293 0.21583 0
      vertex -42.2599 15.4 0
    endloop
  endfacet
  facet normal 0 -0 -1
    outer loop
      vertex -35.7009 27.3943 0
      vertex -3.29293 0.21583 0
      vertex -37.4161 25.0007 0
    endloop
  endfacet
  facet normal 0 0 -1
    outer loop
      vertex -42.2599 15.4 0
      vertex -3.3 0 0
      vertex -42.2599 -15.4 0
    endloop
  endfacet
  facet normal 0 -0 -1
    outer loop
      vertex -40.3593 19.903 0
      vertex -3.29293 0.21583 0
      vertex -41.5746 17.2208 0
    endloop
  endfacet
  facet normal 0 -0 -1
    outer loop
      vertex -38.9711 22.5 0
      vertex -3.29293 0.21583 0
      vertex -40.3593 19.903 0
    endloop
  endfacet
  facet normal 0 -0 -1
    outer loop
      vertex -37.4161 25.0007 0
      vertex -3.29293 0.21583 0
      vertex -38.9711 22.5 0
    endloop
  endfacet
  facet normal 0 0 -1
    outer loop
      vertex -65.3 0 0
      vertex -42.2599 -15.4 0
      vertex -65.3 -6 0
    endloop
  endfacet
  facet normal 0 0 -1
    outer loop
      vertex -42.2599 -15.4 0
      vertex -65.4142 -6.57402 0
      vertex -65.3 -6 0
    endloop
  endfacet
  facet normal 0 0 -1
    outer loop
      vertex -42.2599 -15.4 0
      vertex -65.7393 -7.06066 0
      vertex -65.4142 -6.57402 0
    endloop
  endfacet
  facet normal 0 0 -1
    outer loop
      vertex -42.2599 -15.4 0
      vertex -66.226 -7.38582 0
      vertex -65.7393 -7.06066 0
    endloop
  endfacet
  facet normal 0 0 -1
    outer loop
      vertex -42.2599 -15.4 0
      vertex -66.8 -7.5 0
      vertex -66.226 -7.38582 0
    endloop
  endfacet
  facet normal 0 0 -1
    outer loop
      vertex -72.8 -7.5 0
      vertex -66.8 -7.5 0
      vertex -42.2599 -15.4 0
    endloop
  endfacet
  facet normal 0 0 -1
    outer loop
      vertex -67.8607 -1.06066 0
      vertex -71.3 0 0
      vertex -68.1858 -0.574024 0
    endloop
  endfacet
  facet normal 0 0 -1
    outer loop
      vertex -68.1858 -0.574024 0
      vertex -71.3 0 0
      vertex -68.3 0 0
    endloop
  endfacet
  facet normal 0 0 -1
    outer loop
      vertex -68.1858 -6.57402 0
      vertex -71.3 -6 0
      vertex -68.3 -6 0
    endloop
  endfacet
  facet normal 0 0 -1
    outer loop
      vertex -71.4142 -6.57402 0
      vertex -68.1858 -6.57402 0
      vertex -67.8607 -7.06066 0
    endloop
  endfacet
  facet normal 0 0 -1
    outer loop
      vertex -71.7393 -7.06066 0
      vertex -67.8607 -7.06066 0
      vertex -67.374 -7.38582 0
    endloop
  endfacet
  facet normal 0 0 -1
    outer loop
      vertex -68.1858 -6.57402 0
      vertex -71.4142 -6.57402 0
      vertex -71.3 -6 0
    endloop
  endfacet
  facet normal 0 0 -1
    outer loop
      vertex -66.8 -7.5 0
      vertex -72.8 -7.5 0
      vertex -67.374 -7.38582 0
    endloop
  endfacet
  facet normal 0 0 -1
    outer loop
      vertex -67.8607 -7.06066 0
      vertex -71.7393 -7.06066 0
      vertex -71.4142 -6.57402 0
    endloop
  endfacet
  facet normal 0 0 -1
    outer loop
      vertex -67.374 -7.38582 0
      vertex -72.226 -7.38582 0
      vertex -71.7393 -7.06066 0
    endloop
  endfacet
  facet normal -0 0 -1
    outer loop
      vertex -67.374 -7.38582 0
      vertex -72.8 -7.5 0
      vertex -72.226 -7.38582 0
    endloop
  endfacet
  facet normal 0 0 -1
    outer loop
      vertex -103.8 -15.4 0
      vertex -72.8 -7.5 0
      vertex -42.2599 -15.4 0
    endloop
  endfacet
  facet normal 0 0 -1
    outer loop
      vertex -73.8607 -1.06066 0
      vertex -77.3 0 0
      vertex -74.1858 -0.574024 0
    endloop
  endfacet
  facet normal 0 0 -1
    outer loop
      vertex -74.1858 -0.574024 0
      vertex -77.3 0 0
      vertex -74.3 0 0
    endloop
  endfacet
  facet normal 0 0 -1
    outer loop
      vertex -74.1858 -6.57402 0
      vertex -77.3 -6 0
      vertex -74.3 -6 0
    endloop
  endfacet
  facet normal 0 0 -1
    outer loop
      vertex -77.4142 -6.57402 0
      vertex -74.1858 -6.57402 0
      vertex -73.8607 -7.06066 0
    endloop
  endfacet
  facet normal 0 0 -1
    outer loop
      vertex -77.7393 -7.06066 0
      vertex -73.8607 -7.06066 0
      vertex -73.374 -7.38582 0
    endloop
  endfacet
  facet normal 0 0 -1
    outer loop
      vertex -74.1858 -6.57402 0
      vertex -77.4142 -6.57402 0
      vertex -77.3 -6 0
    endloop
  endfacet
  facet normal 0 -0 -1
    outer loop
      vertex -78.8 -7.5 0
      vertex -72.8 -7.5 0
      vertex -103.8 -15.4 0
    endloop
  endfacet
  facet normal 0 0 -1
    outer loop
      vertex -73.8607 -7.06066 0
      vertex -77.7393 -7.06066 0
      vertex -77.4142 -6.57402 0
    endloop
  endfacet
  facet normal 0 0 -1
    outer loop
      vertex -73.374 -7.38582 0
      vertex -78.226 -7.38582 0
      vertex -77.7393 -7.06066 0
    endloop
  endfacet
  facet normal -0 0 -1
    outer loop
      vertex -73.374 -7.38582 0
      vertex -78.8 -7.5 0
      vertex -78.226 -7.38582 0
    endloop
  endfacet
  facet normal 0 0 -1
    outer loop
      vertex -72.8 -7.5 0
      vertex -78.8 -7.5 0
      vertex -73.374 -7.38582 0
    endloop
  endfacet
  facet normal 0 0 -1
    outer loop
      vertex -79.8607 -1.06066 0
      vertex -83.3 0 0
      vertex -80.1858 -0.574024 0
    endloop
  endfacet
  facet normal 0 0 -1
    outer loop
      vertex -80.1858 -0.574024 0
      vertex -83.3 0 0
      vertex -80.3 0 0
    endloop
  endfacet
  facet normal 0 0 -1
    outer loop
      vertex -80.1858 -6.57402 0
      vertex -83.3 -6 0
      vertex -80.3 -6 0
    endloop
  endfacet
  facet normal 0 0 -1
    outer loop
      vertex -83.4142 -6.57402 0
      vertex -80.1858 -6.57402 0
      vertex -79.8607 -7.06066 0
    endloop
  endfacet
  facet normal 0 0 -1
    outer loop
      vertex -83.7393 -7.06066 0
      vertex -79.8607 -7.06066 0
      vertex -79.374 -7.38582 0
    endloop
  endfacet
  facet normal 0 0 -1
    outer loop
      vertex -80.1858 -6.57402 0
      vertex -83.4142 -6.57402 0
      vertex -83.3 -6 0
    endloop
  endfacet
  facet normal 0 -0 -1
    outer loop
      vertex -84.8 -7.5 0
      vertex -78.8 -7.5 0
      vertex -103.8 -15.4 0
    endloop
  endfacet
  facet normal 0 0 -1
    outer loop
      vertex -79.8607 -7.06066 0
      vertex -83.7393 -7.06066 0
      vertex -83.4142 -6.57402 0
    endloop
  endfacet
  facet normal 0 0 -1
    outer loop
      vertex -79.374 -7.38582 0
      vertex -84.226 -7.38582 0
      vertex -83.7393 -7.06066 0
    endloop
  endfacet
  facet normal -0 0 -1
    outer loop
      vertex -79.374 -7.38582 0
      vertex -84.8 -7.5 0
      vertex -84.226 -7.38582 0
    endloop
  endfacet
  facet normal 0 0 -1
    outer loop
      vertex -85.8607 -1.06066 0
      vertex -89.3 0 0
      vertex -86.1858 -0.574024 0
    endloop
  endfacet
  facet normal 0 0 -1
    outer loop
      vertex -86.1858 -0.574024 0
      vertex -89.3 0 0
      vertex -86.3 0 0
    endloop
  endfacet
  facet normal 0 0 -1
    outer loop
      vertex -86.1858 -6.57402 0
      vertex -89.3 -6 0
      vertex -86.3 -6 0
    endloop
  endfacet
  facet normal 0 0 -1
    outer loop
      vertex -89.4142 -6.57402 0
      vertex -86.1858 -6.57402 0
      vertex -85.8607 -7.06066 0
    endloop
  endfacet
  facet normal 0 0 -1
    outer loop
      vertex -89.7393 -7.06066 0
      vertex -85.8607 -7.06066 0
      vertex -85.374 -7.38582 0
    endloop
  endfacet
  facet normal 0 0 -1
    outer loop
      vertex -86.1858 -6.57402 0
      vertex -89.4142 -6.57402 0
      vertex -89.3 -6 0
    endloop
  endfacet
  facet normal 0 0 -1
    outer loop
      vertex -85.8607 -7.06066 0
      vertex -89.7393 -7.06066 0
      vertex -89.4142 -6.57402 0
    endloop
  endfacet
  facet normal 0 0 -1
    outer loop
      vertex -90.226 -7.38582 0
      vertex -85.374 -7.38582 0
      vertex -84.8 -7.5 0
    endloop
  endfacet
  facet normal 0 0 -1
    outer loop
      vertex -78.8 -7.5 0
      vertex -84.8 -7.5 0
      vertex -79.374 -7.38582 0
    endloop
  endfacet
  facet normal 0 0 -1
    outer loop
      vertex -85.374 -7.38582 0
      vertex -90.226 -7.38582 0
      vertex -89.7393 -7.06066 0
    endloop
  endfacet
  facet normal 0 -0 -1
    outer loop
      vertex -90.8 -7.5 0
      vertex -84.8 -7.5 0
      vertex -103.8 -15.4 0
    endloop
  endfacet
  facet normal 0 0 -1
    outer loop
      vertex -91.8607 -1.06066 0
      vertex -95.3 0 0
      vertex -92.1858 -0.574024 0
    endloop
  endfacet
  facet normal 0 0 -1
    outer loop
      vertex -92.1858 -0.574024 0
      vertex -95.3 0 0
      vertex -92.3 0 0
    endloop
  endfacet
  facet normal 0 0 -1
    outer loop
      vertex -92.1858 -6.57402 0
      vertex -95.3 -6 0
      vertex -92.3 -6 0
    endloop
  endfacet
  facet normal 0 0 -1
    outer loop
      vertex -95.4142 -6.57402 0
      vertex -92.1858 -6.57402 0
      vertex -91.8607 -7.06066 0
    endloop
  endfacet
  facet normal 0 0 -1
    outer loop
      vertex -95.7393 -7.06066 0
      vertex -91.8607 -7.06066 0
      vertex -91.374 -7.38582 0
    endloop
  endfacet
  facet normal 0 0 -1
    outer loop
      vertex -92.1858 -6.57402 0
      vertex -95.4142 -6.57402 0
      vertex -95.3 -6 0
    endloop
  endfacet
  facet normal 0 0 -1
    outer loop
      vertex -91.8607 -7.06066 0
      vertex -95.7393 -7.06066 0
      vertex -95.4142 -6.57402 0
    endloop
  endfacet
  facet normal 0 0 -1
    outer loop
      vertex -103.8 -15.4 0
      vertex -91.374 -7.38582 0
      vertex -90.8 -7.5 0
    endloop
  endfacet
  facet normal 0 0 -1
    outer loop
      vertex -84.8 -7.5 0
      vertex -90.8 -7.5 0
      vertex -90.226 -7.38582 0
    endloop
  endfacet
  facet normal -0 0 -1
    outer loop
      vertex -91.374 -7.38582 0
      vertex -103.8 -15.4 0
      vertex -96.226 -7.38582 0
    endloop
  endfacet
  facet normal 0 0 -1
    outer loop
      vertex -91.374 -7.38582 0
      vertex -96.226 -7.38582 0
      vertex -95.7393 -7.06066 0
    endloop
  endfacet
  facet normal -0 0 -1
    outer loop
      vertex -98.1858 -6.57402 0
      vertex -107.8 -11.4 0
      vertex -98.3 -6 0
    endloop
  endfacet
  facet normal -0 0 -1
    outer loop
      vertex -98.1858 -0.574024 0
      vertex -107.8 -11.4 0
      vertex -98.3 0 0
    endloop
  endfacet
  facet normal -0 0 -1
    outer loop
      vertex -97.8607 -7.06066 0
      vertex -107.8 -11.4 0
      vertex -98.1858 -6.57402 0
    endloop
  endfacet
  facet normal 0 0 -1
    outer loop
      vertex -107.8 -11.4 0
      vertex -97.8607 -7.06066 0
      vertex -103.8 -15.4 0
    endloop
  endfacet
  facet normal -0 0 -1
    outer loop
      vertex -97.374 -7.38582 0
      vertex -103.8 -15.4 0
      vertex -97.8607 -7.06066 0
    endloop
  endfacet
  facet normal -0 0 -1
    outer loop
      vertex -96.8 -7.5 0
      vertex -103.8 -15.4 0
      vertex -97.374 -7.38582 0
    endloop
  endfacet
  facet normal 0 0 -1
    outer loop
      vertex -96.226 -7.38582 0
      vertex -103.8 -15.4 0
      vertex -96.8 -7.5 0
    endloop
  endfacet
  facet normal 0 0 -1
    outer loop
      vertex 30.9 0 0
      vertex 4.41673 33.45 0
      vertex 4.57405 33.7443 0
    endloop
  endfacet
  facet normal 0 0 -1
    outer loop
      vertex 2.85788 1.65 0
      vertex 30.9 0 0
      vertex 2.95968 1.45955 0
    endloop
  endfacet
  facet normal 0 0 -1
    outer loop
      vertex 30.9 0 0
      vertex 4.24049 33.1666 0
      vertex 4.41673 33.45 0
    endloop
  endfacet
  facet normal 0 0 -1
    outer loop
      vertex 2.74385 1.83338 0
      vertex 30.9 0 0
      vertex 2.85788 1.65 0
    endloop
  endfacet
  facet normal 0 0 -1
    outer loop
      vertex 30.9 0 0
      vertex 4.0461 32.8953 0
      vertex 4.24049 33.1666 0
    endloop
  endfacet
  facet normal 0 0 -1
    outer loop
      vertex 2.61807 2.00891 0
      vertex 30.9 0 0
      vertex 2.74385 1.83338 0
    endloop
  endfacet
  facet normal 0 0 -1
    outer loop
      vertex 30.9 0 0
      vertex 3.83438 32.6373 0
      vertex 4.0461 32.8953 0
    endloop
  endfacet
  facet normal 0 0 -1
    outer loop
      vertex 2.48107 2.17584 0
      vertex 30.9 0 0
      vertex 2.61807 2.00891 0
    endloop
  endfacet
  facet normal 0 0 -1
    outer loop
      vertex 30.9 0 0
      vertex 3.60624 32.3938 0
      vertex 3.83438 32.6373 0
    endloop
  endfacet
  facet normal 0 0 -1
    outer loop
      vertex 30.9 0 0
      vertex 2.48107 2.17584 0
      vertex 3.60624 32.3938 0
    endloop
  endfacet
  facet normal 0 0 -1
    outer loop
      vertex 3.60624 32.3938 0
      vertex 2.48107 2.17584 0
      vertex 3.36266 32.1656 0
    endloop
  endfacet
  facet normal 0 0 -1
    outer loop
      vertex 2.33345 2.33345 0
      vertex 3.36266 32.1656 0
      vertex 2.48107 2.17584 0
    endloop
  endfacet
  facet normal 0 0 -1
    outer loop
      vertex 3.36266 32.1656 0
      vertex 2.33345 2.33345 0
      vertex 3.10468 31.9539 0
    endloop
  endfacet
  facet normal 0 0 -1
    outer loop
      vertex 2.17584 2.48107 0
      vertex 3.10468 31.9539 0
      vertex 2.33345 2.33345 0
    endloop
  endfacet
  facet normal 0 0 -1
    outer loop
      vertex 3.10468 31.9539 0
      vertex 2.17584 2.48107 0
      vertex 2.83341 31.7595 0
    endloop
  endfacet
  facet normal 0 0 -1
    outer loop
      vertex 2.00891 2.61807 0
      vertex 2.83341 31.7595 0
      vertex 2.17584 2.48107 0
    endloop
  endfacet
  facet normal 0 0 -1
    outer loop
      vertex 1.83338 2.74385 0
      vertex 2.83341 31.7595 0
      vertex 2.00891 2.61807 0
    endloop
  endfacet
  facet normal 0 0 -1
    outer loop
      vertex 2.83341 31.7595 0
      vertex 1.83338 2.74385 0
      vertex 2.55 31.5833 0
    endloop
  endfacet
  facet normal 0 0 -1
    outer loop
      vertex 1.65 2.85788 0
      vertex 2.55 31.5833 0
      vertex 1.83338 2.74385 0
    endloop
  endfacet
  facet normal 0 0 -1
    outer loop
      vertex 2.55 31.5833 0
      vertex 1.65 2.85788 0
      vertex 2.25567 31.4259 0
    endloop
  endfacet
  facet normal 0 0 -1
    outer loop
      vertex 1.45955 2.95968 0
      vertex 2.25567 31.4259 0
      vertex 1.65 2.85788 0
    endloop
  endfacet
  facet normal 0 0 -1
    outer loop
      vertex 2.25567 31.4259 0
      vertex 1.45955 2.95968 0
      vertex 1.95168 31.2882 0
    endloop
  endfacet
  facet normal 0 0 -1
    outer loop
      vertex 1.26285 3.0488 0
      vertex 1.95168 31.2882 0
      vertex 1.45955 2.95968 0
    endloop
  endfacet
  facet normal 0 0 -1
    outer loop
      vertex 1.95168 31.2882 0
      vertex 1.26285 3.0488 0
      vertex 1.63934 31.1707 0
    endloop
  endfacet
  facet normal 0 0 -1
    outer loop
      vertex 1.06075 3.12487 0
      vertex 1.63934 31.1707 0
      vertex 1.26285 3.0488 0
    endloop
  endfacet
  facet normal 0 0 -1
    outer loop
      vertex 1.63934 31.1707 0
      vertex 1.06075 3.12487 0
      vertex 1.31998 31.0738 0
    endloop
  endfacet
  facet normal 0 0 -1
    outer loop
      vertex 0.854102 3.18755 0
      vertex 1.31998 31.0738 0
      vertex 1.06075 3.12487 0
    endloop
  endfacet
  facet normal 0 0 -1
    outer loop
      vertex 1.31998 31.0738 0
      vertex 0.854102 3.18755 0
      vertex 0.99496 30.998 0
    endloop
  endfacet
  facet normal 0 0 -1
    outer loop
      vertex 0.643798 3.23659 0
      vertex 0.99496 30.998 0
      vertex 0.854102 3.18755 0
    endloop
  endfacet
  facet normal 0 0 -1
    outer loop
      vertex 0.99496 30.998 0
      vertex 0.643798 3.23659 0
      vertex 0.665683 30.9436 0
    endloop
  endfacet
  facet normal 0 0 -1
    outer loop
      vertex 0.430736 3.27177 0
      vertex 0.665683 30.9436 0
      vertex 0.643798 3.23659 0
    endloop
  endfacet
  facet normal 0 0 -1
    outer loop
      vertex 0.430736 3.27177 0
      vertex 0.333555 30.9109 0
      vertex 0.665683 30.9436 0
    endloop
  endfacet
  facet normal 0 0 -1
    outer loop
      vertex 0.21583 3.29293 0
      vertex 0.333555 30.9109 0
      vertex 0.430736 3.27177 0
    endloop
  endfacet
  facet normal 0 0 -1
    outer loop
      vertex 0 3.3 0
      vertex 0.333555 30.9109 0
      vertex 0.21583 3.29293 0
    endloop
  endfacet
  facet normal 0 0 -1
    outer loop
      vertex 0 3.3 0
      vertex 0 30.9 0
      vertex 0.333555 30.9109 0
    endloop
  endfacet
  facet normal 0 0 -1
    outer loop
      vertex -0.21583 3.29293 0
      vertex 0 30.9 0
      vertex 0 3.3 0
    endloop
  endfacet
  facet normal 0 0 -1
    outer loop
      vertex -0.21583 3.29293 0
      vertex -0.333555 30.9109 0
      vertex 0 30.9 0
    endloop
  endfacet
  facet normal 0 0 -1
    outer loop
      vertex -0.430736 3.27177 0
      vertex -0.333555 30.9109 0
      vertex -0.21583 3.29293 0
    endloop
  endfacet
  facet normal 0 0 -1
    outer loop
      vertex -0.665683 30.9436 0
      vertex -0.430736 3.27177 0
      vertex -0.643798 3.23659 0
    endloop
  endfacet
  facet normal 0 0 -1
    outer loop
      vertex -0.430736 3.27177 0
      vertex -0.665683 30.9436 0
      vertex -0.333555 30.9109 0
    endloop
  endfacet
  facet normal 0 0 -1
    outer loop
      vertex -0.99496 30.998 0
      vertex -0.643798 3.23659 0
      vertex -0.854102 3.18755 0
    endloop
  endfacet
  facet normal 0 0 -1
    outer loop
      vertex -0.643798 3.23659 0
      vertex -0.99496 30.998 0
      vertex -0.665683 30.9436 0
    endloop
  endfacet
  facet normal 0 0 -1
    outer loop
      vertex -1.31998 31.0738 0
      vertex -0.854102 3.18755 0
      vertex -1.06075 3.12487 0
    endloop
  endfacet
  facet normal 0 0 -1
    outer loop
      vertex -1.63934 31.1707 0
      vertex -1.06075 3.12487 0
      vertex -1.26285 3.0488 0
    endloop
  endfacet
  facet normal 0 0 -1
    outer loop
      vertex -0.854102 3.18755 0
      vertex -1.31998 31.0738 0
      vertex -0.99496 30.998 0
    endloop
  endfacet
  facet normal 0 0 -1
    outer loop
      vertex -1.95168 31.2882 0
      vertex -1.26285 3.0488 0
      vertex -1.45955 2.95968 0
    endloop
  endfacet
  facet normal 0 0 -1
    outer loop
      vertex -1.06075 3.12487 0
      vertex -1.63934 31.1707 0
      vertex -1.31998 31.0738 0
    endloop
  endfacet
  facet normal 0 0 -1
    outer loop
      vertex -2.25567 31.4259 0
      vertex -1.45955 2.95968 0
      vertex -1.65 2.85788 0
    endloop
  endfacet
  facet normal 0 0 -1
    outer loop
      vertex -2.55 31.5833 0
      vertex -1.65 2.85788 0
      vertex -1.83338 2.74385 0
    endloop
  endfacet
  facet normal 0 0 -1
    outer loop
      vertex -1.26285 3.0488 0
      vertex -1.95168 31.2882 0
      vertex -1.63934 31.1707 0
    endloop
  endfacet
  facet normal 0 0 -1
    outer loop
      vertex -2.83341 31.7595 0
      vertex -1.83338 2.74385 0
      vertex -2.00891 2.61807 0
    endloop
  endfacet
  facet normal 0 0 -1
    outer loop
      vertex -2.83341 31.7595 0
      vertex -2.00891 2.61807 0
      vertex -2.17584 2.48107 0
    endloop
  endfacet
  facet normal 0 0 -1
    outer loop
      vertex -1.45955 2.95968 0
      vertex -2.25567 31.4259 0
      vertex -1.95168 31.2882 0
    endloop
  endfacet
  facet normal 0 0 -1
    outer loop
      vertex -3.10468 31.9539 0
      vertex -2.17584 2.48107 0
      vertex -2.33345 2.33345 0
    endloop
  endfacet
  facet normal 0 0 -1
    outer loop
      vertex -3.36266 32.1656 0
      vertex -2.33345 2.33345 0
      vertex -2.48107 2.17584 0
    endloop
  endfacet
  facet normal 0 0 -1
    outer loop
      vertex -1.65 2.85788 0
      vertex -2.55 31.5833 0
      vertex -2.25567 31.4259 0
    endloop
  endfacet
  facet normal 0 0 -1
    outer loop
      vertex -3.60624 32.3938 0
      vertex -2.48107 2.17584 0
      vertex -2.61807 2.00891 0
    endloop
  endfacet
  facet normal 0 0 -1
    outer loop
      vertex -3.83438 32.6373 0
      vertex -2.61807 2.00891 0
      vertex -2.74385 1.83338 0
    endloop
  endfacet
  facet normal 0 0 -1
    outer loop
      vertex -1.83338 2.74385 0
      vertex -2.83341 31.7595 0
      vertex -2.55 31.5833 0
    endloop
  endfacet
  facet normal 0 0 -1
    outer loop
      vertex -4.0461 32.8953 0
      vertex -2.74385 1.83338 0
      vertex -2.85788 1.65 0
    endloop
  endfacet
  facet normal 0 0 -1
    outer loop
      vertex -4.24049 33.1666 0
      vertex -2.85788 1.65 0
      vertex -2.95968 1.45955 0
    endloop
  endfacet
  facet normal 0 0 -1
    outer loop
      vertex -4.41673 33.45 0
      vertex -2.95968 1.45955 0
      vertex -3.0488 1.26285 0
    endloop
  endfacet
  facet normal 0 0 -1
    outer loop
      vertex -2.17584 2.48107 0
      vertex -3.10468 31.9539 0
      vertex -2.83341 31.7595 0
    endloop
  endfacet
  facet normal 0 0 -1
    outer loop
      vertex -4.57405 33.7443 0
      vertex -3.0488 1.26285 0
      vertex -3.12487 1.06075 0
    endloop
  endfacet
  facet normal 0 0 -1
    outer loop
      vertex -4.71179 34.0483 0
      vertex -3.12487 1.06075 0
      vertex -3.18755 0.854102 0
    endloop
  endfacet
  facet normal 0 0 -1
    outer loop
      vertex -4.82934 34.3607 0
      vertex -3.18755 0.854102 0
      vertex -3.23659 0.643798 0
    endloop
  endfacet
  facet normal 0 0 -1
    outer loop
      vertex -4.92622 34.68 0
      vertex -3.23659 0.643798 0
      vertex -3.27177 0.430736 0
    endloop
  endfacet
  facet normal 0 0 -1
    outer loop
      vertex -5.002 35.005 0
      vertex -3.27177 0.430736 0
      vertex -3.29293 0.21583 0
    endloop
  endfacet
  facet normal -0 0 -1
    outer loop
      vertex -4.71179 -34.0483 0
      vertex -22.5 -38.9711 0
      vertex -4.57405 -33.7443 0
    endloop
  endfacet
  facet normal 0 0 -1
    outer loop
      vertex -2.33345 2.33345 0
      vertex -3.36266 32.1656 0
      vertex -3.10468 31.9539 0
    endloop
  endfacet
  facet normal 0 0 -1
    outer loop
      vertex -31.8198 -31.8198 0
      vertex -3.60624 -32.3938 0
      vertex -3.83438 -32.6373 0
    endloop
  endfacet
  facet normal 0 0 -1
    outer loop
      vertex -31.8198 -31.8198 0
      vertex -3.83438 -32.6373 0
      vertex -4.0461 -32.8953 0
    endloop
  endfacet
  facet normal 0 0 -1
    outer loop
      vertex -2.48107 2.17584 0
      vertex -3.60624 32.3938 0
      vertex -3.36266 32.1656 0
    endloop
  endfacet
  facet normal -0 0 -1
    outer loop
      vertex -2.95968 -1.45955 0
      vertex -40.3593 -19.903 0
      vertex -3.0488 -1.26285 0
    endloop
  endfacet
  facet normal 0 0 -1
    outer loop
      vertex -2.61807 2.00891 0
      vertex -3.83438 32.6373 0
      vertex -3.60624 32.3938 0
    endloop
  endfacet
  facet normal -0 0 -1
    outer loop
      vertex -4.57405 -33.7443 0
      vertex -22.5 -38.9711 0
      vertex -4.41673 -33.45 0
    endloop
  endfacet
  facet normal 0 0 -1
    outer loop
      vertex -2.74385 1.83338 0
      vertex -4.0461 32.8953 0
      vertex -3.83438 32.6373 0
    endloop
  endfacet
  facet normal 0 0 -1
    outer loop
      vertex -22.5 -38.9711 0
      vertex -4.71179 -34.0483 0
      vertex -19.903 -40.3593 0
    endloop
  endfacet
  facet normal 0 0 -1
    outer loop
      vertex -2.85788 1.65 0
      vertex -4.24049 33.1666 0
      vertex -4.0461 32.8953 0
    endloop
  endfacet
  facet normal -0 0 -1
    outer loop
      vertex -4.82934 -34.3607 0
      vertex -19.903 -40.3593 0
      vertex -4.71179 -34.0483 0
    endloop
  endfacet
  facet normal 0 0 -1
    outer loop
      vertex -2.95968 1.45955 0
      vertex -4.41673 33.45 0
      vertex -4.24049 33.1666 0
    endloop
  endfacet
  facet normal 0 0 -1
    outer loop
      vertex -19.903 -40.3593 0
      vertex -4.92622 -34.68 0
      vertex -17.2208 -41.5746 0
    endloop
  endfacet
  facet normal 0 0 -1
    outer loop
      vertex -3.0488 1.26285 0
      vertex -4.57405 33.7443 0
      vertex -4.41673 33.45 0
    endloop
  endfacet
  facet normal -0 0 -1
    outer loop
      vertex -5.002 -35.005 0
      vertex -17.2208 -41.5746 0
      vertex -4.92622 -34.68 0
    endloop
  endfacet
  facet normal 0 0 -1
    outer loop
      vertex -3.12487 1.06075 0
      vertex -4.71179 34.0483 0
      vertex -4.57405 33.7443 0
    endloop
  endfacet
  facet normal 0 0 -1
    outer loop
      vertex -17.2208 -41.5746 0
      vertex -5.05637 -35.3343 0
      vertex -14.4648 -42.6119 0
    endloop
  endfacet
  facet normal 0 0 -1
    outer loop
      vertex -3.18755 0.854102 0
      vertex -4.82934 34.3607 0
      vertex -4.71179 34.0483 0
    endloop
  endfacet
  facet normal -0 0 -1
    outer loop
      vertex -5.08908 -35.6664 0
      vertex -14.4648 -42.6119 0
      vertex -5.05637 -35.3343 0
    endloop
  endfacet
  facet normal 0 0 -1
    outer loop
      vertex -3.23659 0.643798 0
      vertex -4.92622 34.68 0
      vertex -4.82934 34.3607 0
    endloop
  endfacet
  facet normal -0 0 -1
    outer loop
      vertex -5.1 -36 0
      vertex -14.4648 -42.6119 0
      vertex -5.08908 -35.6664 0
    endloop
  endfacet
  facet normal 0 0 -1
    outer loop
      vertex -3.27177 0.430736 0
      vertex -5.002 35.005 0
      vertex -4.92622 34.68 0
    endloop
  endfacet
  facet normal -0 0 -1
    outer loop
      vertex -5.05637 -35.3343 0
      vertex -17.2208 -41.5746 0
      vertex -5.002 -35.005 0
    endloop
  endfacet
  facet normal 0 0 -1
    outer loop
      vertex -3.29293 0.21583 0
      vertex -5.05637 35.3343 0
      vertex -5.002 35.005 0
    endloop
  endfacet
  facet normal -0 0 -1
    outer loop
      vertex -5.08908 -36.3336 0
      vertex -14.4648 -42.6119 0
      vertex -5.1 -36 0
    endloop
  endfacet
  facet normal -0 0 -1
    outer loop
      vertex -4.92622 -34.68 0
      vertex -19.903 -40.3593 0
      vertex -4.82934 -34.3607 0
    endloop
  endfacet
  facet normal 0 0 -1
    outer loop
      vertex -14.4648 -42.6119 0
      vertex -5.05637 -36.6657 0
      vertex -11.6469 -43.4667 0
    endloop
  endfacet
  facet normal -0 0 -1
    outer loop
      vertex -5.05637 -36.6657 0
      vertex -14.4648 -42.6119 0
      vertex -5.08908 -36.3336 0
    endloop
  endfacet
  facet normal 0 0 -1
    outer loop
      vertex 41.002 -0.99496 0
      vertex 45 0 0
      vertex 44.9037 -2.94314 0
    endloop
  endfacet
  facet normal 0 0 -1
    outer loop
      vertex 40.2405 -2.83341 0
      vertex 44.9037 -2.94314 0
      vertex 44.615 -5.87368 0
    endloop
  endfacet
  facet normal 0 0 -1
    outer loop
      vertex 45 0 0
      vertex 41.0564 -0.665683 0
      vertex 41.0891 -0.333555 0
    endloop
  endfacet
  facet normal 0 0 -1
    outer loop
      vertex 39.1047 -4.0461 0
      vertex 44.615 -5.87368 0
      vertex 44.1353 -8.77906 0
    endloop
  endfacet
  facet normal -0 0 -1
    outer loop
      vertex 45 0 0
      vertex 41.0891 -0.333555 0
      vertex 41.1 0 0
    endloop
  endfacet
  facet normal 0 0 -1
    outer loop
      vertex 37.9517 -4.71179 0
      vertex 44.1353 -8.77906 0
      vertex 43.4667 -11.6469 0
    endloop
  endfacet
  facet normal 0 0 -1
    outer loop
      vertex 41.0564 0.665683 0
      vertex 45 0 0
      vertex 41.0891 0.333555 0
    endloop
  endfacet
  facet normal 0 0 -1
    outer loop
      vertex 36.6657 -5.05637 0
      vertex 43.4667 -11.6469 0
      vertex 42.6119 -14.4648 0
    endloop
  endfacet
  facet normal 0 0 -1
    outer loop
      vertex 41.002 0.99496 0
      vertex 45 0 0
      vertex 41.0564 0.665683 0
    endloop
  endfacet
  facet normal 0 0 -1
    outer loop
      vertex 35.6664 -5.08908 0
      vertex 42.6119 -14.4648 0
      vertex 41.5746 -17.2208 0
    endloop
  endfacet
  facet normal 0 0 -1
    outer loop
      vertex 40.9262 1.31998 0
      vertex 44.9037 2.94314 0
      vertex 41.002 0.99496 0
    endloop
  endfacet
  facet normal 0 0 -1
    outer loop
      vertex 40.8293 1.63934 0
      vertex 44.9037 2.94314 0
      vertex 40.9262 1.31998 0
    endloop
  endfacet
  facet normal 0 0 -1
    outer loop
      vertex 45 0 0
      vertex 41.002 0.99496 0
      vertex 44.9037 2.94314 0
    endloop
  endfacet
  facet normal 0 0 -1
    outer loop
      vertex 41.0891 0.333555 0
      vertex 45 0 0
      vertex 41.1 0 0
    endloop
  endfacet
  facet normal 0 0 -1
    outer loop
      vertex 45 0 0
      vertex 41.002 -0.99496 0
      vertex 41.0564 -0.665683 0
    endloop
  endfacet
  facet normal 0 0 -1
    outer loop
      vertex 44.9037 -2.94314 0
      vertex 40.9262 -1.31998 0
      vertex 41.002 -0.99496 0
    endloop
  endfacet
  facet normal 0 0 -1
    outer loop
      vertex 44.9037 -2.94314 0
      vertex 40.8293 -1.63934 0
      vertex 40.9262 -1.31998 0
    endloop
  endfacet
  facet normal 0 0 -1
    outer loop
      vertex 44.9037 -2.94314 0
      vertex 40.7118 -1.95168 0
      vertex 40.8293 -1.63934 0
    endloop
  endfacet
  facet normal 0 0 -1
    outer loop
      vertex 44.9037 -2.94314 0
      vertex 40.5741 -2.25567 0
      vertex 40.7118 -1.95168 0
    endloop
  endfacet
  facet normal 0 0 -1
    outer loop
      vertex 44.9037 -2.94314 0
      vertex 40.4167 -2.55 0
      vertex 40.5741 -2.25567 0
    endloop
  endfacet
  facet normal 0 0 -1
    outer loop
      vertex 34.68 -4.92622 0
      vertex 41.5746 -17.2208 0
      vertex 40.3593 -19.903 0
    endloop
  endfacet
  facet normal 0 0 -1
    outer loop
      vertex 44.9037 -2.94314 0
      vertex 40.2405 -2.83341 0
      vertex 40.4167 -2.55 0
    endloop
  endfacet
  facet normal 0 0 -1
    outer loop
      vertex 44.615 -5.87368 0
      vertex 40.0461 -3.10468 0
      vertex 40.2405 -2.83341 0
    endloop
  endfacet
  facet normal 0 0 -1
    outer loop
      vertex 44.615 -5.87368 0
      vertex 39.8344 -3.36266 0
      vertex 40.0461 -3.10468 0
    endloop
  endfacet
  facet normal 0 0 -1
    outer loop
      vertex 44.615 -5.87368 0
      vertex 39.6062 -3.60624 0
      vertex 39.8344 -3.36266 0
    endloop
  endfacet
  facet normal 0 0 -1
    outer loop
      vertex 44.615 -5.87368 0
      vertex 39.3627 -3.83438 0
      vertex 39.6062 -3.60624 0
    endloop
  endfacet
  facet normal 0 0 -1
    outer loop
      vertex 44.615 -5.87368 0
      vertex 39.1047 -4.0461 0
      vertex 39.3627 -3.83438 0
    endloop
  endfacet
  facet normal 0 0 -1
    outer loop
      vertex 34.0483 -4.71179 0
      vertex 40.3593 -19.903 0
      vertex 38.9711 -22.5 0
    endloop
  endfacet
  facet normal 0 0 -1
    outer loop
      vertex 44.1353 -8.77906 0
      vertex 38.8334 -4.24049 0
      vertex 39.1047 -4.0461 0
    endloop
  endfacet
  facet normal 0 0 -1
    outer loop
      vertex 44.1353 -8.77906 0
      vertex 38.55 -4.41673 0
      vertex 38.8334 -4.24049 0
    endloop
  endfacet
  facet normal 0 0 -1
    outer loop
      vertex 44.1353 -8.77906 0
      vertex 38.2557 -4.57405 0
      vertex 38.55 -4.41673 0
    endloop
  endfacet
  facet normal 0 0 -1
    outer loop
      vertex 44.1353 -8.77906 0
      vertex 37.9517 -4.71179 0
      vertex 38.2557 -4.57405 0
    endloop
  endfacet
  facet normal 0 0 -1
    outer loop
      vertex 43.4667 -11.6469 0
      vertex 37.6393 -4.82934 0
      vertex 37.9517 -4.71179 0
    endloop
  endfacet
  facet normal 0 0 -1
    outer loop
      vertex 33.45 -4.41673 0
      vertex 38.9711 -22.5 0
      vertex 37.4161 -25.0007 0
    endloop
  endfacet
  facet normal 0 0 -1
    outer loop
      vertex 43.4667 -11.6469 0
      vertex 37.32 -4.92622 0
      vertex 37.6393 -4.82934 0
    endloop
  endfacet
  facet normal 0 0 -1
    outer loop
      vertex 43.4667 -11.6469 0
      vertex 36.995 -5.002 0
      vertex 37.32 -4.92622 0
    endloop
  endfacet
  facet normal 0 0 -1
    outer loop
      vertex 43.4667 -11.6469 0
      vertex 36.6657 -5.05637 0
      vertex 36.995 -5.002 0
    endloop
  endfacet
  facet normal 0 0 -1
    outer loop
      vertex 42.6119 -14.4648 0
      vertex 36.3336 -5.08908 0
      vertex 36.6657 -5.05637 0
    endloop
  endfacet
  facet normal 0 0 -1
    outer loop
      vertex 42.6119 -14.4648 0
      vertex 36 -5.1 0
      vertex 36.3336 -5.08908 0
    endloop
  endfacet
  facet normal 0 0 -1
    outer loop
      vertex 33.1666 -4.24049 0
      vertex 37.4161 -25.0007 0
      vertex 35.7009 -27.3943 0
    endloop
  endfacet
  facet normal 0 0 -1
    outer loop
      vertex 42.6119 -14.4648 0
      vertex 35.6664 -5.08908 0
      vertex 36 -5.1 0
    endloop
  endfacet
  facet normal 0 0 -1
    outer loop
      vertex 41.5746 -17.2208 0
      vertex 35.3343 -5.05637 0
      vertex 35.6664 -5.08908 0
    endloop
  endfacet
  facet normal 0 0 -1
    outer loop
      vertex 41.5746 -17.2208 0
      vertex 35.005 -5.002 0
      vertex 35.3343 -5.05637 0
    endloop
  endfacet
  facet normal 0 0 -1
    outer loop
      vertex 41.5746 -17.2208 0
      vertex 34.68 -4.92622 0
      vertex 35.005 -5.002 0
    endloop
  endfacet
  facet normal 0 0 -1
    outer loop
      vertex 40.3593 -19.903 0
      vertex 34.3607 -4.82934 0
      vertex 34.68 -4.92622 0
    endloop
  endfacet
  facet normal 0 0 -1
    outer loop
      vertex 40.3593 -19.903 0
      vertex 34.0483 -4.71179 0
      vertex 34.3607 -4.82934 0
    endloop
  endfacet
  facet normal 0 0 -1
    outer loop
      vertex 32.6373 -3.83438 0
      vertex 35.7009 -27.3943 0
      vertex 33.8328 -29.6706 0
    endloop
  endfacet
  facet normal 0 0 -1
    outer loop
      vertex 38.9711 -22.5 0
      vertex 33.7443 -4.57405 0
      vertex 34.0483 -4.71179 0
    endloop
  endfacet
  facet normal 0 0 -1
    outer loop
      vertex 38.9711 -22.5 0
      vertex 33.45 -4.41673 0
      vertex 33.7443 -4.57405 0
    endloop
  endfacet
  facet normal 0 0 -1
    outer loop
      vertex 37.4161 -25.0007 0
      vertex 33.1666 -4.24049 0
      vertex 33.45 -4.41673 0
    endloop
  endfacet
  facet normal 0 0 -1
    outer loop
      vertex 35.7009 -27.3943 0
      vertex 32.8953 -4.0461 0
      vertex 33.1666 -4.24049 0
    endloop
  endfacet
  facet normal 0 0 -1
    outer loop
      vertex 35.7009 -27.3943 0
      vertex 32.6373 -3.83438 0
      vertex 32.8953 -4.0461 0
    endloop
  endfacet
  facet normal 0 0 -1
    outer loop
      vertex 33.8328 -29.6706 0
      vertex 32.3938 -3.60624 0
      vertex 32.6373 -3.83438 0
    endloop
  endfacet
  facet normal 0 0 -1
    outer loop
      vertex 31.8198 -31.8198 0
      vertex 32.3938 -3.60624 0
      vertex 33.8328 -29.6706 0
    endloop
  endfacet
  facet normal -0 0 -1
    outer loop
      vertex 32.3938 -3.60624 0
      vertex 31.8198 -31.8198 0
      vertex 32.1656 -3.36266 0
    endloop
  endfacet
  facet normal 0 0 -1
    outer loop
      vertex 4.41673 -33.45 0
      vertex 22.5 -38.9711 0
      vertex 4.57405 -33.7443 0
    endloop
  endfacet
  facet normal 0 0 -1
    outer loop
      vertex 4.82934 -34.3607 0
      vertex 19.903 -40.3593 0
      vertex 4.92622 -34.68 0
    endloop
  endfacet
  facet normal 0 0 -1
    outer loop
      vertex 4.71179 -34.0483 0
      vertex 19.903 -40.3593 0
      vertex 4.82934 -34.3607 0
    endloop
  endfacet
  facet normal 0 0 -1
    outer loop
      vertex 19.903 -40.3593 0
      vertex 4.71179 -34.0483 0
      vertex 22.5 -38.9711 0
    endloop
  endfacet
  facet normal 0 0 -1
    outer loop
      vertex 4.57405 -33.7443 0
      vertex 22.5 -38.9711 0
      vertex 4.71179 -34.0483 0
    endloop
  endfacet
  facet normal 0 0 -1
    outer loop
      vertex 4.24049 -33.1666 0
      vertex 25.0007 -37.4161 0
      vertex 4.41673 -33.45 0
    endloop
  endfacet
  facet normal 0 0 -1
    outer loop
      vertex 25.0007 -37.4161 0
      vertex 4.24049 -33.1666 0
      vertex 27.3943 -35.7009 0
    endloop
  endfacet
  facet normal 0 0 -1
    outer loop
      vertex 4.0461 -32.8953 0
      vertex 27.3943 -35.7009 0
      vertex 4.24049 -33.1666 0
    endloop
  endfacet
  facet normal 0 0 -1
    outer loop
      vertex 3.83438 -32.6373 0
      vertex 27.3943 -35.7009 0
      vertex 4.0461 -32.8953 0
    endloop
  endfacet
  facet normal 0 0 -1
    outer loop
      vertex 27.3943 -35.7009 0
      vertex 3.83438 -32.6373 0
      vertex 29.6706 -33.8328 0
    endloop
  endfacet
  facet normal 0 0 -1
    outer loop
      vertex 3.60624 -32.3938 0
      vertex 29.6706 -33.8328 0
      vertex 3.83438 -32.6373 0
    endloop
  endfacet
  facet normal 0 0 -1
    outer loop
      vertex 22.5 -38.9711 0
      vertex 4.41673 -33.45 0
      vertex 25.0007 -37.4161 0
    endloop
  endfacet
  facet normal 0 0 -1
    outer loop
      vertex 40.7118 1.95168 0
      vertex 44.9037 2.94314 0
      vertex 40.8293 1.63934 0
    endloop
  endfacet
  facet normal 0 0 -1
    outer loop
      vertex 40.5741 2.25567 0
      vertex 44.9037 2.94314 0
      vertex 40.7118 1.95168 0
    endloop
  endfacet
  facet normal 0 0 -1
    outer loop
      vertex 40.4167 2.55 0
      vertex 44.9037 2.94314 0
      vertex 40.5741 2.25567 0
    endloop
  endfacet
  facet normal 0 0 -1
    outer loop
      vertex 40.2405 2.83341 0
      vertex 44.9037 2.94314 0
      vertex 40.4167 2.55 0
    endloop
  endfacet
  facet normal -0 0 -1
    outer loop
      vertex 44.9037 2.94314 0
      vertex 40.2405 2.83341 0
      vertex 44.615 5.87368 0
    endloop
  endfacet
  facet normal 0 0 -1
    outer loop
      vertex 40.0461 3.10468 0
      vertex 44.615 5.87368 0
      vertex 40.2405 2.83341 0
    endloop
  endfacet
  facet normal 0 0 -1
    outer loop
      vertex 39.8344 3.36266 0
      vertex 44.615 5.87368 0
      vertex 40.0461 3.10468 0
    endloop
  endfacet
  facet normal 0 0 -1
    outer loop
      vertex 39.6062 3.60624 0
      vertex 44.615 5.87368 0
      vertex 39.8344 3.36266 0
    endloop
  endfacet
  facet normal 0 0 -1
    outer loop
      vertex 39.3627 3.83438 0
      vertex 44.615 5.87368 0
      vertex 39.6062 3.60624 0
    endloop
  endfacet
  facet normal 0 0 -1
    outer loop
      vertex 39.1047 4.0461 0
      vertex 44.615 5.87368 0
      vertex 39.3627 3.83438 0
    endloop
  endfacet
  facet normal -0 0 -1
    outer loop
      vertex 44.615 5.87368 0
      vertex 39.1047 4.0461 0
      vertex 44.1353 8.77906 0
    endloop
  endfacet
  facet normal 0 0 -1
    outer loop
      vertex 38.8334 4.24049 0
      vertex 44.1353 8.77906 0
      vertex 39.1047 4.0461 0
    endloop
  endfacet
  facet normal 0 0 -1
    outer loop
      vertex 38.55 4.41673 0
      vertex 44.1353 8.77906 0
      vertex 38.8334 4.24049 0
    endloop
  endfacet
  facet normal 0 0 -1
    outer loop
      vertex 38.2557 4.57405 0
      vertex 44.1353 8.77906 0
      vertex 38.55 4.41673 0
    endloop
  endfacet
  facet normal 0 0 -1
    outer loop
      vertex 37.9517 4.71179 0
      vertex 44.1353 8.77906 0
      vertex 38.2557 4.57405 0
    endloop
  endfacet
  facet normal -0 0 -1
    outer loop
      vertex 44.1353 8.77906 0
      vertex 37.9517 4.71179 0
      vertex 43.4667 11.6469 0
    endloop
  endfacet
  facet normal 0 0 -1
    outer loop
      vertex 37.6393 4.82934 0
      vertex 43.4667 11.6469 0
      vertex 37.9517 4.71179 0
    endloop
  endfacet
  facet normal 0 0 -1
    outer loop
      vertex 37.32 4.92622 0
      vertex 43.4667 11.6469 0
      vertex 37.6393 4.82934 0
    endloop
  endfacet
  facet normal 0 0 -1
    outer loop
      vertex 36.995 5.002 0
      vertex 43.4667 11.6469 0
      vertex 37.32 4.92622 0
    endloop
  endfacet
  facet normal 0 0 -1
    outer loop
      vertex 36.6657 5.05637 0
      vertex 43.4667 11.6469 0
      vertex 36.995 5.002 0
    endloop
  endfacet
  facet normal -0 0 -1
    outer loop
      vertex 43.4667 11.6469 0
      vertex 36.6657 5.05637 0
      vertex 42.6119 14.4648 0
    endloop
  endfacet
  facet normal 0 0 -1
    outer loop
      vertex 36.3336 5.08908 0
      vertex 42.6119 14.4648 0
      vertex 36.6657 5.05637 0
    endloop
  endfacet
  facet normal 0 0 -1
    outer loop
      vertex 36 5.1 0
      vertex 42.6119 14.4648 0
      vertex 36.3336 5.08908 0
    endloop
  endfacet
  facet normal 0 0 -1
    outer loop
      vertex 35.6664 5.08908 0
      vertex 42.6119 14.4648 0
      vertex 36 5.1 0
    endloop
  endfacet
  facet normal -0 0 -1
    outer loop
      vertex 42.6119 14.4648 0
      vertex 35.6664 5.08908 0
      vertex 41.5746 17.2208 0
    endloop
  endfacet
  facet normal 0 0 -1
    outer loop
      vertex 35.3343 5.05637 0
      vertex 41.5746 17.2208 0
      vertex 35.6664 5.08908 0
    endloop
  endfacet
  facet normal 0 0 -1
    outer loop
      vertex 35.005 5.002 0
      vertex 41.5746 17.2208 0
      vertex 35.3343 5.05637 0
    endloop
  endfacet
  facet normal 0 0 -1
    outer loop
      vertex 34.68 4.92622 0
      vertex 41.5746 17.2208 0
      vertex 35.005 5.002 0
    endloop
  endfacet
  facet normal -0 0 -1
    outer loop
      vertex 41.5746 17.2208 0
      vertex 34.68 4.92622 0
      vertex 40.3593 19.903 0
    endloop
  endfacet
  facet normal 0 0 -1
    outer loop
      vertex 34.3607 4.82934 0
      vertex 40.3593 19.903 0
      vertex 34.68 4.92622 0
    endloop
  endfacet
  facet normal 0 0 -1
    outer loop
      vertex 34.0483 4.71179 0
      vertex 40.3593 19.903 0
      vertex 34.3607 4.82934 0
    endloop
  endfacet
  facet normal -0 0 -1
    outer loop
      vertex 40.3593 19.903 0
      vertex 34.0483 4.71179 0
      vertex 38.9711 22.5 0
    endloop
  endfacet
  facet normal 0 0 -1
    outer loop
      vertex 33.7443 4.57405 0
      vertex 38.9711 22.5 0
      vertex 34.0483 4.71179 0
    endloop
  endfacet
  facet normal 0 0 -1
    outer loop
      vertex 33.45 4.41673 0
      vertex 38.9711 22.5 0
      vertex 33.7443 4.57405 0
    endloop
  endfacet
  facet normal -0 0 -1
    outer loop
      vertex 38.9711 22.5 0
      vertex 33.45 4.41673 0
      vertex 37.4161 25.0007 0
    endloop
  endfacet
  facet normal 0 0 -1
    outer loop
      vertex 33.1666 4.24049 0
      vertex 37.4161 25.0007 0
      vertex 33.45 4.41673 0
    endloop
  endfacet
  facet normal -0 0 -1
    outer loop
      vertex 37.4161 25.0007 0
      vertex 33.1666 4.24049 0
      vertex 35.7009 27.3943 0
    endloop
  endfacet
  facet normal 0 0 -1
    outer loop
      vertex 32.8953 4.0461 0
      vertex 35.7009 27.3943 0
      vertex 33.1666 4.24049 0
    endloop
  endfacet
  facet normal 0 0 -1
    outer loop
      vertex 32.6373 3.83438 0
      vertex 35.7009 27.3943 0
      vertex 32.8953 4.0461 0
    endloop
  endfacet
  facet normal -0 0 -1
    outer loop
      vertex 35.7009 27.3943 0
      vertex 32.6373 3.83438 0
      vertex 33.8328 29.6706 0
    endloop
  endfacet
  facet normal 0 0 -1
    outer loop
      vertex 32.3938 3.60624 0
      vertex 33.8328 29.6706 0
      vertex 32.6373 3.83438 0
    endloop
  endfacet
  facet normal 0 0 -1
    outer loop
      vertex 31.8198 31.8198 0
      vertex 32.3938 3.60624 0
      vertex 32.1656 3.36266 0
    endloop
  endfacet
  facet normal 0 0 -1
    outer loop
      vertex 5.1 36 0
      vertex 32.1656 3.36266 0
      vertex 31.9539 3.10468 0
    endloop
  endfacet
  facet normal 0 0 -1
    outer loop
      vertex 32.3938 3.60624 0
      vertex 31.8198 31.8198 0
      vertex 33.8328 29.6706 0
    endloop
  endfacet
  facet normal 0 0 -1
    outer loop
      vertex 5.1 36 0
      vertex 31.9539 3.10468 0
      vertex 31.7595 2.83341 0
    endloop
  endfacet
  facet normal 0 0 -1
    outer loop
      vertex 5.1 36 0
      vertex 31.7595 2.83341 0
      vertex 31.5833 2.55 0
    endloop
  endfacet
  facet normal 0 0 -1
    outer loop
      vertex 5.1 36 0
      vertex 31.5833 2.55 0
      vertex 31.4259 2.25567 0
    endloop
  endfacet
  facet normal 0 0 -1
    outer loop
      vertex 5.1 36 0
      vertex 31.4259 2.25567 0
      vertex 31.2882 1.95168 0
    endloop
  endfacet
  facet normal 0 0 -1
    outer loop
      vertex 5.1 36 0
      vertex 31.2882 1.95168 0
      vertex 31.1707 1.63934 0
    endloop
  endfacet
  facet normal 0 0 -1
    outer loop
      vertex 5.1 36 0
      vertex 31.1707 1.63934 0
      vertex 31.0738 1.31998 0
    endloop
  endfacet
  facet normal 0 0 -1
    outer loop
      vertex 5.1 36 0
      vertex 31.0738 1.31998 0
      vertex 30.998 0.99496 0
    endloop
  endfacet
  facet normal 0 0 -1
    outer loop
      vertex 5.1 36 0
      vertex 30.998 0.99496 0
      vertex 30.9436 0.665683 0
    endloop
  endfacet
  facet normal 0 0 -1
    outer loop
      vertex 5.1 36 0
      vertex 30.9436 0.665683 0
      vertex 30.9109 0.333555 0
    endloop
  endfacet
  facet normal -0 0 -1
    outer loop
      vertex 31.8198 -31.8198 0
      vertex 3.60624 -32.3938 0
      vertex 32.1656 -3.36266 0
    endloop
  endfacet
  facet normal 0 0 -1
    outer loop
      vertex 29.6706 -33.8328 0
      vertex 3.60624 -32.3938 0
      vertex 31.8198 -31.8198 0
    endloop
  endfacet
  facet normal 0 0 -1
    outer loop
      vertex 30.9 0 0
      vertex 5.1 36 0
      vertex 30.9109 0.333555 0
    endloop
  endfacet
  facet normal 0 0 -1
    outer loop
      vertex 17.2208 -41.5746 0
      vertex 4.92622 -34.68 0
      vertex 19.903 -40.3593 0
    endloop
  endfacet
  facet normal 0 0 -1
    outer loop
      vertex 32.1656 3.36266 0
      vertex 29.6706 33.8328 0
      vertex 31.8198 31.8198 0
    endloop
  endfacet
  facet normal 0 0 -1
    outer loop
      vertex 4.92622 -34.68 0
      vertex 17.2208 -41.5746 0
      vertex 5.002 -35.005 0
    endloop
  endfacet
  facet normal 0 0 -1
    outer loop
      vertex 32.1656 3.36266 0
      vertex 5.1 36 0
      vertex 29.6706 33.8328 0
    endloop
  endfacet
  facet normal 0 0 -1
    outer loop
      vertex 5.002 -35.005 0
      vertex 17.2208 -41.5746 0
      vertex 5.05637 -35.3343 0
    endloop
  endfacet
  facet normal 0 0 -1
    outer loop
      vertex 29.6706 33.8328 0
      vertex 5.1 36 0
      vertex 27.3943 35.7009 0
    endloop
  endfacet
  facet normal 0 0 -1
    outer loop
      vertex 5.05637 -35.3343 0
      vertex 17.2208 -41.5746 0
      vertex 5.08908 -35.6664 0
    endloop
  endfacet
  facet normal 0 0 -1
    outer loop
      vertex 27.3943 35.7009 0
      vertex 5.1 36 0
      vertex 25.0007 37.4161 0
    endloop
  endfacet
  facet normal 0 0 -1
    outer loop
      vertex 14.4648 -42.6119 0
      vertex 5.08908 -35.6664 0
      vertex 17.2208 -41.5746 0
    endloop
  endfacet
  facet normal -0 0 -1
    outer loop
      vertex 25.0007 37.4161 0
      vertex 5.1 36 0
      vertex 22.5 38.9711 0
    endloop
  endfacet
  facet normal 0 0 -1
    outer loop
      vertex 5.08908 -35.6664 0
      vertex 14.4648 -42.6119 0
      vertex 5.1 -36 0
    endloop
  endfacet
  facet normal -0 0 -1
    outer loop
      vertex 22.5 38.9711 0
      vertex 5.1 36 0
      vertex 19.903 40.3593 0
    endloop
  endfacet
  facet normal 0 0 -1
    outer loop
      vertex 5.05637 -36.6657 0
      vertex 14.4648 -42.6119 0
      vertex 11.6469 -43.4667 0
    endloop
  endfacet
  facet normal -0 0 -1
    outer loop
      vertex 19.903 40.3593 0
      vertex 5.1 36 0
      vertex 17.2208 41.5746 0
    endloop
  endfacet
  facet normal 0 0 -1
    outer loop
      vertex 4.82934 -37.6393 0
      vertex 11.6469 -43.4667 0
      vertex 8.77906 -44.1353 0
    endloop
  endfacet
  facet normal -0 0 -1
    outer loop
      vertex 17.2208 41.5746 0
      vertex 5.1 36 0
      vertex 14.4648 42.6119 0
    endloop
  endfacet
  facet normal 0 0 -1
    outer loop
      vertex 4.0461 -39.1047 0
      vertex 8.77906 -44.1353 0
      vertex 5.87368 -44.615 0
    endloop
  endfacet
  facet normal 0 0 -1
    outer loop
      vertex 5.08908 36.3336 0
      vertex 14.4648 42.6119 0
      vertex 5.1 36 0
    endloop
  endfacet
  facet normal 0 0 -1
    outer loop
      vertex 5.05637 36.6657 0
      vertex 14.4648 42.6119 0
      vertex 5.08908 36.3336 0
    endloop
  endfacet
  facet normal 0 0 -1
    outer loop
      vertex 14.4648 -42.6119 0
      vertex 5.08908 -36.3336 0
      vertex 5.1 -36 0
    endloop
  endfacet
  facet normal 0 0 -1
    outer loop
      vertex 14.4648 -42.6119 0
      vertex 5.05637 -36.6657 0
      vertex 5.08908 -36.3336 0
    endloop
  endfacet
  facet normal 0 0 -1
    outer loop
      vertex 11.6469 -43.4667 0
      vertex 5.002 -36.995 0
      vertex 5.05637 -36.6657 0
    endloop
  endfacet
  facet normal 0 0 -1
    outer loop
      vertex 11.6469 -43.4667 0
      vertex 4.92622 -37.32 0
      vertex 5.002 -36.995 0
    endloop
  endfacet
  facet normal 0 0 -1
    outer loop
      vertex 11.6469 -43.4667 0
      vertex 4.82934 -37.6393 0
      vertex 4.92622 -37.32 0
    endloop
  endfacet
  facet normal 0 0 -1
    outer loop
      vertex 8.77906 -44.1353 0
      vertex 4.71179 -37.9517 0
      vertex 4.82934 -37.6393 0
    endloop
  endfacet
  facet normal 0 0 -1
    outer loop
      vertex 8.77906 -44.1353 0
      vertex 4.57405 -38.2557 0
      vertex 4.71179 -37.9517 0
    endloop
  endfacet
  facet normal 0 0 -1
    outer loop
      vertex 8.77906 -44.1353 0
      vertex 4.41673 -38.55 0
      vertex 4.57405 -38.2557 0
    endloop
  endfacet
  facet normal 0 0 -1
    outer loop
      vertex 8.77906 -44.1353 0
      vertex 4.24049 -38.8334 0
      vertex 4.41673 -38.55 0
    endloop
  endfacet
  facet normal 0 0 -1
    outer loop
      vertex 8.77906 -44.1353 0
      vertex 4.0461 -39.1047 0
      vertex 4.24049 -38.8334 0
    endloop
  endfacet
  facet normal 0 0 -1
    outer loop
      vertex 5.87368 -44.615 0
      vertex 3.83438 -39.3627 0
      vertex 4.0461 -39.1047 0
    endloop
  endfacet
  facet normal 0 0 -1
    outer loop
      vertex 5.87368 -44.615 0
      vertex 3.60624 -39.6062 0
      vertex 3.83438 -39.3627 0
    endloop
  endfacet
  facet normal 0 0 -1
    outer loop
      vertex 5.87368 -44.615 0
      vertex 3.36266 -39.8344 0
      vertex 3.60624 -39.6062 0
    endloop
  endfacet
  facet normal 0 0 -1
    outer loop
      vertex 5.87368 -44.615 0
      vertex 3.10468 -40.0461 0
      vertex 3.36266 -39.8344 0
    endloop
  endfacet
  facet normal 0 0 -1
    outer loop
      vertex 2.83341 -40.2405 0
      vertex 5.87368 -44.615 0
      vertex 2.94314 -44.9037 0
    endloop
  endfacet
  facet normal 0 0 -1
    outer loop
      vertex 5.87368 -44.615 0
      vertex 2.83341 -40.2405 0
      vertex 3.10468 -40.0461 0
    endloop
  endfacet
  facet normal 0 0 -1
    outer loop
      vertex 2.94314 -44.9037 0
      vertex 2.55 -40.4167 0
      vertex 2.83341 -40.2405 0
    endloop
  endfacet
  facet normal 0 0 -1
    outer loop
      vertex 2.94314 -44.9037 0
      vertex 2.25567 -40.5741 0
      vertex 2.55 -40.4167 0
    endloop
  endfacet
  facet normal 0 0 -1
    outer loop
      vertex 2.94314 -44.9037 0
      vertex 1.95168 -40.7118 0
      vertex 2.25567 -40.5741 0
    endloop
  endfacet
  facet normal 0 0 -1
    outer loop
      vertex 2.94314 -44.9037 0
      vertex 1.63934 -40.8293 0
      vertex 1.95168 -40.7118 0
    endloop
  endfacet
  facet normal 0 0 -1
    outer loop
      vertex 2.94314 -44.9037 0
      vertex 1.31998 -40.9262 0
      vertex 1.63934 -40.8293 0
    endloop
  endfacet
  facet normal 0 0 -1
    outer loop
      vertex 2.94314 -44.9037 0
      vertex 0.99496 -41.002 0
      vertex 1.31998 -40.9262 0
    endloop
  endfacet
  facet normal 0 0 -1
    outer loop
      vertex 0 -45 0
      vertex 0.99496 -41.002 0
      vertex 2.94314 -44.9037 0
    endloop
  endfacet
  facet normal 0 0 -1
    outer loop
      vertex 0.99496 -41.002 0
      vertex 0 -45 0
      vertex 0.665683 -41.0564 0
    endloop
  endfacet
  facet normal 0 0 -1
    outer loop
      vertex 0.665683 -41.0564 0
      vertex 0 -45 0
      vertex 0.333555 -41.0891 0
    endloop
  endfacet
  facet normal 0 0 -1
    outer loop
      vertex 0 -45 0
      vertex 0 -41.1 0
      vertex 0.333555 -41.0891 0
    endloop
  endfacet
  facet normal 0 0 -1
    outer loop
      vertex 0 -45 0
      vertex -0.333555 -41.0891 0
      vertex 0 -41.1 0
    endloop
  endfacet
  facet normal 0 0 -1
    outer loop
      vertex 0 -45 0
      vertex -0.665683 -41.0564 0
      vertex -0.333555 -41.0891 0
    endloop
  endfacet
  facet normal 0 0 -1
    outer loop
      vertex 0 -45 0
      vertex -0.99496 -41.002 0
      vertex -0.665683 -41.0564 0
    endloop
  endfacet
  facet normal 0 0 -1
    outer loop
      vertex -2.94314 -44.9037 0
      vertex -0.99496 -41.002 0
      vertex 0 -45 0
    endloop
  endfacet
  facet normal -0 0 -1
    outer loop
      vertex -0.99496 -41.002 0
      vertex -2.94314 -44.9037 0
      vertex -1.31998 -40.9262 0
    endloop
  endfacet
  facet normal -0 0 -1
    outer loop
      vertex -1.31998 -40.9262 0
      vertex -2.94314 -44.9037 0
      vertex -1.63934 -40.8293 0
    endloop
  endfacet
  facet normal -0 0 -1
    outer loop
      vertex -1.63934 -40.8293 0
      vertex -2.94314 -44.9037 0
      vertex -1.95168 -40.7118 0
    endloop
  endfacet
  facet normal -0 0 -1
    outer loop
      vertex -1.95168 -40.7118 0
      vertex -2.94314 -44.9037 0
      vertex -2.25567 -40.5741 0
    endloop
  endfacet
  facet normal -0 0 -1
    outer loop
      vertex -2.25567 -40.5741 0
      vertex -2.94314 -44.9037 0
      vertex -2.55 -40.4167 0
    endloop
  endfacet
  facet normal -0 0 -1
    outer loop
      vertex -2.55 -40.4167 0
      vertex -2.94314 -44.9037 0
      vertex -2.83341 -40.2405 0
    endloop
  endfacet
  facet normal 0 0 -1
    outer loop
      vertex -5.87368 -44.615 0
      vertex -2.83341 -40.2405 0
      vertex -2.94314 -44.9037 0
    endloop
  endfacet
  facet normal -0 0 -1
    outer loop
      vertex -2.83341 -40.2405 0
      vertex -5.87368 -44.615 0
      vertex -3.10468 -40.0461 0
    endloop
  endfacet
  facet normal -0 0 -1
    outer loop
      vertex -3.10468 -40.0461 0
      vertex -5.87368 -44.615 0
      vertex -3.36266 -39.8344 0
    endloop
  endfacet
  facet normal -0 0 -1
    outer loop
      vertex -3.36266 -39.8344 0
      vertex -5.87368 -44.615 0
      vertex -3.60624 -39.6062 0
    endloop
  endfacet
  facet normal -0 0 -1
    outer loop
      vertex -3.60624 -39.6062 0
      vertex -5.87368 -44.615 0
      vertex -3.83438 -39.3627 0
    endloop
  endfacet
  facet normal -0 0 -1
    outer loop
      vertex -3.83438 -39.3627 0
      vertex -5.87368 -44.615 0
      vertex -4.0461 -39.1047 0
    endloop
  endfacet
  facet normal 0 0 -1
    outer loop
      vertex -8.77906 -44.1353 0
      vertex -4.0461 -39.1047 0
      vertex -5.87368 -44.615 0
    endloop
  endfacet
  facet normal -0 0 -1
    outer loop
      vertex -4.0461 -39.1047 0
      vertex -8.77906 -44.1353 0
      vertex -4.24049 -38.8334 0
    endloop
  endfacet
  facet normal -0 0 -1
    outer loop
      vertex -4.24049 -38.8334 0
      vertex -8.77906 -44.1353 0
      vertex -4.41673 -38.55 0
    endloop
  endfacet
  facet normal -0 0 -1
    outer loop
      vertex -4.41673 -38.55 0
      vertex -8.77906 -44.1353 0
      vertex -4.57405 -38.2557 0
    endloop
  endfacet
  facet normal -0 0 -1
    outer loop
      vertex -4.57405 -38.2557 0
      vertex -8.77906 -44.1353 0
      vertex -4.71179 -37.9517 0
    endloop
  endfacet
  facet normal 0 0 -1
    outer loop
      vertex -25.0007 -37.4161 0
      vertex -4.41673 -33.45 0
      vertex -22.5 -38.9711 0
    endloop
  endfacet
  facet normal -0 0 -1
    outer loop
      vertex -5.002 -36.995 0
      vertex -11.6469 -43.4667 0
      vertex -5.05637 -36.6657 0
    endloop
  endfacet
  facet normal -0 0 -1
    outer loop
      vertex -4.92622 -37.32 0
      vertex -11.6469 -43.4667 0
      vertex -5.002 -36.995 0
    endloop
  endfacet
  facet normal -0 0 -1
    outer loop
      vertex -4.82934 -37.6393 0
      vertex -11.6469 -43.4667 0
      vertex -4.92622 -37.32 0
    endloop
  endfacet
  facet normal 0 0 -1
    outer loop
      vertex -11.6469 -43.4667 0
      vertex -4.82934 -37.6393 0
      vertex -8.77906 -44.1353 0
    endloop
  endfacet
  facet normal -0 0 -1
    outer loop
      vertex -4.71179 -37.9517 0
      vertex -8.77906 -44.1353 0
      vertex -4.82934 -37.6393 0
    endloop
  endfacet
  facet normal -0.41271 0.910862 0
    outer loop
      vertex -17.2208 41.5746 0
      vertex -19.903 40.3593 14
      vertex -17.2208 41.5746 14
    endloop
  endfacet
  facet normal -0.41271 0.910862 0
    outer loop
      vertex -19.903 40.3593 14
      vertex -17.2208 41.5746 0
      vertex -19.903 40.3593 0
    endloop
  endfacet
  facet normal 0.849208 0.528059 0
    outer loop
      vertex 38.9711 22.5 14
      vertex 37.4161 25.0007 0
      vertex 37.4161 25.0007 14
    endloop
  endfacet
  facet normal 0.849208 0.528059 0
    outer loop
      vertex 37.4161 25.0007 0
      vertex 38.9711 22.5 14
      vertex 38.9711 22.5 0
    endloop
  endfacet
  facet normal -0.849208 0.528059 0
    outer loop
      vertex -38.9711 22.5 0
      vertex -37.4161 25.0007 14
      vertex -37.4161 25.0007 0
    endloop
  endfacet
  facet normal -0.849208 0.528059 0
    outer loop
      vertex -37.4161 25.0007 14
      vertex -38.9711 22.5 0
      vertex -38.9711 22.5 14
    endloop
  endfacet
  facet normal 0.227048 -0.973883 0
    outer loop
      vertex 8.77906 -44.1353 0
      vertex 11.6469 -43.4667 14
      vertex 8.77906 -44.1353 14
    endloop
  endfacet
  facet normal 0.227048 -0.973883 0
    outer loop
      vertex 11.6469 -43.4667 14
      vertex 8.77906 -44.1353 0
      vertex 11.6469 -43.4667 0
    endloop
  endfacet
  facet normal -0.935906 0.35225 0
    outer loop
      vertex -42.2599 15.4 0
      vertex -41.5746 17.2208 14
      vertex -41.5746 17.2208 0
    endloop
  endfacet
  facet normal -0.935906 0.35225 0
    outer loop
      vertex -41.5746 17.2208 14
      vertex -42.2599 15.4 0
      vertex -42.2599 15.4 14
    endloop
  endfacet
  facet normal 0.812851 0.582471 0
    outer loop
      vertex 37.4161 25.0007 14
      vertex 35.7009 27.3943 0
      vertex 35.7009 27.3943 14
    endloop
  endfacet
  facet normal 0.812851 0.582471 0
    outer loop
      vertex 35.7009 27.3943 0
      vertex 37.4161 25.0007 14
      vertex 37.4161 25.0007 0
    endloop
  endfacet
  facet normal 0.634391 -0.773012 0
    outer loop
      vertex 27.3943 -35.7009 0
      vertex 29.6706 -33.8328 14
      vertex 27.3943 -35.7009 14
    endloop
  endfacet
  facet normal 0.634391 -0.773012 0
    outer loop
      vertex 29.6706 -33.8328 14
      vertex 27.3943 -35.7009 0
      vertex 29.6706 -33.8328 0
    endloop
  endfacet
  facet normal 0.352255 -0.935904 0
    outer loop
      vertex 14.4648 -42.6119 0
      vertex 17.2208 -41.5746 14
      vertex 14.4648 -42.6119 14
    endloop
  endfacet
  facet normal 0.352255 -0.935904 0
    outer loop
      vertex 17.2208 -41.5746 14
      vertex 14.4648 -42.6119 0
      vertex 17.2208 -41.5746 0
    endloop
  endfacet
  facet normal -0.582471 0.812851 0
    outer loop
      vertex -25.0007 37.4161 0
      vertex -27.3943 35.7009 14
      vertex -25.0007 37.4161 14
    endloop
  endfacet
  facet normal -0.582471 0.812851 0
    outer loop
      vertex -27.3943 35.7009 14
      vertex -25.0007 37.4161 0
      vertex -27.3943 35.7009 0
    endloop
  endfacet
  facet normal -0.41271 -0.910862 0
    outer loop
      vertex -19.903 -40.3593 0
      vertex -17.2208 -41.5746 14
      vertex -19.903 -40.3593 14
    endloop
  endfacet
  facet normal -0.41271 -0.910862 -0
    outer loop
      vertex -17.2208 -41.5746 14
      vertex -19.903 -40.3593 0
      vertex -17.2208 -41.5746 0
    endloop
  endfacet
  facet normal 0.582471 0.812851 -0
    outer loop
      vertex 27.3943 35.7009 0
      vertex 25.0007 37.4161 14
      vertex 27.3943 35.7009 14
    endloop
  endfacet
  facet normal 0.582471 0.812851 0
    outer loop
      vertex 25.0007 37.4161 14
      vertex 27.3943 35.7009 0
      vertex 25.0007 37.4161 0
    endloop
  endfacet
  facet normal 0.812851 -0.582471 0
    outer loop
      vertex 35.7009 -27.3943 14
      vertex 37.4161 -25.0007 0
      vertex 37.4161 -25.0007 14
    endloop
  endfacet
  facet normal 0.812851 -0.582471 0
    outer loop
      vertex 37.4161 -25.0007 0
      vertex 35.7009 -27.3943 14
      vertex 35.7009 -27.3943 0
    endloop
  endfacet
  facet normal 0.881911 0.471416 0
    outer loop
      vertex 40.3593 19.903 14
      vertex 38.9711 22.5 0
      vertex 38.9711 22.5 14
    endloop
  endfacet
  facet normal 0.881911 0.471416 0
    outer loop
      vertex 38.9711 22.5 0
      vertex 40.3593 19.903 14
      vertex 40.3593 19.903 0
    endloop
  endfacet
  facet normal -0.0980397 0.995183 0
    outer loop
      vertex -2.94314 44.9037 0
      vertex -5.87368 44.615 14
      vertex -2.94314 44.9037 14
    endloop
  endfacet
  facet normal -0.0980397 0.995183 0
    outer loop
      vertex -5.87368 44.615 14
      vertex -2.94314 44.9037 0
      vertex -5.87368 44.615 0
    endloop
  endfacet
  facet normal 0.162902 0.986642 -0
    outer loop
      vertex 8.77906 44.1353 0
      vertex 5.87368 44.615 14
      vertex 8.77906 44.1353 14
    endloop
  endfacet
  facet normal 0.162902 0.986642 0
    outer loop
      vertex 5.87368 44.615 14
      vertex 8.77906 44.1353 0
      vertex 5.87368 44.615 0
    endloop
  endfacet
  facet normal -0.582471 -0.812851 0
    outer loop
      vertex -27.3943 -35.7009 0
      vertex -25.0007 -37.4161 14
      vertex -27.3943 -35.7009 14
    endloop
  endfacet
  facet normal -0.582471 -0.812851 -0
    outer loop
      vertex -25.0007 -37.4161 14
      vertex -27.3943 -35.7009 0
      vertex -25.0007 -37.4161 0
    endloop
  endfacet
  facet normal 0.471416 -0.881911 0
    outer loop
      vertex 19.903 -40.3593 0
      vertex 22.5 -38.9711 14
      vertex 19.903 -40.3593 14
    endloop
  endfacet
  facet normal 0.471416 -0.881911 0
    outer loop
      vertex 22.5 -38.9711 14
      vertex 19.903 -40.3593 0
      vertex 22.5 -38.9711 0
    endloop
  endfacet
  facet normal 0.95694 0.290284 0
    outer loop
      vertex 43.4667 11.6469 14
      vertex 42.6119 14.4648 0
      vertex 42.6119 14.4648 14
    endloop
  endfacet
  facet normal 0.95694 0.290284 0
    outer loop
      vertex 42.6119 14.4648 0
      vertex 43.4667 11.6469 14
      vertex 43.4667 11.6469 0
    endloop
  endfacet
  facet normal -0.881911 -0.471416 0
    outer loop
      vertex -38.9711 -22.5 0
      vertex -40.3593 -19.903 14
      vertex -40.3593 -19.903 0
    endloop
  endfacet
  facet normal -0.881911 -0.471416 0
    outer loop
      vertex -40.3593 -19.903 14
      vertex -38.9711 -22.5 0
      vertex -38.9711 -22.5 14
    endloop
  endfacet
  facet normal 0.290284 -0.95694 0
    outer loop
      vertex 11.6469 -43.4667 0
      vertex 14.4648 -42.6119 14
      vertex 11.6469 -43.4667 14
    endloop
  endfacet
  facet normal 0.290284 -0.95694 0
    outer loop
      vertex 14.4648 -42.6119 14
      vertex 11.6469 -43.4667 0
      vertex 14.4648 -42.6119 0
    endloop
  endfacet
  facet normal -0.849208 -0.528059 0
    outer loop
      vertex -37.4161 -25.0007 0
      vertex -38.9711 -22.5 14
      vertex -38.9711 -22.5 0
    endloop
  endfacet
  facet normal -0.849208 -0.528059 0
    outer loop
      vertex -38.9711 -22.5 14
      vertex -37.4161 -25.0007 0
      vertex -37.4161 -25.0007 14
    endloop
  endfacet
  facet normal -0.528059 0.849208 0
    outer loop
      vertex -22.5 38.9711 0
      vertex -25.0007 37.4161 14
      vertex -22.5 38.9711 14
    endloop
  endfacet
  facet normal -0.528059 0.849208 0
    outer loop
      vertex -25.0007 37.4161 14
      vertex -22.5 38.9711 0
      vertex -25.0007 37.4161 0
    endloop
  endfacet
  facet normal 0.849208 -0.528059 0
    outer loop
      vertex 37.4161 -25.0007 14
      vertex 38.9711 -22.5 0
      vertex 38.9711 -22.5 14
    endloop
  endfacet
  facet normal 0.849208 -0.528059 0
    outer loop
      vertex 38.9711 -22.5 0
      vertex 37.4161 -25.0007 14
      vertex 37.4161 -25.0007 0
    endloop
  endfacet
  facet normal -0.352255 0.935904 0
    outer loop
      vertex -14.4648 42.6119 0
      vertex -17.2208 41.5746 14
      vertex -14.4648 42.6119 14
    endloop
  endfacet
  facet normal -0.352255 0.935904 0
    outer loop
      vertex -17.2208 41.5746 14
      vertex -14.4648 42.6119 0
      vertex -17.2208 41.5746 0
    endloop
  endfacet
  facet normal 0.634391 0.773012 -0
    outer loop
      vertex 29.6706 33.8328 0
      vertex 27.3943 35.7009 14
      vertex 29.6706 33.8328 14
    endloop
  endfacet
  facet normal 0.634391 0.773012 0
    outer loop
      vertex 27.3943 35.7009 14
      vertex 29.6706 33.8328 0
      vertex 27.3943 35.7009 0
    endloop
  endfacet
  facet normal -0.729855 -0.683602 0
    outer loop
      vertex -31.8198 -31.8198 0
      vertex -33.8328 -29.6706 14
      vertex -33.8328 -29.6706 0
    endloop
  endfacet
  facet normal -0.729855 -0.683602 0
    outer loop
      vertex -33.8328 -29.6706 14
      vertex -31.8198 -31.8198 0
      vertex -31.8198 -31.8198 14
    endloop
  endfacet
  facet normal -0.773012 0.634391 0
    outer loop
      vertex -35.7009 27.3943 0
      vertex -33.8328 29.6706 14
      vertex -33.8328 29.6706 0
    endloop
  endfacet
  facet normal -0.773012 0.634391 0
    outer loop
      vertex -33.8328 29.6706 14
      vertex -35.7009 27.3943 0
      vertex -35.7009 27.3943 14
    endloop
  endfacet
  facet normal -0.0327027 0.999465 0
    outer loop
      vertex 0 45 0
      vertex -2.94314 44.9037 14
      vertex 0 45 14
    endloop
  endfacet
  facet normal -0.0327027 0.999465 0
    outer loop
      vertex -2.94314 44.9037 14
      vertex 0 45 0
      vertex -2.94314 44.9037 0
    endloop
  endfacet
  facet normal 0.999465 -0.0327027 0
    outer loop
      vertex 44.9037 -2.94314 14
      vertex 45 0 0
      vertex 45 0 14
    endloop
  endfacet
  facet normal 0.999465 -0.0327027 0
    outer loop
      vertex 45 0 0
      vertex 44.9037 -2.94314 14
      vertex 44.9037 -2.94314 0
    endloop
  endfacet
  facet normal 0.41271 0.910862 -0
    outer loop
      vertex 19.903 40.3593 0
      vertex 17.2208 41.5746 14
      vertex 19.903 40.3593 14
    endloop
  endfacet
  facet normal 0.41271 0.910862 0
    outer loop
      vertex 17.2208 41.5746 14
      vertex 19.903 40.3593 0
      vertex 17.2208 41.5746 0
    endloop
  endfacet
  facet normal 0.471416 0.881911 -0
    outer loop
      vertex 22.5 38.9711 0
      vertex 19.903 40.3593 14
      vertex 22.5 38.9711 14
    endloop
  endfacet
  facet normal 0.471416 0.881911 0
    outer loop
      vertex 19.903 40.3593 14
      vertex 22.5 38.9711 0
      vertex 19.903 40.3593 0
    endloop
  endfacet
  facet normal 0.986642 -0.162902 0
    outer loop
      vertex 44.1353 -8.77906 14
      vertex 44.615 -5.87368 0
      vertex 44.615 -5.87368 14
    endloop
  endfacet
  facet normal 0.986642 -0.162902 0
    outer loop
      vertex 44.615 -5.87368 0
      vertex 44.1353 -8.77906 14
      vertex 44.1353 -8.77906 0
    endloop
  endfacet
  facet normal 0.683602 0.729855 -0
    outer loop
      vertex 31.8198 31.8198 0
      vertex 29.6706 33.8328 14
      vertex 31.8198 31.8198 14
    endloop
  endfacet
  facet normal 0.683602 0.729855 0
    outer loop
      vertex 29.6706 33.8328 14
      vertex 31.8198 31.8198 0
      vertex 29.6706 33.8328 0
    endloop
  endfacet
  facet normal -0.634391 -0.773012 0
    outer loop
      vertex -29.6706 -33.8328 0
      vertex -27.3943 -35.7009 14
      vertex -29.6706 -33.8328 14
    endloop
  endfacet
  facet normal -0.634391 -0.773012 -0
    outer loop
      vertex -27.3943 -35.7009 14
      vertex -29.6706 -33.8328 0
      vertex -27.3943 -35.7009 0
    endloop
  endfacet
  facet normal 0.352255 0.935904 -0
    outer loop
      vertex 17.2208 41.5746 0
      vertex 14.4648 42.6119 14
      vertex 17.2208 41.5746 14
    endloop
  endfacet
  facet normal 0.352255 0.935904 0
    outer loop
      vertex 14.4648 42.6119 14
      vertex 17.2208 41.5746 0
      vertex 14.4648 42.6119 0
    endloop
  endfacet
  facet normal -0.881911 0.471416 0
    outer loop
      vertex -40.3593 19.903 0
      vertex -38.9711 22.5 14
      vertex -38.9711 22.5 0
    endloop
  endfacet
  facet normal -0.881911 0.471416 0
    outer loop
      vertex -38.9711 22.5 14
      vertex -40.3593 19.903 0
      vertex -40.3593 19.903 14
    endloop
  endfacet
  facet normal -0.910862 -0.41271 0
    outer loop
      vertex -40.3593 -19.903 0
      vertex -41.5746 -17.2208 14
      vertex -41.5746 -17.2208 0
    endloop
  endfacet
  facet normal -0.910862 -0.41271 0
    outer loop
      vertex -41.5746 -17.2208 14
      vertex -40.3593 -19.903 0
      vertex -40.3593 -19.903 14
    endloop
  endfacet
  facet normal 0.935904 -0.352255 0
    outer loop
      vertex 41.5746 -17.2208 14
      vertex 42.6119 -14.4648 0
      vertex 42.6119 -14.4648 14
    endloop
  endfacet
  facet normal 0.935904 -0.352255 0
    outer loop
      vertex 42.6119 -14.4648 0
      vertex 41.5746 -17.2208 14
      vertex 41.5746 -17.2208 0
    endloop
  endfacet
  facet normal 0.729855 -0.683602 0
    outer loop
      vertex 31.8198 -31.8198 14
      vertex 33.8328 -29.6706 0
      vertex 33.8328 -29.6706 14
    endloop
  endfacet
  facet normal 0.729855 -0.683602 0
    outer loop
      vertex 33.8328 -29.6706 0
      vertex 31.8198 -31.8198 14
      vertex 31.8198 -31.8198 0
    endloop
  endfacet
  facet normal -0.0327027 -0.999465 0
    outer loop
      vertex -2.94314 -44.9037 0
      vertex 0 -45 14
      vertex -2.94314 -44.9037 14
    endloop
  endfacet
  facet normal -0.0327027 -0.999465 -0
    outer loop
      vertex 0 -45 14
      vertex -2.94314 -44.9037 0
      vertex 0 -45 0
    endloop
  endfacet
  facet normal 0.881911 -0.471416 0
    outer loop
      vertex 38.9711 -22.5 14
      vertex 40.3593 -19.903 0
      vertex 40.3593 -19.903 14
    endloop
  endfacet
  facet normal 0.881911 -0.471416 0
    outer loop
      vertex 40.3593 -19.903 0
      vertex 38.9711 -22.5 14
      vertex 38.9711 -22.5 0
    endloop
  endfacet
  facet normal -0.290284 -0.95694 0
    outer loop
      vertex -14.4648 -42.6119 0
      vertex -11.6469 -43.4667 14
      vertex -14.4648 -42.6119 14
    endloop
  endfacet
  facet normal -0.290284 -0.95694 -0
    outer loop
      vertex -11.6469 -43.4667 14
      vertex -14.4648 -42.6119 0
      vertex -11.6469 -43.4667 0
    endloop
  endfacet
  facet normal 0.0327027 0.999465 -0
    outer loop
      vertex 2.94314 44.9037 0
      vertex 0 45 14
      vertex 2.94314 44.9037 14
    endloop
  endfacet
  facet normal 0.0327027 0.999465 0
    outer loop
      vertex 0 45 14
      vertex 2.94314 44.9037 0
      vertex 0 45 0
    endloop
  endfacet
  facet normal 0.95694 -0.290284 0
    outer loop
      vertex 42.6119 -14.4648 14
      vertex 43.4667 -11.6469 0
      vertex 43.4667 -11.6469 14
    endloop
  endfacet
  facet normal 0.95694 -0.290284 0
    outer loop
      vertex 43.4667 -11.6469 0
      vertex 42.6119 -14.4648 14
      vertex 42.6119 -14.4648 0
    endloop
  endfacet
  facet normal -0.528059 -0.849208 0
    outer loop
      vertex -25.0007 -37.4161 0
      vertex -22.5 -38.9711 14
      vertex -25.0007 -37.4161 14
    endloop
  endfacet
  facet normal -0.528059 -0.849208 -0
    outer loop
      vertex -22.5 -38.9711 14
      vertex -25.0007 -37.4161 0
      vertex -22.5 -38.9711 0
    endloop
  endfacet
  facet normal -0.352255 -0.935904 0
    outer loop
      vertex -17.2208 -41.5746 0
      vertex -14.4648 -42.6119 14
      vertex -17.2208 -41.5746 14
    endloop
  endfacet
  facet normal -0.352255 -0.935904 -0
    outer loop
      vertex -14.4648 -42.6119 14
      vertex -17.2208 -41.5746 0
      vertex -14.4648 -42.6119 0
    endloop
  endfacet
  facet normal -0.227048 0.973883 0
    outer loop
      vertex -8.77906 44.1353 0
      vertex -11.6469 43.4667 14
      vertex -8.77906 44.1353 14
    endloop
  endfacet
  facet normal -0.227048 0.973883 0
    outer loop
      vertex -11.6469 43.4667 14
      vertex -8.77906 44.1353 0
      vertex -11.6469 43.4667 0
    endloop
  endfacet
  facet normal 0.683602 -0.729855 0
    outer loop
      vertex 29.6706 -33.8328 0
      vertex 31.8198 -31.8198 14
      vertex 29.6706 -33.8328 14
    endloop
  endfacet
  facet normal 0.683602 -0.729855 0
    outer loop
      vertex 31.8198 -31.8198 14
      vertex 29.6706 -33.8328 0
      vertex 31.8198 -31.8198 0
    endloop
  endfacet
  facet normal 0.729855 0.683602 0
    outer loop
      vertex 33.8328 29.6706 14
      vertex 31.8198 31.8198 0
      vertex 31.8198 31.8198 14
    endloop
  endfacet
  facet normal 0.729855 0.683602 0
    outer loop
      vertex 31.8198 31.8198 0
      vertex 33.8328 29.6706 14
      vertex 33.8328 29.6706 0
    endloop
  endfacet
  facet normal -0.290284 0.95694 0
    outer loop
      vertex -11.6469 43.4667 0
      vertex -14.4648 42.6119 14
      vertex -11.6469 43.4667 14
    endloop
  endfacet
  facet normal -0.290284 0.95694 0
    outer loop
      vertex -14.4648 42.6119 14
      vertex -11.6469 43.4667 0
      vertex -14.4648 42.6119 0
    endloop
  endfacet
  facet normal -0.162902 0.986642 0
    outer loop
      vertex -5.87368 44.615 0
      vertex -8.77906 44.1353 14
      vertex -5.87368 44.615 14
    endloop
  endfacet
  facet normal -0.162902 0.986642 0
    outer loop
      vertex -8.77906 44.1353 14
      vertex -5.87368 44.615 0
      vertex -8.77906 44.1353 0
    endloop
  endfacet
  facet normal 0.162902 -0.986642 0
    outer loop
      vertex 5.87368 -44.615 0
      vertex 8.77906 -44.1353 14
      vertex 5.87368 -44.615 14
    endloop
  endfacet
  facet normal 0.162902 -0.986642 0
    outer loop
      vertex 8.77906 -44.1353 14
      vertex 5.87368 -44.615 0
      vertex 8.77906 -44.1353 0
    endloop
  endfacet
  facet normal 0.0980397 0.995183 -0
    outer loop
      vertex 5.87368 44.615 0
      vertex 2.94314 44.9037 14
      vertex 5.87368 44.615 14
    endloop
  endfacet
  facet normal 0.0980397 0.995183 0
    outer loop
      vertex 2.94314 44.9037 14
      vertex 5.87368 44.615 0
      vertex 2.94314 44.9037 0
    endloop
  endfacet
  facet normal -0.729855 0.683602 0
    outer loop
      vertex -33.8328 29.6706 0
      vertex -31.8198 31.8198 14
      vertex -31.8198 31.8198 0
    endloop
  endfacet
  facet normal -0.729855 0.683602 0
    outer loop
      vertex -31.8198 31.8198 14
      vertex -33.8328 29.6706 0
      vertex -33.8328 29.6706 14
    endloop
  endfacet
  facet normal 0.41271 -0.910862 0
    outer loop
      vertex 17.2208 -41.5746 0
      vertex 19.903 -40.3593 14
      vertex 17.2208 -41.5746 14
    endloop
  endfacet
  facet normal 0.41271 -0.910862 0
    outer loop
      vertex 19.903 -40.3593 14
      vertex 17.2208 -41.5746 0
      vertex 19.903 -40.3593 0
    endloop
  endfacet
  facet normal -0.227048 -0.973883 0
    outer loop
      vertex -11.6469 -43.4667 0
      vertex -8.77906 -44.1353 14
      vertex -11.6469 -43.4667 14
    endloop
  endfacet
  facet normal -0.227048 -0.973883 -0
    outer loop
      vertex -8.77906 -44.1353 14
      vertex -11.6469 -43.4667 0
      vertex -8.77906 -44.1353 0
    endloop
  endfacet
  facet normal -0.683602 -0.729855 0
    outer loop
      vertex -31.8198 -31.8198 0
      vertex -29.6706 -33.8328 14
      vertex -31.8198 -31.8198 14
    endloop
  endfacet
  facet normal -0.683602 -0.729855 -0
    outer loop
      vertex -29.6706 -33.8328 14
      vertex -31.8198 -31.8198 0
      vertex -29.6706 -33.8328 0
    endloop
  endfacet
  facet normal -0.773012 -0.634391 0
    outer loop
      vertex -33.8328 -29.6706 0
      vertex -35.7009 -27.3943 14
      vertex -35.7009 -27.3943 0
    endloop
  endfacet
  facet normal -0.773012 -0.634391 0
    outer loop
      vertex -35.7009 -27.3943 14
      vertex -33.8328 -29.6706 0
      vertex -33.8328 -29.6706 14
    endloop
  endfacet
  facet normal 0.227048 0.973883 -0
    outer loop
      vertex 11.6469 43.4667 0
      vertex 8.77906 44.1353 14
      vertex 11.6469 43.4667 14
    endloop
  endfacet
  facet normal 0.227048 0.973883 0
    outer loop
      vertex 8.77906 44.1353 14
      vertex 11.6469 43.4667 0
      vertex 8.77906 44.1353 0
    endloop
  endfacet
  facet normal 0.582471 -0.812851 0
    outer loop
      vertex 25.0007 -37.4161 0
      vertex 27.3943 -35.7009 14
      vertex 25.0007 -37.4161 14
    endloop
  endfacet
  facet normal 0.582471 -0.812851 0
    outer loop
      vertex 27.3943 -35.7009 14
      vertex 25.0007 -37.4161 0
      vertex 27.3943 -35.7009 0
    endloop
  endfacet
  facet normal 0.973883 -0.227048 0
    outer loop
      vertex 43.4667 -11.6469 14
      vertex 44.1353 -8.77906 0
      vertex 44.1353 -8.77906 14
    endloop
  endfacet
  facet normal 0.973883 -0.227048 0
    outer loop
      vertex 44.1353 -8.77906 0
      vertex 43.4667 -11.6469 14
      vertex 43.4667 -11.6469 0
    endloop
  endfacet
  facet normal -0.0980397 -0.995183 0
    outer loop
      vertex -5.87368 -44.615 0
      vertex -2.94314 -44.9037 14
      vertex -5.87368 -44.615 14
    endloop
  endfacet
  facet normal -0.0980397 -0.995183 -0
    outer loop
      vertex -2.94314 -44.9037 14
      vertex -5.87368 -44.615 0
      vertex -2.94314 -44.9037 0
    endloop
  endfacet
  facet normal 0.290284 0.95694 -0
    outer loop
      vertex 14.4648 42.6119 0
      vertex 11.6469 43.4667 14
      vertex 14.4648 42.6119 14
    endloop
  endfacet
  facet normal 0.290284 0.95694 0
    outer loop
      vertex 11.6469 43.4667 14
      vertex 14.4648 42.6119 0
      vertex 11.6469 43.4667 0
    endloop
  endfacet
  facet normal 0.910862 -0.41271 0
    outer loop
      vertex 40.3593 -19.903 14
      vertex 41.5746 -17.2208 0
      vertex 41.5746 -17.2208 14
    endloop
  endfacet
  facet normal 0.910862 -0.41271 0
    outer loop
      vertex 41.5746 -17.2208 0
      vertex 40.3593 -19.903 14
      vertex 40.3593 -19.903 0
    endloop
  endfacet
  facet normal -0.471416 0.881911 0
    outer loop
      vertex -19.903 40.3593 0
      vertex -22.5 38.9711 14
      vertex -19.903 40.3593 14
    endloop
  endfacet
  facet normal -0.471416 0.881911 0
    outer loop
      vertex -22.5 38.9711 14
      vertex -19.903 40.3593 0
      vertex -22.5 38.9711 0
    endloop
  endfacet
  facet normal -0.471416 -0.881911 0
    outer loop
      vertex -22.5 -38.9711 0
      vertex -19.903 -40.3593 14
      vertex -22.5 -38.9711 14
    endloop
  endfacet
  facet normal -0.471416 -0.881911 -0
    outer loop
      vertex -19.903 -40.3593 14
      vertex -22.5 -38.9711 0
      vertex -19.903 -40.3593 0
    endloop
  endfacet
  facet normal 0.582489 0.812839 -0
    outer loop
      vertex 23.9852 31.2581 14
      vertex 21.8895 32.7599 28.5
      vertex 23.9852 31.2581 28.5
    endloop
  endfacet
  facet normal 0.582489 0.812839 0
    outer loop
      vertex 21.8895 32.7599 28.5
      vertex 23.9852 31.2581 14
      vertex 21.8895 32.7599 14
    endloop
  endfacet
  facet normal 0.986643 -0.1629 0
    outer loop
      vertex 38.6429 -7.68656 28.5
      vertex 39.0629 -5.14273 14
      vertex 39.0629 -5.14273 28.5
    endloop
  endfacet
  facet normal 0.986643 -0.1629 0
    outer loop
      vertex 39.0629 -5.14273 14
      vertex 38.6429 -7.68656 28.5
      vertex 38.6429 -7.68656 14
    endloop
  endfacet
  facet normal -0.729864 0.683593 0
    outer loop
      vertex -29.6225 25.9782 14
      vertex -27.86 27.86 28.5
      vertex -27.86 27.86 14
    endloop
  endfacet
  facet normal -0.729864 0.683593 0
    outer loop
      vertex -27.86 27.86 28.5
      vertex -29.6225 25.9782 14
      vertex -29.6225 25.9782 28.5
    endloop
  endfacet
  facet normal -0.935917 -0.35222 0
    outer loop
      vertex -36.4009 -15.0777 14
      vertex -37.309 -12.6647 28.5
      vertex -37.309 -12.6647 14
    endloop
  endfacet
  facet normal -0.935917 -0.35222 0
    outer loop
      vertex -37.309 -12.6647 28.5
      vertex -36.4009 -15.0777 14
      vertex -36.4009 -15.0777 28.5
    endloop
  endfacet
  facet normal 0.41271 -0.910863 0
    outer loop
      vertex 15.0777 -36.4009 14
      vertex 17.4262 -35.3368 28.5
      vertex 15.0777 -36.4009 28.5
    endloop
  endfacet
  facet normal 0.41271 -0.910863 0
    outer loop
      vertex 17.4262 -35.3368 28.5
      vertex 15.0777 -36.4009 14
      vertex 17.4262 -35.3368 14
    endloop
  endfacet
  facet normal 0.995185 -0.0980117 0
    outer loop
      vertex 39.0629 -5.14273 28.5
      vertex 39.3156 -2.57688 14
      vertex 39.3156 -2.57688 28.5
    endloop
  endfacet
  facet normal 0.995185 -0.0980117 0
    outer loop
      vertex 39.3156 -2.57688 14
      vertex 39.0629 -5.14273 28.5
      vertex 39.0629 -5.14273 14
    endloop
  endfacet
  facet normal 0.910863 0.41271 0
    outer loop
      vertex 36.4009 15.0777 28.5
      vertex 35.3368 17.4262 14
      vertex 35.3368 17.4262 28.5
    endloop
  endfacet
  facet normal 0.910863 0.41271 0
    outer loop
      vertex 35.3368 17.4262 14
      vertex 36.4009 15.0777 28.5
      vertex 36.4009 15.0777 14
    endloop
  endfacet
  facet normal 0 0 1
    outer loop
      vertex 36.4 0 28.5
      vertex 39.4 0 28.5
      vertex 39.3156 2.57688 28.5
    endloop
  endfacet
  facet normal 0 0 1
    outer loop
      vertex 36.3221 2.38067 28.5
      vertex 39.3156 2.57688 28.5
      vertex 39.0629 5.14273 28.5
    endloop
  endfacet
  facet normal 0 0 1
    outer loop
      vertex 39.4 0 28.5
      vertex 36.4 0 28.5
      vertex 39.3156 -2.57688 28.5
    endloop
  endfacet
  facet normal 0 0 1
    outer loop
      vertex 36.0886 4.75115 28.5
      vertex 39.0629 5.14273 28.5
      vertex 38.6429 7.68656 28.5
    endloop
  endfacet
  facet normal -0 0 1
    outer loop
      vertex 36.3221 -2.38067 28.5
      vertex 39.3156 -2.57688 28.5
      vertex 36.4 0 28.5
    endloop
  endfacet
  facet normal 0 0 1
    outer loop
      vertex 35.7006 7.10129 28.5
      vertex 38.6429 7.68656 28.5
      vertex 38.0575 10.1975 28.5
    endloop
  endfacet
  facet normal 0 0 1
    outer loop
      vertex 39.3156 -2.57688 28.5
      vertex 36.3221 -2.38067 28.5
      vertex 39.0629 -5.14273 28.5
    endloop
  endfacet
  facet normal 0 0 1
    outer loop
      vertex 35.1597 9.42101 28.5
      vertex 38.0575 10.1975 28.5
      vertex 37.309 12.6647 28.5
    endloop
  endfacet
  facet normal -0 0 1
    outer loop
      vertex 36.0886 -4.75115 28.5
      vertex 39.0629 -5.14273 28.5
      vertex 36.3221 -2.38067 28.5
    endloop
  endfacet
  facet normal 0 0 1
    outer loop
      vertex 34.4683 11.7004 28.5
      vertex 37.309 12.6647 28.5
      vertex 36.4009 15.0777 28.5
    endloop
  endfacet
  facet normal 0 0 1
    outer loop
      vertex 39.0629 -5.14273 28.5
      vertex 36.0886 -4.75115 28.5
      vertex 38.6429 -7.68656 28.5
    endloop
  endfacet
  facet normal -0 0 1
    outer loop
      vertex 35.7006 -7.10129 28.5
      vertex 38.6429 -7.68656 28.5
      vertex 36.0886 -4.75115 28.5
    endloop
  endfacet
  facet normal 0 0 1
    outer loop
      vertex 39.3156 2.57688 28.5
      vertex 36.3221 2.38067 28.5
      vertex 36.4 0 28.5
    endloop
  endfacet
  facet normal 0 0 1
    outer loop
      vertex 39.0629 5.14273 28.5
      vertex 36.0886 4.75115 28.5
      vertex 36.3221 2.38067 28.5
    endloop
  endfacet
  facet normal 0 0 1
    outer loop
      vertex 38.6429 7.68656 28.5
      vertex 35.7006 7.10129 28.5
      vertex 36.0886 4.75115 28.5
    endloop
  endfacet
  facet normal 0 0 1
    outer loop
      vertex 33.6292 13.9297 28.5
      vertex 36.4009 15.0777 28.5
      vertex 35.3368 17.4262 28.5
    endloop
  endfacet
  facet normal 0 0 1
    outer loop
      vertex 38.0575 10.1975 28.5
      vertex 35.1597 9.42101 28.5
      vertex 35.7006 7.10129 28.5
    endloop
  endfacet
  facet normal 0 0 1
    outer loop
      vertex 37.309 12.6647 28.5
      vertex 34.4683 11.7004 28.5
      vertex 35.1597 9.42101 28.5
    endloop
  endfacet
  facet normal 0 0 1
    outer loop
      vertex 32.6462 16.0993 28.5
      vertex 35.3368 17.4262 28.5
      vertex 34.1214 19.7 28.5
    endloop
  endfacet
  facet normal 0 0 1
    outer loop
      vertex 36.4009 15.0777 28.5
      vertex 33.6292 13.9297 28.5
      vertex 34.4683 11.7004 28.5
    endloop
  endfacet
  facet normal 0 0 1
    outer loop
      vertex 31.5233 18.2 28.5
      vertex 34.1214 19.7 28.5
      vertex 32.7599 21.8895 28.5
    endloop
  endfacet
  facet normal 0 0 1
    outer loop
      vertex 35.3368 17.4262 28.5
      vertex 32.6462 16.0993 28.5
      vertex 33.6292 13.9297 28.5
    endloop
  endfacet
  facet normal 0 0 1
    outer loop
      vertex 34.1214 19.7 28.5
      vertex 31.5233 18.2 28.5
      vertex 32.6462 16.0993 28.5
    endloop
  endfacet
  facet normal 0 0 1
    outer loop
      vertex 30.2655 20.2228 28.5
      vertex 32.7599 21.8895 28.5
      vertex 31.2581 23.9852 28.5
    endloop
  endfacet
  facet normal 0 0 1
    outer loop
      vertex 32.7599 21.8895 28.5
      vertex 30.2655 20.2228 28.5
      vertex 31.5233 18.2 28.5
    endloop
  endfacet
  facet normal 0 0 1
    outer loop
      vertex 28.8781 22.1589 28.5
      vertex 31.2581 23.9852 28.5
      vertex 29.6225 25.9782 28.5
    endloop
  endfacet
  facet normal 0 0 1
    outer loop
      vertex 31.2581 23.9852 28.5
      vertex 28.8781 22.1589 28.5
      vertex 30.2655 20.2228 28.5
    endloop
  endfacet
  facet normal 0 0 1
    outer loop
      vertex 27.367 24.0002 28.5
      vertex 29.6225 25.9782 28.5
      vertex 27.86 27.86 28.5
    endloop
  endfacet
  facet normal 0 0 1
    outer loop
      vertex 29.6225 25.9782 28.5
      vertex 27.367 24.0002 28.5
      vertex 28.8781 22.1589 28.5
    endloop
  endfacet
  facet normal 0 0 1
    outer loop
      vertex 25.7387 25.7387 28.5
      vertex 27.86 27.86 28.5
      vertex 25.9782 29.6225 28.5
    endloop
  endfacet
  facet normal 0 0 1
    outer loop
      vertex 27.86 27.86 28.5
      vertex 25.7387 25.7387 28.5
      vertex 27.367 24.0002 28.5
    endloop
  endfacet
  facet normal 0 0 1
    outer loop
      vertex 25.9782 29.6225 28.5
      vertex 24.0002 27.367 28.5
      vertex 25.7387 25.7387 28.5
    endloop
  endfacet
  facet normal 0 0 1
    outer loop
      vertex 23.9852 31.2581 28.5
      vertex 24.0002 27.367 28.5
      vertex 25.9782 29.6225 28.5
    endloop
  endfacet
  facet normal 0 0 1
    outer loop
      vertex 23.9852 31.2581 28.5
      vertex 22.1589 28.8781 28.5
      vertex 24.0002 27.367 28.5
    endloop
  endfacet
  facet normal 0 0 1
    outer loop
      vertex 21.8895 32.7599 28.5
      vertex 22.1589 28.8781 28.5
      vertex 23.9852 31.2581 28.5
    endloop
  endfacet
  facet normal 0 0 1
    outer loop
      vertex 21.8895 32.7599 28.5
      vertex 20.2228 30.2655 28.5
      vertex 22.1589 28.8781 28.5
    endloop
  endfacet
  facet normal 0 0 1
    outer loop
      vertex 19.7 34.1214 28.5
      vertex 20.2228 30.2655 28.5
      vertex 21.8895 32.7599 28.5
    endloop
  endfacet
  facet normal 0 0 1
    outer loop
      vertex 19.7 34.1214 28.5
      vertex 18.2 31.5233 28.5
      vertex 20.2228 30.2655 28.5
    endloop
  endfacet
  facet normal 0 0 1
    outer loop
      vertex 17.4262 35.3368 28.5
      vertex 18.2 31.5233 28.5
      vertex 19.7 34.1214 28.5
    endloop
  endfacet
  facet normal 0 0 1
    outer loop
      vertex 17.4262 35.3368 28.5
      vertex 16.0993 32.6462 28.5
      vertex 18.2 31.5233 28.5
    endloop
  endfacet
  facet normal 0 0 1
    outer loop
      vertex 15.0777 36.4009 28.5
      vertex 16.0993 32.6462 28.5
      vertex 17.4262 35.3368 28.5
    endloop
  endfacet
  facet normal 0 0 1
    outer loop
      vertex 15.0777 36.4009 28.5
      vertex 13.9297 33.6292 28.5
      vertex 16.0993 32.6462 28.5
    endloop
  endfacet
  facet normal 0 0 1
    outer loop
      vertex 12.6647 37.309 28.5
      vertex 13.9297 33.6292 28.5
      vertex 15.0777 36.4009 28.5
    endloop
  endfacet
  facet normal 0 0 1
    outer loop
      vertex 12.6647 37.309 28.5
      vertex 11.7004 34.4683 28.5
      vertex 13.9297 33.6292 28.5
    endloop
  endfacet
  facet normal 0 0 1
    outer loop
      vertex 10.1975 38.0575 28.5
      vertex 11.7004 34.4683 28.5
      vertex 12.6647 37.309 28.5
    endloop
  endfacet
  facet normal 0 0 1
    outer loop
      vertex 10.1975 38.0575 28.5
      vertex 9.42101 35.1597 28.5
      vertex 11.7004 34.4683 28.5
    endloop
  endfacet
  facet normal 0 0 1
    outer loop
      vertex 7.68656 38.6429 28.5
      vertex 9.42101 35.1597 28.5
      vertex 10.1975 38.0575 28.5
    endloop
  endfacet
  facet normal 0 0 1
    outer loop
      vertex 7.68656 38.6429 28.5
      vertex 7.10129 35.7006 28.5
      vertex 9.42101 35.1597 28.5
    endloop
  endfacet
  facet normal 0 0 1
    outer loop
      vertex 5.14273 39.0629 28.5
      vertex 7.10129 35.7006 28.5
      vertex 7.68656 38.6429 28.5
    endloop
  endfacet
  facet normal 0 0 1
    outer loop
      vertex 5.14273 39.0629 28.5
      vertex 4.75115 36.0886 28.5
      vertex 7.10129 35.7006 28.5
    endloop
  endfacet
  facet normal 0 0 1
    outer loop
      vertex 2.57688 39.3156 28.5
      vertex 4.75115 36.0886 28.5
      vertex 5.14273 39.0629 28.5
    endloop
  endfacet
  facet normal 0 0 1
    outer loop
      vertex 2.57688 39.3156 28.5
      vertex 2.38067 36.3221 28.5
      vertex 4.75115 36.0886 28.5
    endloop
  endfacet
  facet normal 0 0 1
    outer loop
      vertex 0 39.4 28.5
      vertex 2.38067 36.3221 28.5
      vertex 2.57688 39.3156 28.5
    endloop
  endfacet
  facet normal 0 0 1
    outer loop
      vertex 0 39.4 28.5
      vertex 0 36.4 28.5
      vertex 2.38067 36.3221 28.5
    endloop
  endfacet
  facet normal 0 0 1
    outer loop
      vertex 0 39.4 28.5
      vertex -2.38067 36.3221 28.5
      vertex 0 36.4 28.5
    endloop
  endfacet
  facet normal -0 0 1
    outer loop
      vertex -2.57688 39.3156 28.5
      vertex -2.38067 36.3221 28.5
      vertex 0 39.4 28.5
    endloop
  endfacet
  facet normal 0 0 1
    outer loop
      vertex -2.57688 39.3156 28.5
      vertex -4.75115 36.0886 28.5
      vertex -2.38067 36.3221 28.5
    endloop
  endfacet
  facet normal -0 0 1
    outer loop
      vertex -5.14273 39.0629 28.5
      vertex -4.75115 36.0886 28.5
      vertex -2.57688 39.3156 28.5
    endloop
  endfacet
  facet normal 0 0 1
    outer loop
      vertex -5.14273 39.0629 28.5
      vertex -7.10129 35.7006 28.5
      vertex -4.75115 36.0886 28.5
    endloop
  endfacet
  facet normal -0 0 1
    outer loop
      vertex -7.68656 38.6429 28.5
      vertex -7.10129 35.7006 28.5
      vertex -5.14273 39.0629 28.5
    endloop
  endfacet
  facet normal 0 0 1
    outer loop
      vertex -7.68656 38.6429 28.5
      vertex -9.42101 35.1597 28.5
      vertex -7.10129 35.7006 28.5
    endloop
  endfacet
  facet normal -0 0 1
    outer loop
      vertex -10.1975 38.0575 28.5
      vertex -9.42101 35.1597 28.5
      vertex -7.68656 38.6429 28.5
    endloop
  endfacet
  facet normal 0 0 1
    outer loop
      vertex -10.1975 38.0575 28.5
      vertex -11.7004 34.4683 28.5
      vertex -9.42101 35.1597 28.5
    endloop
  endfacet
  facet normal -0 0 1
    outer loop
      vertex -12.6647 37.309 28.5
      vertex -11.7004 34.4683 28.5
      vertex -10.1975 38.0575 28.5
    endloop
  endfacet
  facet normal 0 0 1
    outer loop
      vertex -12.6647 37.309 28.5
      vertex -13.9297 33.6292 28.5
      vertex -11.7004 34.4683 28.5
    endloop
  endfacet
  facet normal -0 0 1
    outer loop
      vertex -15.0777 36.4009 28.5
      vertex -13.9297 33.6292 28.5
      vertex -12.6647 37.309 28.5
    endloop
  endfacet
  facet normal 0 0 1
    outer loop
      vertex -15.0777 36.4009 28.5
      vertex -16.0993 32.6462 28.5
      vertex -13.9297 33.6292 28.5
    endloop
  endfacet
  facet normal -0 0 1
    outer loop
      vertex -17.4262 35.3368 28.5
      vertex -16.0993 32.6462 28.5
      vertex -15.0777 36.4009 28.5
    endloop
  endfacet
  facet normal 0 0 1
    outer loop
      vertex -17.4262 35.3368 28.5
      vertex -18.2 31.5233 28.5
      vertex -16.0993 32.6462 28.5
    endloop
  endfacet
  facet normal -0 0 1
    outer loop
      vertex -19.7 34.1214 28.5
      vertex -18.2 31.5233 28.5
      vertex -17.4262 35.3368 28.5
    endloop
  endfacet
  facet normal 0 0 1
    outer loop
      vertex -19.7 34.1214 28.5
      vertex -20.2228 30.2655 28.5
      vertex -18.2 31.5233 28.5
    endloop
  endfacet
  facet normal -0 0 1
    outer loop
      vertex -21.8895 32.7599 28.5
      vertex -20.2228 30.2655 28.5
      vertex -19.7 34.1214 28.5
    endloop
  endfacet
  facet normal 0 0 1
    outer loop
      vertex -21.8895 32.7599 28.5
      vertex -22.1589 28.8781 28.5
      vertex -20.2228 30.2655 28.5
    endloop
  endfacet
  facet normal -0 0 1
    outer loop
      vertex -23.9852 31.2581 28.5
      vertex -22.1589 28.8781 28.5
      vertex -21.8895 32.7599 28.5
    endloop
  endfacet
  facet normal 0 0 1
    outer loop
      vertex -23.9852 31.2581 28.5
      vertex -24.0002 27.367 28.5
      vertex -22.1589 28.8781 28.5
    endloop
  endfacet
  facet normal -0 0 1
    outer loop
      vertex -25.9782 29.6225 28.5
      vertex -24.0002 27.367 28.5
      vertex -23.9852 31.2581 28.5
    endloop
  endfacet
  facet normal 0 0 1
    outer loop
      vertex -24.0002 27.367 28.5
      vertex -25.9782 29.6225 28.5
      vertex -25.7387 25.7387 28.5
    endloop
  endfacet
  facet normal -0 0 1
    outer loop
      vertex -27.86 27.86 28.5
      vertex -25.7387 25.7387 28.5
      vertex -25.9782 29.6225 28.5
    endloop
  endfacet
  facet normal 0 0 1
    outer loop
      vertex -25.7387 25.7387 28.5
      vertex -27.86 27.86 28.5
      vertex -27.367 24.0002 28.5
    endloop
  endfacet
  facet normal -0 0 1
    outer loop
      vertex -29.6225 25.9782 28.5
      vertex -27.367 24.0002 28.5
      vertex -27.86 27.86 28.5
    endloop
  endfacet
  facet normal 0 0 1
    outer loop
      vertex -27.367 24.0002 28.5
      vertex -29.6225 25.9782 28.5
      vertex -28.8781 22.1589 28.5
    endloop
  endfacet
  facet normal -0 0 1
    outer loop
      vertex -31.2581 23.9852 28.5
      vertex -28.8781 22.1589 28.5
      vertex -29.6225 25.9782 28.5
    endloop
  endfacet
  facet normal 0 0 1
    outer loop
      vertex -28.8781 22.1589 28.5
      vertex -31.2581 23.9852 28.5
      vertex -30.2655 20.2228 28.5
    endloop
  endfacet
  facet normal -0 0 1
    outer loop
      vertex -32.7599 21.8895 28.5
      vertex -30.2655 20.2228 28.5
      vertex -31.2581 23.9852 28.5
    endloop
  endfacet
  facet normal 0 0 1
    outer loop
      vertex -30.2655 20.2228 28.5
      vertex -32.7599 21.8895 28.5
      vertex -31.5233 18.2 28.5
    endloop
  endfacet
  facet normal -0 0 1
    outer loop
      vertex -34.1214 19.7 28.5
      vertex -31.5233 18.2 28.5
      vertex -32.7599 21.8895 28.5
    endloop
  endfacet
  facet normal 0 0 1
    outer loop
      vertex -31.5233 18.2 28.5
      vertex -34.1214 19.7 28.5
      vertex -32.6462 16.0993 28.5
    endloop
  endfacet
  facet normal -0 0 1
    outer loop
      vertex -35.3368 17.4262 28.5
      vertex -32.6462 16.0993 28.5
      vertex -34.1214 19.7 28.5
    endloop
  endfacet
  facet normal 0 0 1
    outer loop
      vertex -32.6462 16.0993 28.5
      vertex -35.3368 17.4262 28.5
      vertex -33.6292 13.9297 28.5
    endloop
  endfacet
  facet normal -0 0 1
    outer loop
      vertex -36.4009 15.0777 28.5
      vertex -33.6292 13.9297 28.5
      vertex -35.3368 17.4262 28.5
    endloop
  endfacet
  facet normal 0 0 1
    outer loop
      vertex -33.6292 13.9297 28.5
      vertex -36.4009 15.0777 28.5
      vertex -34.4683 11.7004 28.5
    endloop
  endfacet
  facet normal -0 0 1
    outer loop
      vertex -37.309 12.6647 28.5
      vertex -34.4683 11.7004 28.5
      vertex -36.4009 15.0777 28.5
    endloop
  endfacet
  facet normal 0 0 1
    outer loop
      vertex -34.4683 11.7004 28.5
      vertex -37.309 12.6647 28.5
      vertex -35.1597 9.42101 28.5
    endloop
  endfacet
  facet normal -0 0 1
    outer loop
      vertex -38.0575 10.1975 28.5
      vertex -35.1597 9.42101 28.5
      vertex -37.309 12.6647 28.5
    endloop
  endfacet
  facet normal -0 0 1
    outer loop
      vertex -38.6429 7.68656 28.5
      vertex -35.7006 7.10129 28.5
      vertex -38.0575 10.1975 28.5
    endloop
  endfacet
  facet normal 0 0 1
    outer loop
      vertex -35.1597 9.42101 28.5
      vertex -38.0575 10.1975 28.5
      vertex -35.7006 7.10129 28.5
    endloop
  endfacet
  facet normal 0 0 1
    outer loop
      vertex 38.6429 -7.68656 28.5
      vertex 35.7006 -7.10129 28.5
      vertex 38.0575 -10.1975 28.5
    endloop
  endfacet
  facet normal -0 0 1
    outer loop
      vertex 35.1597 -9.42101 28.5
      vertex 38.0575 -10.1975 28.5
      vertex 35.7006 -7.10129 28.5
    endloop
  endfacet
  facet normal 0 0 1
    outer loop
      vertex 38.0575 -10.1975 28.5
      vertex 35.1597 -9.42101 28.5
      vertex 37.309 -12.6647 28.5
    endloop
  endfacet
  facet normal -0 0 1
    outer loop
      vertex 34.4683 -11.7004 28.5
      vertex 37.309 -12.6647 28.5
      vertex 35.1597 -9.42101 28.5
    endloop
  endfacet
  facet normal 0 0 1
    outer loop
      vertex 37.309 -12.6647 28.5
      vertex 34.4683 -11.7004 28.5
      vertex 36.4009 -15.0777 28.5
    endloop
  endfacet
  facet normal -0 0 1
    outer loop
      vertex 33.6292 -13.9297 28.5
      vertex 36.4009 -15.0777 28.5
      vertex 34.4683 -11.7004 28.5
    endloop
  endfacet
  facet normal 0 0 1
    outer loop
      vertex 36.4009 -15.0777 28.5
      vertex 33.6292 -13.9297 28.5
      vertex 35.3368 -17.4262 28.5
    endloop
  endfacet
  facet normal -0 0 1
    outer loop
      vertex 32.6462 -16.0993 28.5
      vertex 35.3368 -17.4262 28.5
      vertex 33.6292 -13.9297 28.5
    endloop
  endfacet
  facet normal 0 0 1
    outer loop
      vertex 35.3368 -17.4262 28.5
      vertex 32.6462 -16.0993 28.5
      vertex 34.1214 -19.7 28.5
    endloop
  endfacet
  facet normal -0 0 1
    outer loop
      vertex 31.5233 -18.2 28.5
      vertex 34.1214 -19.7 28.5
      vertex 32.6462 -16.0993 28.5
    endloop
  endfacet
  facet normal 0 0 1
    outer loop
      vertex 34.1214 -19.7 28.5
      vertex 31.5233 -18.2 28.5
      vertex 32.7599 -21.8895 28.5
    endloop
  endfacet
  facet normal -0 0 1
    outer loop
      vertex 30.2655 -20.2228 28.5
      vertex 32.7599 -21.8895 28.5
      vertex 31.5233 -18.2 28.5
    endloop
  endfacet
  facet normal 0 0 1
    outer loop
      vertex 32.7599 -21.8895 28.5
      vertex 30.2655 -20.2228 28.5
      vertex 31.2581 -23.9852 28.5
    endloop
  endfacet
  facet normal -0 0 1
    outer loop
      vertex 28.8781 -22.1589 28.5
      vertex 31.2581 -23.9852 28.5
      vertex 30.2655 -20.2228 28.5
    endloop
  endfacet
  facet normal 0 0 1
    outer loop
      vertex 31.2581 -23.9852 28.5
      vertex 28.8781 -22.1589 28.5
      vertex 29.6225 -25.9782 28.5
    endloop
  endfacet
  facet normal -0 0 1
    outer loop
      vertex 27.367 -24.0002 28.5
      vertex 29.6225 -25.9782 28.5
      vertex 28.8781 -22.1589 28.5
    endloop
  endfacet
  facet normal 0 0 1
    outer loop
      vertex 29.6225 -25.9782 28.5
      vertex 27.367 -24.0002 28.5
      vertex 27.86 -27.86 28.5
    endloop
  endfacet
  facet normal -0 0 1
    outer loop
      vertex 25.7387 -25.7387 28.5
      vertex 27.86 -27.86 28.5
      vertex 27.367 -24.0002 28.5
    endloop
  endfacet
  facet normal 0 0 1
    outer loop
      vertex 27.86 -27.86 28.5
      vertex 25.7387 -25.7387 28.5
      vertex 25.9782 -29.6225 28.5
    endloop
  endfacet
  facet normal -0 0 1
    outer loop
      vertex 24.0002 -27.367 28.5
      vertex 25.9782 -29.6225 28.5
      vertex 25.7387 -25.7387 28.5
    endloop
  endfacet
  facet normal 0 0 1
    outer loop
      vertex 24.0002 -27.367 28.5
      vertex 23.9852 -31.2581 28.5
      vertex 25.9782 -29.6225 28.5
    endloop
  endfacet
  facet normal -0 0 1
    outer loop
      vertex 22.1589 -28.8781 28.5
      vertex 23.9852 -31.2581 28.5
      vertex 24.0002 -27.367 28.5
    endloop
  endfacet
  facet normal 0 0 1
    outer loop
      vertex 22.1589 -28.8781 28.5
      vertex 21.8895 -32.7599 28.5
      vertex 23.9852 -31.2581 28.5
    endloop
  endfacet
  facet normal -0 0 1
    outer loop
      vertex 20.2228 -30.2655 28.5
      vertex 21.8895 -32.7599 28.5
      vertex 22.1589 -28.8781 28.5
    endloop
  endfacet
  facet normal 0 0 1
    outer loop
      vertex 20.2228 -30.2655 28.5
      vertex 19.7 -34.1214 28.5
      vertex 21.8895 -32.7599 28.5
    endloop
  endfacet
  facet normal -0 0 1
    outer loop
      vertex 18.2 -31.5233 28.5
      vertex 19.7 -34.1214 28.5
      vertex 20.2228 -30.2655 28.5
    endloop
  endfacet
  facet normal 0 0 1
    outer loop
      vertex 18.2 -31.5233 28.5
      vertex 17.4262 -35.3368 28.5
      vertex 19.7 -34.1214 28.5
    endloop
  endfacet
  facet normal -0 0 1
    outer loop
      vertex 16.0993 -32.6462 28.5
      vertex 17.4262 -35.3368 28.5
      vertex 18.2 -31.5233 28.5
    endloop
  endfacet
  facet normal 0 0 1
    outer loop
      vertex 16.0993 -32.6462 28.5
      vertex 15.0777 -36.4009 28.5
      vertex 17.4262 -35.3368 28.5
    endloop
  endfacet
  facet normal -0 0 1
    outer loop
      vertex 13.9297 -33.6292 28.5
      vertex 15.0777 -36.4009 28.5
      vertex 16.0993 -32.6462 28.5
    endloop
  endfacet
  facet normal 0 0 1
    outer loop
      vertex 13.9297 -33.6292 28.5
      vertex 12.6647 -37.309 28.5
      vertex 15.0777 -36.4009 28.5
    endloop
  endfacet
  facet normal -0 0 1
    outer loop
      vertex 11.7004 -34.4683 28.5
      vertex 12.6647 -37.309 28.5
      vertex 13.9297 -33.6292 28.5
    endloop
  endfacet
  facet normal 0 0 1
    outer loop
      vertex 11.7004 -34.4683 28.5
      vertex 10.1975 -38.0575 28.5
      vertex 12.6647 -37.309 28.5
    endloop
  endfacet
  facet normal -0 0 1
    outer loop
      vertex 9.42101 -35.1597 28.5
      vertex 10.1975 -38.0575 28.5
      vertex 11.7004 -34.4683 28.5
    endloop
  endfacet
  facet normal 0 0 1
    outer loop
      vertex 9.42101 -35.1597 28.5
      vertex 7.68656 -38.6429 28.5
      vertex 10.1975 -38.0575 28.5
    endloop
  endfacet
  facet normal -0 0 1
    outer loop
      vertex 7.10129 -35.7006 28.5
      vertex 7.68656 -38.6429 28.5
      vertex 9.42101 -35.1597 28.5
    endloop
  endfacet
  facet normal 0 0 1
    outer loop
      vertex 7.10129 -35.7006 28.5
      vertex 5.14273 -39.0629 28.5
      vertex 7.68656 -38.6429 28.5
    endloop
  endfacet
  facet normal -0 0 1
    outer loop
      vertex 4.75115 -36.0886 28.5
      vertex 5.14273 -39.0629 28.5
      vertex 7.10129 -35.7006 28.5
    endloop
  endfacet
  facet normal 0 0 1
    outer loop
      vertex 4.75115 -36.0886 28.5
      vertex 2.57688 -39.3156 28.5
      vertex 5.14273 -39.0629 28.5
    endloop
  endfacet
  facet normal -0 0 1
    outer loop
      vertex 2.38067 -36.3221 28.5
      vertex 2.57688 -39.3156 28.5
      vertex 4.75115 -36.0886 28.5
    endloop
  endfacet
  facet normal -0 0 1
    outer loop
      vertex 0 -36.4 28.5
      vertex 2.57688 -39.3156 28.5
      vertex 2.38067 -36.3221 28.5
    endloop
  endfacet
  facet normal 0 0 1
    outer loop
      vertex 0 -36.4 28.5
      vertex 0 -39.4 28.5
      vertex 2.57688 -39.3156 28.5
    endloop
  endfacet
  facet normal 0 0 1
    outer loop
      vertex -2.38067 -36.3221 28.5
      vertex 0 -39.4 28.5
      vertex 0 -36.4 28.5
    endloop
  endfacet
  facet normal 0 0 1
    outer loop
      vertex -2.38067 -36.3221 28.5
      vertex -2.57688 -39.3156 28.5
      vertex 0 -39.4 28.5
    endloop
  endfacet
  facet normal 0 0 1
    outer loop
      vertex -4.75115 -36.0886 28.5
      vertex -2.57688 -39.3156 28.5
      vertex -2.38067 -36.3221 28.5
    endloop
  endfacet
  facet normal 0 0 1
    outer loop
      vertex -4.75115 -36.0886 28.5
      vertex -5.14273 -39.0629 28.5
      vertex -2.57688 -39.3156 28.5
    endloop
  endfacet
  facet normal 0 0 1
    outer loop
      vertex -7.10129 -35.7006 28.5
      vertex -5.14273 -39.0629 28.5
      vertex -4.75115 -36.0886 28.5
    endloop
  endfacet
  facet normal 0 0 1
    outer loop
      vertex -7.10129 -35.7006 28.5
      vertex -7.68656 -38.6429 28.5
      vertex -5.14273 -39.0629 28.5
    endloop
  endfacet
  facet normal 0 0 1
    outer loop
      vertex -9.42101 -35.1597 28.5
      vertex -7.68656 -38.6429 28.5
      vertex -7.10129 -35.7006 28.5
    endloop
  endfacet
  facet normal 0 0 1
    outer loop
      vertex -9.42101 -35.1597 28.5
      vertex -10.1975 -38.0575 28.5
      vertex -7.68656 -38.6429 28.5
    endloop
  endfacet
  facet normal 0 0 1
    outer loop
      vertex -11.7004 -34.4683 28.5
      vertex -10.1975 -38.0575 28.5
      vertex -9.42101 -35.1597 28.5
    endloop
  endfacet
  facet normal 0 0 1
    outer loop
      vertex -11.7004 -34.4683 28.5
      vertex -12.6647 -37.309 28.5
      vertex -10.1975 -38.0575 28.5
    endloop
  endfacet
  facet normal 0 0 1
    outer loop
      vertex -13.9297 -33.6292 28.5
      vertex -12.6647 -37.309 28.5
      vertex -11.7004 -34.4683 28.5
    endloop
  endfacet
  facet normal 0 0 1
    outer loop
      vertex -13.9297 -33.6292 28.5
      vertex -15.0777 -36.4009 28.5
      vertex -12.6647 -37.309 28.5
    endloop
  endfacet
  facet normal 0 0 1
    outer loop
      vertex -16.0993 -32.6462 28.5
      vertex -15.0777 -36.4009 28.5
      vertex -13.9297 -33.6292 28.5
    endloop
  endfacet
  facet normal 0 0 1
    outer loop
      vertex -16.0993 -32.6462 28.5
      vertex -17.4262 -35.3368 28.5
      vertex -15.0777 -36.4009 28.5
    endloop
  endfacet
  facet normal 0 0 1
    outer loop
      vertex -18.2 -31.5233 28.5
      vertex -17.4262 -35.3368 28.5
      vertex -16.0993 -32.6462 28.5
    endloop
  endfacet
  facet normal 0 0 1
    outer loop
      vertex -18.2 -31.5233 28.5
      vertex -19.7 -34.1214 28.5
      vertex -17.4262 -35.3368 28.5
    endloop
  endfacet
  facet normal 0 0 1
    outer loop
      vertex -20.2228 -30.2655 28.5
      vertex -19.7 -34.1214 28.5
      vertex -18.2 -31.5233 28.5
    endloop
  endfacet
  facet normal 0 0 1
    outer loop
      vertex -20.2228 -30.2655 28.5
      vertex -21.8895 -32.7599 28.5
      vertex -19.7 -34.1214 28.5
    endloop
  endfacet
  facet normal 0 0 1
    outer loop
      vertex -22.1589 -28.8781 28.5
      vertex -21.8895 -32.7599 28.5
      vertex -20.2228 -30.2655 28.5
    endloop
  endfacet
  facet normal 0 0 1
    outer loop
      vertex -22.1589 -28.8781 28.5
      vertex -23.9852 -31.2581 28.5
      vertex -21.8895 -32.7599 28.5
    endloop
  endfacet
  facet normal 0 0 1
    outer loop
      vertex -24.0002 -27.367 28.5
      vertex -23.9852 -31.2581 28.5
      vertex -22.1589 -28.8781 28.5
    endloop
  endfacet
  facet normal 0 0 1
    outer loop
      vertex -25.9782 -29.6225 28.5
      vertex -24.0002 -27.367 28.5
      vertex -25.7387 -25.7387 28.5
    endloop
  endfacet
  facet normal 0 0 1
    outer loop
      vertex -24.0002 -27.367 28.5
      vertex -25.9782 -29.6225 28.5
      vertex -23.9852 -31.2581 28.5
    endloop
  endfacet
  facet normal 0 0 1
    outer loop
      vertex -27.86 -27.86 28.5
      vertex -25.7387 -25.7387 28.5
      vertex -27.367 -24.0002 28.5
    endloop
  endfacet
  facet normal 0 0 1
    outer loop
      vertex -25.7387 -25.7387 28.5
      vertex -27.86 -27.86 28.5
      vertex -25.9782 -29.6225 28.5
    endloop
  endfacet
  facet normal 0 0 1
    outer loop
      vertex -29.6225 -25.9782 28.5
      vertex -27.367 -24.0002 28.5
      vertex -28.8781 -22.1589 28.5
    endloop
  endfacet
  facet normal 0 0 1
    outer loop
      vertex -27.367 -24.0002 28.5
      vertex -29.6225 -25.9782 28.5
      vertex -27.86 -27.86 28.5
    endloop
  endfacet
  facet normal 0 0 1
    outer loop
      vertex -31.2581 -23.9852 28.5
      vertex -28.8781 -22.1589 28.5
      vertex -30.2655 -20.2228 28.5
    endloop
  endfacet
  facet normal 0 0 1
    outer loop
      vertex -28.8781 -22.1589 28.5
      vertex -31.2581 -23.9852 28.5
      vertex -29.6225 -25.9782 28.5
    endloop
  endfacet
  facet normal 0 0 1
    outer loop
      vertex -32.7599 -21.8895 28.5
      vertex -30.2655 -20.2228 28.5
      vertex -31.5233 -18.2 28.5
    endloop
  endfacet
  facet normal 0 0 1
    outer loop
      vertex -34.1214 -19.7 28.5
      vertex -31.5233 -18.2 28.5
      vertex -32.6462 -16.0993 28.5
    endloop
  endfacet
  facet normal 0 0 1
    outer loop
      vertex -30.2655 -20.2228 28.5
      vertex -32.7599 -21.8895 28.5
      vertex -31.2581 -23.9852 28.5
    endloop
  endfacet
  facet normal 0 0 1
    outer loop
      vertex -35.3368 -17.4262 28.5
      vertex -32.6462 -16.0993 28.5
      vertex -33.6292 -13.9297 28.5
    endloop
  endfacet
  facet normal 0 0 1
    outer loop
      vertex -31.5233 -18.2 28.5
      vertex -34.1214 -19.7 28.5
      vertex -32.7599 -21.8895 28.5
    endloop
  endfacet
  facet normal 0 0 1
    outer loop
      vertex -36.4009 -15.0777 28.5
      vertex -33.6292 -13.9297 28.5
      vertex -34.4683 -11.7004 28.5
    endloop
  endfacet
  facet normal 0 0 1
    outer loop
      vertex -37.309 -12.6647 28.5
      vertex -34.4683 -11.7004 28.5
      vertex -35.1597 -9.42101 28.5
    endloop
  endfacet
  facet normal 0 0 1
    outer loop
      vertex -32.6462 -16.0993 28.5
      vertex -35.3368 -17.4262 28.5
      vertex -34.1214 -19.7 28.5
    endloop
  endfacet
  facet normal 0 0 1
    outer loop
      vertex -38.0575 -10.1975 28.5
      vertex -35.1597 -9.42101 28.5
      vertex -35.7006 -7.10129 28.5
    endloop
  endfacet
  facet normal 0 0 1
    outer loop
      vertex -38.6429 -7.68656 28.5
      vertex -35.7006 -7.10129 28.5
      vertex -36.0886 -4.75115 28.5
    endloop
  endfacet
  facet normal 0 0 1
    outer loop
      vertex -39.0629 -5.14273 28.5
      vertex -36.0886 -4.75115 28.5
      vertex -36.3221 -2.38067 28.5
    endloop
  endfacet
  facet normal 0 0 1
    outer loop
      vertex -33.6292 -13.9297 28.5
      vertex -36.4009 -15.0777 28.5
      vertex -35.3368 -17.4262 28.5
    endloop
  endfacet
  facet normal 0 0 1
    outer loop
      vertex -39.3156 -2.57688 28.5
      vertex -36.3221 -2.38067 28.5
      vertex -36.4 0 28.5
    endloop
  endfacet
  facet normal 0 0 1
    outer loop
      vertex -35.7006 7.10129 28.5
      vertex -38.6429 7.68656 28.5
      vertex -36.0886 4.75115 28.5
    endloop
  endfacet
  facet normal -0 0 1
    outer loop
      vertex -39.0629 5.14273 28.5
      vertex -36.0886 4.75115 28.5
      vertex -38.6429 7.68656 28.5
    endloop
  endfacet
  facet normal 0 0 1
    outer loop
      vertex -34.4683 -11.7004 28.5
      vertex -37.309 -12.6647 28.5
      vertex -36.4009 -15.0777 28.5
    endloop
  endfacet
  facet normal 0 0 1
    outer loop
      vertex -36.0886 4.75115 28.5
      vertex -39.0629 5.14273 28.5
      vertex -36.3221 2.38067 28.5
    endloop
  endfacet
  facet normal 0 0 1
    outer loop
      vertex -35.1597 -9.42101 28.5
      vertex -38.0575 -10.1975 28.5
      vertex -37.309 -12.6647 28.5
    endloop
  endfacet
  facet normal -0 0 1
    outer loop
      vertex -39.3156 2.57688 28.5
      vertex -36.3221 2.38067 28.5
      vertex -39.0629 5.14273 28.5
    endloop
  endfacet
  facet normal 0 0 1
    outer loop
      vertex -35.7006 -7.10129 28.5
      vertex -38.6429 -7.68656 28.5
      vertex -38.0575 -10.1975 28.5
    endloop
  endfacet
  facet normal 0 0 1
    outer loop
      vertex -36.3221 2.38067 28.5
      vertex -39.3156 2.57688 28.5
      vertex -36.4 0 28.5
    endloop
  endfacet
  facet normal 0 0 1
    outer loop
      vertex -36.0886 -4.75115 28.5
      vertex -39.0629 -5.14273 28.5
      vertex -38.6429 -7.68656 28.5
    endloop
  endfacet
  facet normal 0 0 1
    outer loop
      vertex -39.4 0 28.5
      vertex -36.4 0 28.5
      vertex -39.3156 2.57688 28.5
    endloop
  endfacet
  facet normal 0 0 1
    outer loop
      vertex -36.3221 -2.38067 28.5
      vertex -39.3156 -2.57688 28.5
      vertex -39.0629 -5.14273 28.5
    endloop
  endfacet
  facet normal 0 0 1
    outer loop
      vertex -36.4 0 28.5
      vertex -39.4 0 28.5
      vertex -39.3156 -2.57688 28.5
    endloop
  endfacet
  facet normal 0.1629 0.986643 -0
    outer loop
      vertex 7.68656 38.6429 14
      vertex 5.14273 39.0629 28.5
      vertex 7.68656 38.6429 28.5
    endloop
  endfacet
  facet normal 0.1629 0.986643 0
    outer loop
      vertex 5.14273 39.0629 28.5
      vertex 7.68656 38.6429 14
      vertex 5.14273 39.0629 14
    endloop
  endfacet
  facet normal 0.995185 0.0980117 0
    outer loop
      vertex 39.3156 2.57688 28.5
      vertex 39.0629 5.14273 14
      vertex 39.0629 5.14273 28.5
    endloop
  endfacet
  facet normal 0.995185 0.0980117 0
    outer loop
      vertex 39.0629 5.14273 14
      vertex 39.3156 2.57688 28.5
      vertex 39.3156 2.57688 14
    endloop
  endfacet
  facet normal 0.41271 0.910863 -0
    outer loop
      vertex 17.4262 35.3368 14
      vertex 15.0777 36.4009 28.5
      vertex 17.4262 35.3368 28.5
    endloop
  endfacet
  facet normal 0.41271 0.910863 0
    outer loop
      vertex 15.0777 36.4009 28.5
      vertex 17.4262 35.3368 14
      vertex 15.0777 36.4009 14
    endloop
  endfacet
  facet normal 0.35222 0.935917 -0
    outer loop
      vertex 15.0777 36.4009 14
      vertex 12.6647 37.309 28.5
      vertex 15.0777 36.4009 28.5
    endloop
  endfacet
  facet normal 0.35222 0.935917 0
    outer loop
      vertex 12.6647 37.309 28.5
      vertex 15.0777 36.4009 14
      vertex 12.6647 37.309 14
    endloop
  endfacet
  facet normal 0.999464 -0.0327352 0
    outer loop
      vertex 39.3156 -2.57688 28.5
      vertex 39.4 0 14
      vertex 39.4 0 28.5
    endloop
  endfacet
  facet normal 0.999464 -0.0327352 0
    outer loop
      vertex 39.4 0 14
      vertex 39.3156 -2.57688 28.5
      vertex 39.3156 -2.57688 14
    endloop
  endfacet
  facet normal 0.999464 0.0327352 0
    outer loop
      vertex 39.4 0 28.5
      vertex 39.3156 2.57688 14
      vertex 39.3156 2.57688 28.5
    endloop
  endfacet
  facet normal 0.999464 0.0327352 0
    outer loop
      vertex 39.3156 2.57688 14
      vertex 39.4 0 28.5
      vertex 39.4 0 14
    endloop
  endfacet
  facet normal -0.0980117 0.995185 0
    outer loop
      vertex -2.57688 39.3156 14
      vertex -5.14273 39.0629 28.5
      vertex -2.57688 39.3156 28.5
    endloop
  endfacet
  facet normal -0.0980117 0.995185 0
    outer loop
      vertex -5.14273 39.0629 28.5
      vertex -2.57688 39.3156 14
      vertex -5.14273 39.0629 14
    endloop
  endfacet
  facet normal 0.956931 -0.290314 0
    outer loop
      vertex 37.309 -12.6647 28.5
      vertex 38.0575 -10.1975 14
      vertex 38.0575 -10.1975 28.5
    endloop
  endfacet
  facet normal 0.956931 -0.290314 0
    outer loop
      vertex 38.0575 -10.1975 14
      vertex 37.309 -12.6647 28.5
      vertex 37.309 -12.6647 14
    endloop
  endfacet
  facet normal 0.812839 0.582489 0
    outer loop
      vertex 32.7599 21.8895 28.5
      vertex 31.2581 23.9852 14
      vertex 31.2581 23.9852 28.5
    endloop
  endfacet
  facet normal 0.812839 0.582489 0
    outer loop
      vertex 31.2581 23.9852 14
      vertex 32.7599 21.8895 28.5
      vertex 32.7599 21.8895 14
    endloop
  endfacet
  facet normal 0.63439 -0.773013 0
    outer loop
      vertex 23.9852 -31.2581 14
      vertex 25.9782 -29.6225 28.5
      vertex 23.9852 -31.2581 28.5
    endloop
  endfacet
  facet normal 0.63439 -0.773013 0
    outer loop
      vertex 25.9782 -29.6225 28.5
      vertex 23.9852 -31.2581 14
      vertex 25.9782 -29.6225 14
    endloop
  endfacet
  facet normal 0.956931 0.290314 0
    outer loop
      vertex 38.0575 10.1975 28.5
      vertex 37.309 12.6647 14
      vertex 37.309 12.6647 28.5
    endloop
  endfacet
  facet normal 0.956931 0.290314 0
    outer loop
      vertex 37.309 12.6647 14
      vertex 38.0575 10.1975 28.5
      vertex 38.0575 10.1975 14
    endloop
  endfacet
  facet normal -0.35222 -0.935917 0
    outer loop
      vertex -15.0777 -36.4009 14
      vertex -12.6647 -37.309 28.5
      vertex -15.0777 -36.4009 28.5
    endloop
  endfacet
  facet normal -0.35222 -0.935917 -0
    outer loop
      vertex -12.6647 -37.309 28.5
      vertex -15.0777 -36.4009 14
      vertex -12.6647 -37.309 14
    endloop
  endfacet
  facet normal 0.910863 -0.41271 0
    outer loop
      vertex 35.3368 -17.4262 28.5
      vertex 36.4009 -15.0777 14
      vertex 36.4009 -15.0777 28.5
    endloop
  endfacet
  facet normal 0.910863 -0.41271 0
    outer loop
      vertex 36.4009 -15.0777 14
      vertex 35.3368 -17.4262 28.5
      vertex 35.3368 -17.4262 14
    endloop
  endfacet
  facet normal -0.812839 0.582489 0
    outer loop
      vertex -32.7599 21.8895 14
      vertex -31.2581 23.9852 28.5
      vertex -31.2581 23.9852 14
    endloop
  endfacet
  facet normal -0.812839 0.582489 0
    outer loop
      vertex -31.2581 23.9852 28.5
      vertex -32.7599 21.8895 14
      vertex -32.7599 21.8895 28.5
    endloop
  endfacet
  facet normal -0.290314 0.956931 0
    outer loop
      vertex -10.1975 38.0575 14
      vertex -12.6647 37.309 28.5
      vertex -10.1975 38.0575 28.5
    endloop
  endfacet
  facet normal -0.290314 0.956931 0
    outer loop
      vertex -12.6647 37.309 28.5
      vertex -10.1975 38.0575 14
      vertex -12.6647 37.309 14
    endloop
  endfacet
  facet normal -0.910863 -0.41271 0
    outer loop
      vertex -35.3368 -17.4262 14
      vertex -36.4009 -15.0777 28.5
      vertex -36.4009 -15.0777 14
    endloop
  endfacet
  facet normal -0.910863 -0.41271 0
    outer loop
      vertex -36.4009 -15.0777 28.5
      vertex -35.3368 -17.4262 14
      vertex -35.3368 -17.4262 28.5
    endloop
  endfacet
  facet normal 0.63439 0.773013 -0
    outer loop
      vertex 25.9782 29.6225 14
      vertex 23.9852 31.2581 28.5
      vertex 25.9782 29.6225 28.5
    endloop
  endfacet
  facet normal 0.63439 0.773013 0
    outer loop
      vertex 23.9852 31.2581 28.5
      vertex 25.9782 29.6225 14
      vertex 23.9852 31.2581 14
    endloop
  endfacet
  facet normal -0.528063 -0.849205 0
    outer loop
      vertex -21.8895 -32.7599 14
      vertex -19.7 -34.1214 28.5
      vertex -21.8895 -32.7599 28.5
    endloop
  endfacet
  facet normal -0.528063 -0.849205 -0
    outer loop
      vertex -19.7 -34.1214 28.5
      vertex -21.8895 -32.7599 14
      vertex -19.7 -34.1214 14
    endloop
  endfacet
  facet normal -0.227051 -0.973883 0
    outer loop
      vertex -10.1975 -38.0575 14
      vertex -7.68656 -38.6429 28.5
      vertex -10.1975 -38.0575 28.5
    endloop
  endfacet
  facet normal -0.227051 -0.973883 -0
    outer loop
      vertex -7.68656 -38.6429 28.5
      vertex -10.1975 -38.0575 14
      vertex -7.68656 -38.6429 14
    endloop
  endfacet
  facet normal 0.0980117 -0.995185 0
    outer loop
      vertex 2.57688 -39.3156 14
      vertex 5.14273 -39.0629 28.5
      vertex 2.57688 -39.3156 28.5
    endloop
  endfacet
  facet normal 0.0980117 -0.995185 0
    outer loop
      vertex 5.14273 -39.0629 28.5
      vertex 2.57688 -39.3156 14
      vertex 5.14273 -39.0629 14
    endloop
  endfacet
  facet normal -0.995185 0.0980117 0
    outer loop
      vertex -39.3156 2.57688 15
      vertex -39.0629 5.14273 28.5
      vertex -39.0629 5.14273 15
    endloop
  endfacet
  facet normal -0.995185 0.0980117 0
    outer loop
      vertex -39.0629 5.14273 28.5
      vertex -39.3156 2.57688 15
      vertex -39.3156 2.57688 28.5
    endloop
  endfacet
  facet normal 0.812839 -0.582489 0
    outer loop
      vertex 31.2581 -23.9852 28.5
      vertex 32.7599 -21.8895 14
      vertex 32.7599 -21.8895 28.5
    endloop
  endfacet
  facet normal 0.812839 -0.582489 0
    outer loop
      vertex 32.7599 -21.8895 14
      vertex 31.2581 -23.9852 28.5
      vertex 31.2581 -23.9852 14
    endloop
  endfacet
  facet normal -0.35222 0.935917 0
    outer loop
      vertex -12.6647 37.309 14
      vertex -15.0777 36.4009 28.5
      vertex -12.6647 37.309 28.5
    endloop
  endfacet
  facet normal -0.35222 0.935917 0
    outer loop
      vertex -15.0777 36.4009 28.5
      vertex -12.6647 37.309 14
      vertex -15.0777 36.4009 14
    endloop
  endfacet
  facet normal 0.227051 0.973883 -0
    outer loop
      vertex 10.1975 38.0575 14
      vertex 7.68656 38.6429 28.5
      vertex 10.1975 38.0575 28.5
    endloop
  endfacet
  facet normal 0.227051 0.973883 0
    outer loop
      vertex 7.68656 38.6429 28.5
      vertex 10.1975 38.0575 14
      vertex 7.68656 38.6429 14
    endloop
  endfacet
  facet normal -0.683593 0.729864 0
    outer loop
      vertex -25.9782 29.6225 14
      vertex -27.86 27.86 28.5
      vertex -25.9782 29.6225 28.5
    endloop
  endfacet
  facet normal -0.683593 0.729864 0
    outer loop
      vertex -27.86 27.86 28.5
      vertex -25.9782 29.6225 14
      vertex -27.86 27.86 14
    endloop
  endfacet
  facet normal 0.986643 0.1629 0
    outer loop
      vertex 39.0629 5.14273 28.5
      vertex 38.6429 7.68656 14
      vertex 38.6429 7.68656 28.5
    endloop
  endfacet
  facet normal 0.986643 0.1629 0
    outer loop
      vertex 38.6429 7.68656 14
      vertex 39.0629 5.14273 28.5
      vertex 39.0629 5.14273 14
    endloop
  endfacet
  facet normal 0.773013 0.63439 0
    outer loop
      vertex 31.2581 23.9852 28.5
      vertex 29.6225 25.9782 14
      vertex 29.6225 25.9782 28.5
    endloop
  endfacet
  facet normal 0.773013 0.63439 0
    outer loop
      vertex 29.6225 25.9782 14
      vertex 31.2581 23.9852 28.5
      vertex 31.2581 23.9852 14
    endloop
  endfacet
  facet normal 0.973883 -0.227051 0
    outer loop
      vertex 38.0575 -10.1975 28.5
      vertex 38.6429 -7.68656 14
      vertex 38.6429 -7.68656 28.5
    endloop
  endfacet
  facet normal 0.973883 -0.227051 0
    outer loop
      vertex 38.6429 -7.68656 14
      vertex 38.0575 -10.1975 28.5
      vertex 38.0575 -10.1975 14
    endloop
  endfacet
  facet normal 0.729864 0.683593 0
    outer loop
      vertex 29.6225 25.9782 28.5
      vertex 27.86 27.86 14
      vertex 27.86 27.86 28.5
    endloop
  endfacet
  facet normal 0.729864 0.683593 0
    outer loop
      vertex 27.86 27.86 14
      vertex 29.6225 25.9782 28.5
      vertex 29.6225 25.9782 14
    endloop
  endfacet
  facet normal -0.881917 -0.471405 0
    outer loop
      vertex -34.1214 -19.7 14
      vertex -35.3368 -17.4262 28.5
      vertex -35.3368 -17.4262 14
    endloop
  endfacet
  facet normal -0.881917 -0.471405 0
    outer loop
      vertex -35.3368 -17.4262 28.5
      vertex -34.1214 -19.7 14
      vertex -34.1214 -19.7 28.5
    endloop
  endfacet
  facet normal -0.995185 -0.0980117 0
    outer loop
      vertex -39.0629 -5.14273 15
      vertex -39.3156 -2.57688 28.5
      vertex -39.3156 -2.57688 15
    endloop
  endfacet
  facet normal -0.995185 -0.0980117 0
    outer loop
      vertex -39.3156 -2.57688 28.5
      vertex -39.0629 -5.14273 15
      vertex -39.0629 -5.14273 28.5
    endloop
  endfacet
  facet normal -0.1629 0.986643 0
    outer loop
      vertex -5.14273 39.0629 14
      vertex -7.68656 38.6429 28.5
      vertex -5.14273 39.0629 28.5
    endloop
  endfacet
  facet normal -0.1629 0.986643 0
    outer loop
      vertex -7.68656 38.6429 28.5
      vertex -5.14273 39.0629 14
      vertex -7.68656 38.6429 14
    endloop
  endfacet
  facet normal 0.881917 0.471405 0
    outer loop
      vertex 35.3368 17.4262 28.5
      vertex 34.1214 19.7 14
      vertex 34.1214 19.7 28.5
    endloop
  endfacet
  facet normal 0.881917 0.471405 0
    outer loop
      vertex 34.1214 19.7 14
      vertex 35.3368 17.4262 28.5
      vertex 35.3368 17.4262 14
    endloop
  endfacet
  facet normal 0.683593 -0.729864 0
    outer loop
      vertex 25.9782 -29.6225 14
      vertex 27.86 -27.86 28.5
      vertex 25.9782 -29.6225 28.5
    endloop
  endfacet
  facet normal 0.683593 -0.729864 0
    outer loop
      vertex 27.86 -27.86 28.5
      vertex 25.9782 -29.6225 14
      vertex 27.86 -27.86 14
    endloop
  endfacet
  facet normal 0.729864 -0.683593 0
    outer loop
      vertex 27.86 -27.86 28.5
      vertex 29.6225 -25.9782 14
      vertex 29.6225 -25.9782 28.5
    endloop
  endfacet
  facet normal 0.729864 -0.683593 0
    outer loop
      vertex 29.6225 -25.9782 14
      vertex 27.86 -27.86 28.5
      vertex 27.86 -27.86 14
    endloop
  endfacet
  facet normal -0.227051 0.973883 0
    outer loop
      vertex -7.68656 38.6429 14
      vertex -10.1975 38.0575 28.5
      vertex -7.68656 38.6429 28.5
    endloop
  endfacet
  facet normal -0.227051 0.973883 0
    outer loop
      vertex -10.1975 38.0575 28.5
      vertex -7.68656 38.6429 14
      vertex -10.1975 38.0575 14
    endloop
  endfacet
  facet normal 0.0980117 0.995185 -0
    outer loop
      vertex 5.14273 39.0629 14
      vertex 2.57688 39.3156 28.5
      vertex 5.14273 39.0629 28.5
    endloop
  endfacet
  facet normal 0.0980117 0.995185 0
    outer loop
      vertex 2.57688 39.3156 28.5
      vertex 5.14273 39.0629 14
      vertex 2.57688 39.3156 14
    endloop
  endfacet
  facet normal 0.290314 -0.956931 0
    outer loop
      vertex 10.1975 -38.0575 14
      vertex 12.6647 -37.309 28.5
      vertex 10.1975 -38.0575 28.5
    endloop
  endfacet
  facet normal 0.290314 -0.956931 0
    outer loop
      vertex 12.6647 -37.309 28.5
      vertex 10.1975 -38.0575 14
      vertex 12.6647 -37.309 14
    endloop
  endfacet
  facet normal 0.1629 -0.986643 0
    outer loop
      vertex 5.14273 -39.0629 14
      vertex 7.68656 -38.6429 28.5
      vertex 5.14273 -39.0629 28.5
    endloop
  endfacet
  facet normal 0.1629 -0.986643 0
    outer loop
      vertex 7.68656 -38.6429 28.5
      vertex 5.14273 -39.0629 14
      vertex 7.68656 -38.6429 14
    endloop
  endfacet
  facet normal 0.35222 -0.935917 0
    outer loop
      vertex 12.6647 -37.309 14
      vertex 15.0777 -36.4009 28.5
      vertex 12.6647 -37.309 28.5
    endloop
  endfacet
  facet normal 0.35222 -0.935917 0
    outer loop
      vertex 15.0777 -36.4009 28.5
      vertex 12.6647 -37.309 14
      vertex 15.0777 -36.4009 14
    endloop
  endfacet
  facet normal 0.227051 -0.973883 0
    outer loop
      vertex 7.68656 -38.6429 14
      vertex 10.1975 -38.0575 28.5
      vertex 7.68656 -38.6429 28.5
    endloop
  endfacet
  facet normal 0.227051 -0.973883 0
    outer loop
      vertex 10.1975 -38.0575 28.5
      vertex 7.68656 -38.6429 14
      vertex 10.1975 -38.0575 14
    endloop
  endfacet
  facet normal -0.999464 0.0327352 0
    outer loop
      vertex -39.4 0 15
      vertex -39.3156 2.57688 28.5
      vertex -39.3156 2.57688 15
    endloop
  endfacet
  facet normal -0.999464 0.0327352 0
    outer loop
      vertex -39.3156 2.57688 28.5
      vertex -39.4 0 15
      vertex -39.4 0 28.5
    endloop
  endfacet
  facet normal -0.956931 -0.290314 0
    outer loop
      vertex -37.309 -12.6647 14
      vertex -38.0575 -10.1975 28.5
      vertex -38.0575 -10.1975 14
    endloop
  endfacet
  facet normal -0.956931 -0.290314 0
    outer loop
      vertex -38.0575 -10.1975 28.5
      vertex -37.309 -12.6647 14
      vertex -37.309 -12.6647 28.5
    endloop
  endfacet
  facet normal -0.63439 0.773013 0
    outer loop
      vertex -23.9852 31.2581 14
      vertex -25.9782 29.6225 28.5
      vertex -23.9852 31.2581 28.5
    endloop
  endfacet
  facet normal -0.63439 0.773013 0
    outer loop
      vertex -25.9782 29.6225 28.5
      vertex -23.9852 31.2581 14
      vertex -25.9782 29.6225 14
    endloop
  endfacet
  facet normal 0.471405 0.881917 -0
    outer loop
      vertex 19.7 34.1214 14
      vertex 17.4262 35.3368 28.5
      vertex 19.7 34.1214 28.5
    endloop
  endfacet
  facet normal 0.471405 0.881917 0
    outer loop
      vertex 17.4262 35.3368 28.5
      vertex 19.7 34.1214 14
      vertex 17.4262 35.3368 14
    endloop
  endfacet
  facet normal 0.582489 -0.812839 0
    outer loop
      vertex 21.8895 -32.7599 14
      vertex 23.9852 -31.2581 28.5
      vertex 21.8895 -32.7599 28.5
    endloop
  endfacet
  facet normal 0.582489 -0.812839 0
    outer loop
      vertex 23.9852 -31.2581 28.5
      vertex 21.8895 -32.7599 14
      vertex 23.9852 -31.2581 14
    endloop
  endfacet
  facet normal 0.849205 0.528063 0
    outer loop
      vertex 34.1214 19.7 28.5
      vertex 32.7599 21.8895 14
      vertex 32.7599 21.8895 28.5
    endloop
  endfacet
  facet normal 0.849205 0.528063 0
    outer loop
      vertex 32.7599 21.8895 14
      vertex 34.1214 19.7 28.5
      vertex 34.1214 19.7 14
    endloop
  endfacet
  facet normal 0.935917 -0.35222 0
    outer loop
      vertex 36.4009 -15.0777 28.5
      vertex 37.309 -12.6647 14
      vertex 37.309 -12.6647 28.5
    endloop
  endfacet
  facet normal 0.935917 -0.35222 0
    outer loop
      vertex 37.309 -12.6647 14
      vertex 36.4009 -15.0777 28.5
      vertex 36.4009 -15.0777 14
    endloop
  endfacet
  facet normal 0.528063 -0.849205 0
    outer loop
      vertex 19.7 -34.1214 14
      vertex 21.8895 -32.7599 28.5
      vertex 19.7 -34.1214 28.5
    endloop
  endfacet
  facet normal 0.528063 -0.849205 0
    outer loop
      vertex 21.8895 -32.7599 28.5
      vertex 19.7 -34.1214 14
      vertex 21.8895 -32.7599 14
    endloop
  endfacet
  facet normal -0.729864 -0.683593 0
    outer loop
      vertex -27.86 -27.86 14
      vertex -29.6225 -25.9782 28.5
      vertex -29.6225 -25.9782 14
    endloop
  endfacet
  facet normal -0.729864 -0.683593 0
    outer loop
      vertex -29.6225 -25.9782 28.5
      vertex -27.86 -27.86 14
      vertex -27.86 -27.86 28.5
    endloop
  endfacet
  facet normal -0.41271 -0.910863 0
    outer loop
      vertex -17.4262 -35.3368 14
      vertex -15.0777 -36.4009 28.5
      vertex -17.4262 -35.3368 28.5
    endloop
  endfacet
  facet normal -0.41271 -0.910863 -0
    outer loop
      vertex -15.0777 -36.4009 28.5
      vertex -17.4262 -35.3368 14
      vertex -15.0777 -36.4009 14
    endloop
  endfacet
  facet normal 0.849205 -0.528063 0
    outer loop
      vertex 32.7599 -21.8895 28.5
      vertex 34.1214 -19.7 14
      vertex 34.1214 -19.7 28.5
    endloop
  endfacet
  facet normal 0.849205 -0.528063 0
    outer loop
      vertex 34.1214 -19.7 14
      vertex 32.7599 -21.8895 28.5
      vertex 32.7599 -21.8895 14
    endloop
  endfacet
  facet normal -0.999464 -0.0327352 0
    outer loop
      vertex -39.3156 -2.57688 15
      vertex -39.4 0 28.5
      vertex -39.4 0 15
    endloop
  endfacet
  facet normal -0.999464 -0.0327352 0
    outer loop
      vertex -39.4 0 28.5
      vertex -39.3156 -2.57688 15
      vertex -39.3156 -2.57688 28.5
    endloop
  endfacet
  facet normal 0.973883 0.227051 0
    outer loop
      vertex 38.6429 7.68656 28.5
      vertex 38.0575 10.1975 14
      vertex 38.0575 10.1975 28.5
    endloop
  endfacet
  facet normal 0.973883 0.227051 0
    outer loop
      vertex 38.0575 10.1975 14
      vertex 38.6429 7.68656 28.5
      vertex 38.6429 7.68656 14
    endloop
  endfacet
  facet normal 0.773013 -0.63439 0
    outer loop
      vertex 29.6225 -25.9782 28.5
      vertex 31.2581 -23.9852 14
      vertex 31.2581 -23.9852 28.5
    endloop
  endfacet
  facet normal 0.773013 -0.63439 0
    outer loop
      vertex 31.2581 -23.9852 14
      vertex 29.6225 -25.9782 28.5
      vertex 29.6225 -25.9782 14
    endloop
  endfacet
  facet normal -0.471405 0.881917 0
    outer loop
      vertex -17.4262 35.3368 14
      vertex -19.7 34.1214 28.5
      vertex -17.4262 35.3368 28.5
    endloop
  endfacet
  facet normal -0.471405 0.881917 0
    outer loop
      vertex -19.7 34.1214 28.5
      vertex -17.4262 35.3368 14
      vertex -19.7 34.1214 14
    endloop
  endfacet
  facet normal -0.986644 -0.162894 0
    outer loop
      vertex -39.0039 -5.5 14
      vertex -38.6429 -7.68656 14
      vertex -39.0039 -5.5 15
    endloop
  endfacet
  facet normal -0.986637 -0.162934 0
    outer loop
      vertex -39.0039 -5.5 15
      vertex -39.0629 -5.14273 28.5
      vertex -39.0629 -5.14273 15
    endloop
  endfacet
  facet normal -0.986644 -0.162894 -0
    outer loop
      vertex -38.6429 -7.68656 28.5
      vertex -39.0039 -5.5 15
      vertex -38.6429 -7.68656 14
    endloop
  endfacet
  facet normal -0.986643 -0.1629 -9.35741e-07
    outer loop
      vertex -39.0039 -5.5 15
      vertex -38.6429 -7.68656 28.5
      vertex -39.0629 -5.14273 28.5
    endloop
  endfacet
  facet normal 0.290314 0.956931 -0
    outer loop
      vertex 12.6647 37.309 14
      vertex 10.1975 38.0575 28.5
      vertex 12.6647 37.309 28.5
    endloop
  endfacet
  facet normal 0.290314 0.956931 0
    outer loop
      vertex 10.1975 38.0575 28.5
      vertex 12.6647 37.309 14
      vertex 10.1975 38.0575 14
    endloop
  endfacet
  facet normal -0.986644 0.162894 0
    outer loop
      vertex -39.0039 5.5 15
      vertex -38.6429 7.68656 14
      vertex -39.0039 5.5 14
    endloop
  endfacet
  facet normal -0.986644 0.162894 0
    outer loop
      vertex -38.6429 7.68656 14
      vertex -39.0039 5.5 15
      vertex -38.6429 7.68656 28.5
    endloop
  endfacet
  facet normal -0.986637 0.162934 0
    outer loop
      vertex -39.0629 5.14273 28.5
      vertex -39.0039 5.5 15
      vertex -39.0629 5.14273 15
    endloop
  endfacet
  facet normal -0.986643 0.1629 -9.35741e-07
    outer loop
      vertex -39.0039 5.5 15
      vertex -39.0629 5.14273 28.5
      vertex -38.6429 7.68656 28.5
    endloop
  endfacet
  facet normal -0.849205 -0.528063 0
    outer loop
      vertex -32.7599 -21.8895 14
      vertex -34.1214 -19.7 28.5
      vertex -34.1214 -19.7 14
    endloop
  endfacet
  facet normal -0.849205 -0.528063 0
    outer loop
      vertex -34.1214 -19.7 28.5
      vertex -32.7599 -21.8895 14
      vertex -32.7599 -21.8895 28.5
    endloop
  endfacet
  facet normal -0.1629 -0.986643 0
    outer loop
      vertex -7.68656 -38.6429 14
      vertex -5.14273 -39.0629 28.5
      vertex -7.68656 -38.6429 28.5
    endloop
  endfacet
  facet normal -0.1629 -0.986643 -0
    outer loop
      vertex -5.14273 -39.0629 28.5
      vertex -7.68656 -38.6429 14
      vertex -5.14273 -39.0629 14
    endloop
  endfacet
  facet normal -0.956931 0.290314 0
    outer loop
      vertex -38.0575 10.1975 14
      vertex -37.309 12.6647 28.5
      vertex -37.309 12.6647 14
    endloop
  endfacet
  facet normal -0.956931 0.290314 0
    outer loop
      vertex -37.309 12.6647 28.5
      vertex -38.0575 10.1975 14
      vertex -38.0575 10.1975 28.5
    endloop
  endfacet
  facet normal -0.773013 0.63439 0
    outer loop
      vertex -31.2581 23.9852 14
      vertex -29.6225 25.9782 28.5
      vertex -29.6225 25.9782 14
    endloop
  endfacet
  facet normal -0.773013 0.63439 0
    outer loop
      vertex -29.6225 25.9782 28.5
      vertex -31.2581 23.9852 14
      vertex -31.2581 23.9852 28.5
    endloop
  endfacet
  facet normal 0.528063 0.849205 -0
    outer loop
      vertex 21.8895 32.7599 14
      vertex 19.7 34.1214 28.5
      vertex 21.8895 32.7599 28.5
    endloop
  endfacet
  facet normal 0.528063 0.849205 0
    outer loop
      vertex 19.7 34.1214 28.5
      vertex 21.8895 32.7599 14
      vertex 19.7 34.1214 14
    endloop
  endfacet
  facet normal -0.290314 -0.956931 0
    outer loop
      vertex -12.6647 -37.309 14
      vertex -10.1975 -38.0575 28.5
      vertex -12.6647 -37.309 28.5
    endloop
  endfacet
  facet normal -0.290314 -0.956931 -0
    outer loop
      vertex -10.1975 -38.0575 28.5
      vertex -12.6647 -37.309 14
      vertex -10.1975 -38.0575 14
    endloop
  endfacet
  facet normal 0.881917 -0.471405 0
    outer loop
      vertex 34.1214 -19.7 28.5
      vertex 35.3368 -17.4262 14
      vertex 35.3368 -17.4262 28.5
    endloop
  endfacet
  facet normal 0.881917 -0.471405 0
    outer loop
      vertex 35.3368 -17.4262 14
      vertex 34.1214 -19.7 28.5
      vertex 34.1214 -19.7 14
    endloop
  endfacet
  facet normal -0.41271 0.910863 0
    outer loop
      vertex -15.0777 36.4009 14
      vertex -17.4262 35.3368 28.5
      vertex -15.0777 36.4009 28.5
    endloop
  endfacet
  facet normal -0.41271 0.910863 0
    outer loop
      vertex -17.4262 35.3368 28.5
      vertex -15.0777 36.4009 14
      vertex -17.4262 35.3368 14
    endloop
  endfacet
  facet normal -0.973883 0.227051 0
    outer loop
      vertex -38.6429 7.68656 14
      vertex -38.0575 10.1975 28.5
      vertex -38.0575 10.1975 14
    endloop
  endfacet
  facet normal -0.973883 0.227051 0
    outer loop
      vertex -38.0575 10.1975 28.5
      vertex -38.6429 7.68656 14
      vertex -38.6429 7.68656 28.5
    endloop
  endfacet
  facet normal 0.935917 0.35222 0
    outer loop
      vertex 37.309 12.6647 28.5
      vertex 36.4009 15.0777 14
      vertex 36.4009 15.0777 28.5
    endloop
  endfacet
  facet normal 0.935917 0.35222 0
    outer loop
      vertex 36.4009 15.0777 14
      vertex 37.309 12.6647 28.5
      vertex 37.309 12.6647 14
    endloop
  endfacet
  facet normal 0.0327352 -0.999464 0
    outer loop
      vertex 0 -39.4 14
      vertex 2.57688 -39.3156 28.5
      vertex 0 -39.4 28.5
    endloop
  endfacet
  facet normal 0.0327352 -0.999464 0
    outer loop
      vertex 2.57688 -39.3156 28.5
      vertex 0 -39.4 14
      vertex 2.57688 -39.3156 14
    endloop
  endfacet
  facet normal -0.973883 -0.227051 0
    outer loop
      vertex -38.0575 -10.1975 14
      vertex -38.6429 -7.68656 28.5
      vertex -38.6429 -7.68656 14
    endloop
  endfacet
  facet normal -0.973883 -0.227051 0
    outer loop
      vertex -38.6429 -7.68656 28.5
      vertex -38.0575 -10.1975 14
      vertex -38.0575 -10.1975 28.5
    endloop
  endfacet
  facet normal -0.528063 0.849205 0
    outer loop
      vertex -19.7 34.1214 14
      vertex -21.8895 32.7599 28.5
      vertex -19.7 34.1214 28.5
    endloop
  endfacet
  facet normal -0.528063 0.849205 0
    outer loop
      vertex -21.8895 32.7599 28.5
      vertex -19.7 34.1214 14
      vertex -21.8895 32.7599 14
    endloop
  endfacet
  facet normal 0.471405 -0.881917 0
    outer loop
      vertex 17.4262 -35.3368 14
      vertex 19.7 -34.1214 28.5
      vertex 17.4262 -35.3368 28.5
    endloop
  endfacet
  facet normal 0.471405 -0.881917 0
    outer loop
      vertex 19.7 -34.1214 28.5
      vertex 17.4262 -35.3368 14
      vertex 19.7 -34.1214 14
    endloop
  endfacet
  facet normal -0.683593 -0.729864 0
    outer loop
      vertex -27.86 -27.86 14
      vertex -25.9782 -29.6225 28.5
      vertex -27.86 -27.86 28.5
    endloop
  endfacet
  facet normal -0.683593 -0.729864 -0
    outer loop
      vertex -25.9782 -29.6225 28.5
      vertex -27.86 -27.86 14
      vertex -25.9782 -29.6225 14
    endloop
  endfacet
  facet normal -0.773013 -0.63439 0
    outer loop
      vertex -29.6225 -25.9782 14
      vertex -31.2581 -23.9852 28.5
      vertex -31.2581 -23.9852 14
    endloop
  endfacet
  facet normal -0.773013 -0.63439 0
    outer loop
      vertex -31.2581 -23.9852 28.5
      vertex -29.6225 -25.9782 14
      vertex -29.6225 -25.9782 28.5
    endloop
  endfacet
  facet normal -0.910863 0.41271 0
    outer loop
      vertex -36.4009 15.0777 14
      vertex -35.3368 17.4262 28.5
      vertex -35.3368 17.4262 14
    endloop
  endfacet
  facet normal -0.910863 0.41271 0
    outer loop
      vertex -35.3368 17.4262 28.5
      vertex -36.4009 15.0777 14
      vertex -36.4009 15.0777 28.5
    endloop
  endfacet
  facet normal -0.582489 0.812839 0
    outer loop
      vertex -21.8895 32.7599 14
      vertex -23.9852 31.2581 28.5
      vertex -21.8895 32.7599 28.5
    endloop
  endfacet
  facet normal -0.582489 0.812839 0
    outer loop
      vertex -23.9852 31.2581 28.5
      vertex -21.8895 32.7599 14
      vertex -23.9852 31.2581 14
    endloop
  endfacet
  facet normal -0.63439 -0.773013 0
    outer loop
      vertex -25.9782 -29.6225 14
      vertex -23.9852 -31.2581 28.5
      vertex -25.9782 -29.6225 28.5
    endloop
  endfacet
  facet normal -0.63439 -0.773013 -0
    outer loop
      vertex -23.9852 -31.2581 28.5
      vertex -25.9782 -29.6225 14
      vertex -23.9852 -31.2581 14
    endloop
  endfacet
  facet normal -0.471405 -0.881917 0
    outer loop
      vertex -19.7 -34.1214 14
      vertex -17.4262 -35.3368 28.5
      vertex -19.7 -34.1214 28.5
    endloop
  endfacet
  facet normal -0.471405 -0.881917 -0
    outer loop
      vertex -17.4262 -35.3368 28.5
      vertex -19.7 -34.1214 14
      vertex -17.4262 -35.3368 14
    endloop
  endfacet
  facet normal -0.881917 0.471405 0
    outer loop
      vertex -35.3368 17.4262 14
      vertex -34.1214 19.7 28.5
      vertex -34.1214 19.7 14
    endloop
  endfacet
  facet normal -0.881917 0.471405 0
    outer loop
      vertex -34.1214 19.7 28.5
      vertex -35.3368 17.4262 14
      vertex -35.3368 17.4262 28.5
    endloop
  endfacet
  facet normal -0.0327352 -0.999464 0
    outer loop
      vertex -2.57688 -39.3156 14
      vertex 0 -39.4 28.5
      vertex -2.57688 -39.3156 28.5
    endloop
  endfacet
  facet normal -0.0327352 -0.999464 -0
    outer loop
      vertex 0 -39.4 28.5
      vertex -2.57688 -39.3156 14
      vertex 0 -39.4 14
    endloop
  endfacet
  facet normal -0.812839 -0.582489 0
    outer loop
      vertex -31.2581 -23.9852 14
      vertex -32.7599 -21.8895 28.5
      vertex -32.7599 -21.8895 14
    endloop
  endfacet
  facet normal -0.812839 -0.582489 0
    outer loop
      vertex -32.7599 -21.8895 28.5
      vertex -31.2581 -23.9852 14
      vertex -31.2581 -23.9852 28.5
    endloop
  endfacet
  facet normal 0.683593 0.729864 -0
    outer loop
      vertex 27.86 27.86 14
      vertex 25.9782 29.6225 28.5
      vertex 27.86 27.86 28.5
    endloop
  endfacet
  facet normal 0.683593 0.729864 0
    outer loop
      vertex 25.9782 29.6225 28.5
      vertex 27.86 27.86 14
      vertex 25.9782 29.6225 14
    endloop
  endfacet
  facet normal -0.849205 0.528063 0
    outer loop
      vertex -34.1214 19.7 14
      vertex -32.7599 21.8895 28.5
      vertex -32.7599 21.8895 14
    endloop
  endfacet
  facet normal -0.849205 0.528063 0
    outer loop
      vertex -32.7599 21.8895 28.5
      vertex -34.1214 19.7 14
      vertex -34.1214 19.7 28.5
    endloop
  endfacet
  facet normal 0.0327352 0.999464 -0
    outer loop
      vertex 2.57688 39.3156 14
      vertex 0 39.4 28.5
      vertex 2.57688 39.3156 28.5
    endloop
  endfacet
  facet normal 0.0327352 0.999464 0
    outer loop
      vertex 0 39.4 28.5
      vertex 2.57688 39.3156 14
      vertex 0 39.4 14
    endloop
  endfacet
  facet normal -0.0327352 0.999464 0
    outer loop
      vertex 0 39.4 14
      vertex -2.57688 39.3156 28.5
      vertex 0 39.4 28.5
    endloop
  endfacet
  facet normal -0.0327352 0.999464 0
    outer loop
      vertex -2.57688 39.3156 28.5
      vertex 0 39.4 14
      vertex -2.57688 39.3156 14
    endloop
  endfacet
  facet normal -0.582489 -0.812839 0
    outer loop
      vertex -23.9852 -31.2581 14
      vertex -21.8895 -32.7599 28.5
      vertex -23.9852 -31.2581 28.5
    endloop
  endfacet
  facet normal -0.582489 -0.812839 -0
    outer loop
      vertex -21.8895 -32.7599 28.5
      vertex -23.9852 -31.2581 14
      vertex -21.8895 -32.7599 14
    endloop
  endfacet
  facet normal -0.935917 0.35222 0
    outer loop
      vertex -37.309 12.6647 14
      vertex -36.4009 15.0777 28.5
      vertex -36.4009 15.0777 14
    endloop
  endfacet
  facet normal -0.935917 0.35222 0
    outer loop
      vertex -36.4009 15.0777 28.5
      vertex -37.309 12.6647 14
      vertex -37.309 12.6647 28.5
    endloop
  endfacet
  facet normal -0.0980117 -0.995185 0
    outer loop
      vertex -5.14273 -39.0629 14
      vertex -2.57688 -39.3156 28.5
      vertex -5.14273 -39.0629 28.5
    endloop
  endfacet
  facet normal -0.0980117 -0.995185 -0
    outer loop
      vertex -2.57688 -39.3156 28.5
      vertex -5.14273 -39.0629 14
      vertex -2.57688 -39.3156 14
    endloop
  endfacet
  facet normal -1 0 0
    outer loop
      vertex -107.8 11.4 0
      vertex -107.8 7 10
      vertex -107.8 11.4 14
    endloop
  endfacet
  facet normal -1 0 0
    outer loop
      vertex -107.8 11.4 0
      vertex -107.8 -7 10
      vertex -107.8 7 10
    endloop
  endfacet
  facet normal -1 0 0
    outer loop
      vertex -107.8 -11.4 0
      vertex -107.8 -7 10
      vertex -107.8 11.4 0
    endloop
  endfacet
  facet normal -1 0 0
    outer loop
      vertex -107.8 -11.4 14
      vertex -107.8 -7 10
      vertex -107.8 -11.4 0
    endloop
  endfacet
  facet normal -1 0 0
    outer loop
      vertex -107.8 -7 10
      vertex -107.8 -11.4 14
      vertex -107.8 -7 14
    endloop
  endfacet
  facet normal -1 -0 0
    outer loop
      vertex -107.8 11.4 14
      vertex -107.8 7 10
      vertex -107.8 7 14
    endloop
  endfacet
  facet normal -0.163283 -0.986579 0
    outer loop
      vertex -104.58 -15.3231 0
      vertex -104.322 -15.3658 14
      vertex -104.58 -15.3231 14
    endloop
  endfacet
  facet normal -0.163283 -0.986579 -0
    outer loop
      vertex -104.322 -15.3658 14
      vertex -104.58 -15.3231 0
      vertex -104.322 -15.3658 0
    endloop
  endfacet
  facet normal 0 1 0
    outer loop
      vertex -42.2599 15.4 14
      vertex -70.6 15.4 10
      vertex -70.6 15.4 14
    endloop
  endfacet
  facet normal 0 1 0
    outer loop
      vertex -103.8 15.4 0
      vertex -70.6 15.4 10
      vertex -42.2599 15.4 0
    endloop
  endfacet
  facet normal 0 1 -0
    outer loop
      vertex -42.2599 15.4 0
      vertex -70.6 15.4 10
      vertex -42.2599 15.4 14
    endloop
  endfacet
  facet normal 0 1 -0
    outer loop
      vertex -90.2 15.4 10
      vertex -103.8 15.4 14
      vertex -90.2 15.4 14
    endloop
  endfacet
  facet normal 0 1 0
    outer loop
      vertex -90.2 15.4 10
      vertex -103.8 15.4 0
      vertex -103.8 15.4 14
    endloop
  endfacet
  facet normal 0 1 0
    outer loop
      vertex -70.6 15.4 10
      vertex -103.8 15.4 0
      vertex -90.2 15.4 10
    endloop
  endfacet
  facet normal -0.226867 -0.973926 0
    outer loop
      vertex -104.835 -15.2637 0
      vertex -104.58 -15.3231 14
      vertex -104.835 -15.2637 14
    endloop
  endfacet
  facet normal -0.226867 -0.973926 -0
    outer loop
      vertex -104.58 -15.3231 14
      vertex -104.835 -15.2637 0
      vertex -104.58 -15.3231 0
    endloop
  endfacet
  facet normal -0.956928 0.290325 0
    outer loop
      vertex -107.664 12.4353 0
      vertex -107.588 12.6858 14
      vertex -107.588 12.6858 0
    endloop
  endfacet
  facet normal -0.956928 0.290325 0
    outer loop
      vertex -107.588 12.6858 14
      vertex -107.664 12.4353 0
      vertex -107.664 12.4353 14
    endloop
  endfacet
  facet normal -0.729656 -0.683814 0
    outer loop
      vertex -106.628 -14.2284 0
      vertex -106.807 -14.0374 14
      vertex -106.807 -14.0374 0
    endloop
  endfacet
  facet normal -0.729656 -0.683814 0
    outer loop
      vertex -106.807 -14.0374 14
      vertex -106.628 -14.2284 0
      vertex -106.628 -14.2284 14
    endloop
  endfacet
  facet normal -0.0328068 0.999462 0
    outer loop
      vertex -103.8 15.4 0
      vertex -104.062 15.3914 14
      vertex -103.8 15.4 14
    endloop
  endfacet
  facet normal -0.0328068 0.999462 0
    outer loop
      vertex -104.062 15.3914 14
      vertex -103.8 15.4 0
      vertex -104.062 15.3914 0
    endloop
  endfacet
  facet normal -0.909516 -0.41567 0
    outer loop
      vertex -107.387 -13.1692 0
      vertex -107.496 -12.9307 14
      vertex -107.496 -12.9307 0
    endloop
  endfacet
  facet normal -0.909516 -0.41567 0
    outer loop
      vertex -107.496 -12.9307 14
      vertex -107.387 -13.1692 0
      vertex -107.387 -13.1692 14
    endloop
  endfacet
  facet normal -0.999409 -0.0343833 0
    outer loop
      vertex -107.791 -11.6616 0
      vertex -107.8 -11.4 14
      vertex -107.8 -11.4 0
    endloop
  endfacet
  facet normal -0.999409 -0.0343833 0
    outer loop
      vertex -107.8 -11.4 14
      vertex -107.791 -11.6616 0
      vertex -107.791 -11.6616 14
    endloop
  endfacet
  facet normal -0.882501 -0.47031 0
    outer loop
      vertex -107.264 -13.4 0
      vertex -107.387 -13.1692 14
      vertex -107.387 -13.1692 0
    endloop
  endfacet
  facet normal -0.882501 -0.47031 0
    outer loop
      vertex -107.387 -13.1692 14
      vertex -107.264 -13.4 0
      vertex -107.264 -13.4 14
    endloop
  endfacet
  facet normal -0.936125 0.351668 0
    outer loop
      vertex -107.588 12.6858 0
      vertex -107.496 12.9307 14
      vertex -107.496 12.9307 0
    endloop
  endfacet
  facet normal -0.936125 0.351668 0
    outer loop
      vertex -107.496 12.9307 14
      vertex -107.588 12.6858 0
      vertex -107.588 12.6858 14
    endloop
  endfacet
  facet normal -0.909516 0.41567 0
    outer loop
      vertex -107.496 12.9307 0
      vertex -107.387 13.1692 14
      vertex -107.387 13.1692 0
    endloop
  endfacet
  facet normal -0.909516 0.41567 0
    outer loop
      vertex -107.387 13.1692 14
      vertex -107.496 12.9307 0
      vertex -107.496 12.9307 14
    endloop
  endfacet
  facet normal -0.289796 -0.957089 0
    outer loop
      vertex -105.086 -15.1877 0
      vertex -104.835 -15.2637 14
      vertex -105.086 -15.1877 14
    endloop
  endfacet
  facet normal -0.289796 -0.957089 -0
    outer loop
      vertex -104.835 -15.2637 14
      vertex -105.086 -15.1877 0
      vertex -104.835 -15.2637 0
    endloop
  endfacet
  facet normal 0 -1 0
    outer loop
      vertex -103.8 -15.4 14
      vertex -90.2 -15.4 10
      vertex -90.2 -15.4 14
    endloop
  endfacet
  facet normal 0 -1 -0
    outer loop
      vertex -90.2 -15.4 10
      vertex -103.8 -15.4 0
      vertex -70.6 -15.4 10
    endloop
  endfacet
  facet normal 0 -1 0
    outer loop
      vertex -103.8 -15.4 0
      vertex -90.2 -15.4 10
      vertex -103.8 -15.4 14
    endloop
  endfacet
  facet normal 0 -1 0
    outer loop
      vertex -70.6 -15.4 10
      vertex -42.2599 -15.4 14
      vertex -70.6 -15.4 14
    endloop
  endfacet
  facet normal 0 -1 0
    outer loop
      vertex -42.2599 -15.4 0
      vertex -70.6 -15.4 10
      vertex -103.8 -15.4 0
    endloop
  endfacet
  facet normal 0 -1 0
    outer loop
      vertex -70.6 -15.4 10
      vertex -42.2599 -15.4 0
      vertex -42.2599 -15.4 14
    endloop
  endfacet
  facet normal -0.683814 0.729656 0
    outer loop
      vertex -106.437 14.4074 0
      vertex -106.628 14.2284 14
      vertex -106.437 14.4074 14
    endloop
  endfacet
  facet normal -0.683814 0.729656 0
    outer loop
      vertex -106.628 14.2284 14
      vertex -106.437 14.4074 0
      vertex -106.628 14.2284 0
    endloop
  endfacet
  facet normal -0.683814 -0.729656 0
    outer loop
      vertex -106.628 -14.2284 0
      vertex -106.437 -14.4074 14
      vertex -106.628 -14.2284 14
    endloop
  endfacet
  facet normal -0.683814 -0.729656 -0
    outer loop
      vertex -106.437 -14.4074 14
      vertex -106.628 -14.2284 0
      vertex -106.437 -14.4074 0
    endloop
  endfacet
  facet normal -0.986425 -0.164213 0
    outer loop
      vertex -107.723 -12.1804 0
      vertex -107.766 -11.9221 14
      vertex -107.766 -11.9221 0
    endloop
  endfacet
  facet normal -0.986425 -0.164213 0
    outer loop
      vertex -107.766 -11.9221 14
      vertex -107.723 -12.1804 0
      vertex -107.723 -12.1804 14
    endloop
  endfacet
  facet normal -0.811795 0.583943 0
    outer loop
      vertex -107.126 13.6223 0
      vertex -106.973 13.835 14
      vertex -106.973 13.835 0
    endloop
  endfacet
  facet normal -0.811795 0.583943 0
    outer loop
      vertex -106.973 13.835 14
      vertex -107.126 13.6223 0
      vertex -107.126 13.6223 14
    endloop
  endfacet
  facet normal -0.163283 0.986579 0
    outer loop
      vertex -104.322 15.3658 0
      vertex -104.58 15.3231 14
      vertex -104.322 15.3658 14
    endloop
  endfacet
  facet normal -0.163283 0.986579 0
    outer loop
      vertex -104.58 15.3231 14
      vertex -104.322 15.3658 0
      vertex -104.58 15.3231 0
    endloop
  endfacet
  facet normal -0.0979877 0.995188 0
    outer loop
      vertex -104.062 15.3914 0
      vertex -104.322 15.3658 14
      vertex -104.062 15.3914 14
    endloop
  endfacet
  facet normal -0.0979877 0.995188 0
    outer loop
      vertex -104.322 15.3658 14
      vertex -104.062 15.3914 0
      vertex -104.322 15.3658 0
    endloop
  endfacet
  facet normal -0.528486 -0.848942 0
    outer loop
      vertex -106.022 -14.7259 0
      vertex -105.8 -14.8641 14
      vertex -106.022 -14.7259 14
    endloop
  endfacet
  facet normal -0.528486 -0.848942 -0
    outer loop
      vertex -105.8 -14.8641 14
      vertex -106.022 -14.7259 0
      vertex -105.8 -14.8641 0
    endloop
  endfacet
  facet normal -0.634903 0.772592 0
    outer loop
      vertex -106.235 14.5734 0
      vertex -106.437 14.4074 14
      vertex -106.235 14.5734 14
    endloop
  endfacet
  facet normal -0.634903 0.772592 0
    outer loop
      vertex -106.437 14.4074 14
      vertex -106.235 14.5734 0
      vertex -106.437 14.4074 0
    endloop
  endfacet
  facet normal -0.582141 0.813088 0
    outer loop
      vertex -106.022 14.7259 0
      vertex -106.235 14.5734 14
      vertex -106.022 14.7259 14
    endloop
  endfacet
  facet normal -0.582141 0.813088 0
    outer loop
      vertex -106.235 14.5734 14
      vertex -106.022 14.7259 0
      vertex -106.235 14.5734 0
    endloop
  endfacet
  facet normal -0.974243 -0.225501 0
    outer loop
      vertex -107.664 -12.4353 0
      vertex -107.723 -12.1804 14
      vertex -107.723 -12.1804 0
    endloop
  endfacet
  facet normal -0.974243 -0.225501 0
    outer loop
      vertex -107.723 -12.1804 14
      vertex -107.664 -12.4353 0
      vertex -107.664 -12.4353 14
    endloop
  endfacet
  facet normal -0.528486 0.848942 0
    outer loop
      vertex -105.8 14.8641 0
      vertex -106.022 14.7259 14
      vertex -105.8 14.8641 14
    endloop
  endfacet
  facet normal -0.528486 0.848942 0
    outer loop
      vertex -106.022 14.7259 14
      vertex -105.8 14.8641 0
      vertex -106.022 14.7259 0
    endloop
  endfacet
  facet normal -0.0328068 -0.999462 0
    outer loop
      vertex -104.062 -15.3914 0
      vertex -103.8 -15.4 14
      vertex -104.062 -15.3914 14
    endloop
  endfacet
  facet normal -0.0328068 -0.999462 -0
    outer loop
      vertex -103.8 -15.4 14
      vertex -104.062 -15.3914 0
      vertex -103.8 -15.4 0
    endloop
  endfacet
  facet normal -0.849605 -0.52742 0
    outer loop
      vertex -107.126 -13.6223 0
      vertex -107.264 -13.4 14
      vertex -107.264 -13.4 0
    endloop
  endfacet
  facet normal -0.849605 -0.52742 0
    outer loop
      vertex -107.264 -13.4 14
      vertex -107.126 -13.6223 0
      vertex -107.126 -13.6223 14
    endloop
  endfacet
  facet normal -0.413226 0.910628 0
    outer loop
      vertex -105.331 15.0955 0
      vertex -105.569 14.9875 14
      vertex -105.331 15.0955 14
    endloop
  endfacet
  facet normal -0.413226 0.910628 0
    outer loop
      vertex -105.569 14.9875 14
      vertex -105.331 15.0955 0
      vertex -105.569 14.9875 0
    endloop
  endfacet
  facet normal -0.849605 0.52742 0
    outer loop
      vertex -107.264 13.4 0
      vertex -107.126 13.6223 14
      vertex -107.126 13.6223 0
    endloop
  endfacet
  facet normal -0.849605 0.52742 0
    outer loop
      vertex -107.126 13.6223 14
      vertex -107.264 13.4 0
      vertex -107.264 13.4 14
    endloop
  endfacet
  facet normal -0.995427 -0.0955304 0
    outer loop
      vertex -107.766 -11.9221 0
      vertex -107.791 -11.6616 14
      vertex -107.791 -11.6616 0
    endloop
  endfacet
  facet normal -0.995427 -0.0955304 0
    outer loop
      vertex -107.791 -11.6616 14
      vertex -107.766 -11.9221 0
      vertex -107.766 -11.9221 14
    endloop
  endfacet
  facet normal -0.999409 0.0343833 0
    outer loop
      vertex -107.8 11.4 0
      vertex -107.791 11.6616 14
      vertex -107.791 11.6616 0
    endloop
  endfacet
  facet normal -0.999409 0.0343833 0
    outer loop
      vertex -107.791 11.6616 14
      vertex -107.8 11.4 0
      vertex -107.8 11.4 14
    endloop
  endfacet
  facet normal -0.352212 -0.93592 0
    outer loop
      vertex -105.331 -15.0955 0
      vertex -105.086 -15.1877 14
      vertex -105.331 -15.0955 14
    endloop
  endfacet
  facet normal -0.352212 -0.93592 -0
    outer loop
      vertex -105.086 -15.1877 14
      vertex -105.331 -15.0955 0
      vertex -105.086 -15.1877 0
    endloop
  endfacet
  facet normal -0.974243 0.225501 0
    outer loop
      vertex -107.723 12.1804 0
      vertex -107.664 12.4353 14
      vertex -107.664 12.4353 0
    endloop
  endfacet
  facet normal -0.974243 0.225501 0
    outer loop
      vertex -107.664 12.4353 14
      vertex -107.723 12.1804 0
      vertex -107.723 12.1804 14
    endloop
  endfacet
  facet normal -0.0979877 -0.995188 0
    outer loop
      vertex -104.322 -15.3658 0
      vertex -104.062 -15.3914 14
      vertex -104.322 -15.3658 14
    endloop
  endfacet
  facet normal -0.0979877 -0.995188 -0
    outer loop
      vertex -104.062 -15.3914 14
      vertex -104.322 -15.3658 0
      vertex -104.062 -15.3914 0
    endloop
  endfacet
  facet normal -0.986425 0.164213 0
    outer loop
      vertex -107.766 11.9221 0
      vertex -107.723 12.1804 14
      vertex -107.723 12.1804 0
    endloop
  endfacet
  facet normal -0.986425 0.164213 0
    outer loop
      vertex -107.723 12.1804 14
      vertex -107.766 11.9221 0
      vertex -107.766 11.9221 14
    endloop
  endfacet
  facet normal -0.811795 -0.583943 0
    outer loop
      vertex -106.973 -13.835 0
      vertex -107.126 -13.6223 14
      vertex -107.126 -13.6223 0
    endloop
  endfacet
  facet normal -0.811795 -0.583943 0
    outer loop
      vertex -107.126 -13.6223 14
      vertex -106.973 -13.835 0
      vertex -106.973 -13.835 14
    endloop
  endfacet
  facet normal -0.413226 -0.910628 0
    outer loop
      vertex -105.569 -14.9875 0
      vertex -105.331 -15.0955 14
      vertex -105.569 -14.9875 14
    endloop
  endfacet
  facet normal -0.413226 -0.910628 -0
    outer loop
      vertex -105.331 -15.0955 14
      vertex -105.569 -14.9875 0
      vertex -105.331 -15.0955 0
    endloop
  endfacet
  facet normal -0.471183 -0.882036 0
    outer loop
      vertex -105.8 -14.8641 0
      vertex -105.569 -14.9875 14
      vertex -105.8 -14.8641 14
    endloop
  endfacet
  facet normal -0.471183 -0.882036 -0
    outer loop
      vertex -105.569 -14.9875 14
      vertex -105.8 -14.8641 0
      vertex -105.569 -14.9875 0
    endloop
  endfacet
  facet normal -0.956928 -0.290325 0
    outer loop
      vertex -107.588 -12.6858 0
      vertex -107.664 -12.4353 14
      vertex -107.664 -12.4353 0
    endloop
  endfacet
  facet normal -0.956928 -0.290325 0
    outer loop
      vertex -107.664 -12.4353 14
      vertex -107.588 -12.6858 0
      vertex -107.588 -12.6858 14
    endloop
  endfacet
  facet normal -0.773208 -0.634153 0
    outer loop
      vertex -106.807 -14.0374 0
      vertex -106.973 -13.835 14
      vertex -106.973 -13.835 0
    endloop
  endfacet
  facet normal -0.773208 -0.634153 0
    outer loop
      vertex -106.973 -13.835 14
      vertex -106.807 -14.0374 0
      vertex -106.807 -14.0374 14
    endloop
  endfacet
  facet normal -0.936125 -0.351668 0
    outer loop
      vertex -107.496 -12.9307 0
      vertex -107.588 -12.6858 14
      vertex -107.588 -12.6858 0
    endloop
  endfacet
  facet normal -0.936125 -0.351668 0
    outer loop
      vertex -107.588 -12.6858 14
      vertex -107.496 -12.9307 0
      vertex -107.496 -12.9307 14
    endloop
  endfacet
  facet normal -0.995427 0.0955304 0
    outer loop
      vertex -107.791 11.6616 0
      vertex -107.766 11.9221 14
      vertex -107.766 11.9221 0
    endloop
  endfacet
  facet normal -0.995427 0.0955304 0
    outer loop
      vertex -107.766 11.9221 14
      vertex -107.791 11.6616 0
      vertex -107.791 11.6616 14
    endloop
  endfacet
  facet normal -0.773208 0.634153 0
    outer loop
      vertex -106.973 13.835 0
      vertex -106.807 14.0374 14
      vertex -106.807 14.0374 0
    endloop
  endfacet
  facet normal -0.773208 0.634153 0
    outer loop
      vertex -106.807 14.0374 14
      vertex -106.973 13.835 0
      vertex -106.973 13.835 14
    endloop
  endfacet
  facet normal -0.352212 0.93592 0
    outer loop
      vertex -105.086 15.1877 0
      vertex -105.331 15.0955 14
      vertex -105.086 15.1877 14
    endloop
  endfacet
  facet normal -0.352212 0.93592 0
    outer loop
      vertex -105.331 15.0955 14
      vertex -105.086 15.1877 0
      vertex -105.331 15.0955 0
    endloop
  endfacet
  facet normal -0.882501 0.47031 0
    outer loop
      vertex -107.387 13.1692 0
      vertex -107.264 13.4 14
      vertex -107.264 13.4 0
    endloop
  endfacet
  facet normal -0.882501 0.47031 0
    outer loop
      vertex -107.264 13.4 14
      vertex -107.387 13.1692 0
      vertex -107.387 13.1692 14
    endloop
  endfacet
  facet normal -0.729656 0.683814 0
    outer loop
      vertex -106.807 14.0374 0
      vertex -106.628 14.2284 14
      vertex -106.628 14.2284 0
    endloop
  endfacet
  facet normal -0.729656 0.683814 0
    outer loop
      vertex -106.628 14.2284 14
      vertex -106.807 14.0374 0
      vertex -106.807 14.0374 14
    endloop
  endfacet
  facet normal -0.289796 0.957089 0
    outer loop
      vertex -104.835 15.2637 0
      vertex -105.086 15.1877 14
      vertex -104.835 15.2637 14
    endloop
  endfacet
  facet normal -0.289796 0.957089 0
    outer loop
      vertex -105.086 15.1877 14
      vertex -104.835 15.2637 0
      vertex -105.086 15.1877 0
    endloop
  endfacet
  facet normal -0.582141 -0.813088 0
    outer loop
      vertex -106.235 -14.5734 0
      vertex -106.022 -14.7259 14
      vertex -106.235 -14.5734 14
    endloop
  endfacet
  facet normal -0.582141 -0.813088 -0
    outer loop
      vertex -106.022 -14.7259 14
      vertex -106.235 -14.5734 0
      vertex -106.022 -14.7259 0
    endloop
  endfacet
  facet normal -0.634903 -0.772592 0
    outer loop
      vertex -106.437 -14.4074 0
      vertex -106.235 -14.5734 14
      vertex -106.437 -14.4074 14
    endloop
  endfacet
  facet normal -0.634903 -0.772592 -0
    outer loop
      vertex -106.235 -14.5734 14
      vertex -106.437 -14.4074 0
      vertex -106.235 -14.5734 0
    endloop
  endfacet
  facet normal -0.471183 0.882036 0
    outer loop
      vertex -105.569 14.9875 0
      vertex -105.8 14.8641 14
      vertex -105.569 14.9875 14
    endloop
  endfacet
  facet normal -0.471183 0.882036 0
    outer loop
      vertex -105.8 14.8641 14
      vertex -105.569 14.9875 0
      vertex -105.8 14.8641 0
    endloop
  endfacet
  facet normal -0.226867 0.973926 0
    outer loop
      vertex -104.58 15.3231 0
      vertex -104.835 15.2637 14
      vertex -104.58 15.3231 14
    endloop
  endfacet
  facet normal -0.226867 0.973926 0
    outer loop
      vertex -104.835 15.2637 14
      vertex -104.58 15.3231 0
      vertex -104.835 15.2637 0
    endloop
  endfacet
  facet normal -0.99895 -0.0458234 0
    outer loop
      vertex -70.6 -15.4 10
      vertex -70.621 -14.9422 14
      vertex -70.621 -14.9422 10
    endloop
  endfacet
  facet normal -0.99895 -0.0458234 0
    outer loop
      vertex -70.621 -14.9422 14
      vertex -70.6 -15.4 10
      vertex -70.6 -15.4 14
    endloop
  endfacet
  facet normal -0.920422 -0.390927 0
    outer loop
      vertex -70.9339 -13.5883 10
      vertex -71.1201 -13.1499 14
      vertex -71.1201 -13.1499 10
    endloop
  endfacet
  facet normal -0.920422 -0.390927 0
    outer loop
      vertex -71.1201 -13.1499 14
      vertex -70.9339 -13.5883 10
      vertex -70.9339 -13.5883 14
    endloop
  endfacet
  facet normal 0.990645 -0.136461 0
    outer loop
      vertex -90.179 -14.9422 14
      vertex -90.1162 -14.4863 10
      vertex -90.1162 -14.4863 14
    endloop
  endfacet
  facet normal 0.990645 -0.136461 0
    outer loop
      vertex -90.1162 -14.4863 10
      vertex -90.179 -14.9422 14
      vertex -90.179 -14.9422 10
    endloop
  endfacet
  facet normal -0.950647 -0.310276 0
    outer loop
      vertex -70.7883 -14.0344 10
      vertex -70.9339 -13.5883 14
      vertex -70.9339 -13.5883 10
    endloop
  endfacet
  facet normal -0.950647 -0.310276 0
    outer loop
      vertex -70.9339 -13.5883 14
      vertex -70.7883 -14.0344 10
      vertex -70.7883 -14.0344 14
    endloop
  endfacet
  facet normal 0.974289 -0.2253 0
    outer loop
      vertex -90.1162 -14.4863 14
      vertex -90.0117 -14.0344 10
      vertex -90.0117 -14.0344 14
    endloop
  endfacet
  facet normal 0.974289 -0.2253 0
    outer loop
      vertex -90.0117 -14.0344 10
      vertex -90.1162 -14.4863 14
      vertex -90.1162 -14.4863 10
    endloop
  endfacet
  facet normal 0.920422 -0.390927 0
    outer loop
      vertex -89.8661 -13.5883 14
      vertex -89.6799 -13.1499 10
      vertex -89.6799 -13.1499 14
    endloop
  endfacet
  facet normal 0.920422 -0.390927 0
    outer loop
      vertex -89.6799 -13.1499 10
      vertex -89.8661 -13.5883 14
      vertex -89.8661 -13.5883 10
    endloop
  endfacet
  facet normal -0.990645 -0.136461 0
    outer loop
      vertex -70.621 -14.9422 10
      vertex -70.6838 -14.4863 14
      vertex -70.6838 -14.4863 10
    endloop
  endfacet
  facet normal -0.990645 -0.136461 0
    outer loop
      vertex -70.6838 -14.4863 14
      vertex -70.621 -14.9422 10
      vertex -70.621 -14.9422 14
    endloop
  endfacet
  facet normal -0.974289 -0.2253 0
    outer loop
      vertex -70.6838 -14.4863 10
      vertex -70.7883 -14.0344 14
      vertex -70.7883 -14.0344 10
    endloop
  endfacet
  facet normal -0.974289 -0.2253 0
    outer loop
      vertex -70.7883 -14.0344 14
      vertex -70.6838 -14.4863 10
      vertex -70.6838 -14.4863 14
    endloop
  endfacet
  facet normal -0.844494 -0.535565 0
    outer loop
      vertex -71.346 -12.7212 10
      vertex -71.5497 -12.4 14
      vertex -71.5497 -12.4 10
    endloop
  endfacet
  facet normal -0.844494 -0.535565 0
    outer loop
      vertex -71.5497 -12.4 14
      vertex -71.346 -12.7212 10
      vertex -71.346 -12.7212 14
    endloop
  endfacet
  facet normal 0.99895 -0.0458234 0
    outer loop
      vertex -90.2 -15.4 14
      vertex -90.179 -14.9422 10
      vertex -90.179 -14.9422 14
    endloop
  endfacet
  facet normal 0.99895 -0.0458234 0
    outer loop
      vertex -90.179 -14.9422 10
      vertex -90.2 -15.4 14
      vertex -90.2 -15.4 10
    endloop
  endfacet
  facet normal 0.88469 -0.46618 0
    outer loop
      vertex -89.6799 -13.1499 14
      vertex -89.454 -12.7212 10
      vertex -89.454 -12.7212 14
    endloop
  endfacet
  facet normal 0.88469 -0.46618 0
    outer loop
      vertex -89.454 -12.7212 10
      vertex -89.6799 -13.1499 14
      vertex -89.6799 -13.1499 10
    endloop
  endfacet
  facet normal 0.950647 -0.310276 0
    outer loop
      vertex -90.0117 -14.0344 14
      vertex -89.8661 -13.5883 10
      vertex -89.8661 -13.5883 14
    endloop
  endfacet
  facet normal 0.950647 -0.310276 0
    outer loop
      vertex -89.8661 -13.5883 10
      vertex -90.0117 -14.0344 14
      vertex -90.0117 -14.0344 10
    endloop
  endfacet
  facet normal -0.88469 -0.46618 0
    outer loop
      vertex -71.1201 -13.1499 10
      vertex -71.346 -12.7212 14
      vertex -71.346 -12.7212 10
    endloop
  endfacet
  facet normal -0.88469 -0.46618 0
    outer loop
      vertex -71.346 -12.7212 14
      vertex -71.1201 -13.1499 10
      vertex -71.1201 -13.1499 14
    endloop
  endfacet
  facet normal 0 0 1
    outer loop
      vertex -70.6838 -14.4863 10
      vertex -70.6 -15.4 10
      vertex -70.621 -14.9422 10
    endloop
  endfacet
  facet normal 0 0 1
    outer loop
      vertex -70.7883 -14.0344 10
      vertex -70.6 -15.4 10
      vertex -70.6838 -14.4863 10
    endloop
  endfacet
  facet normal 0 0 1
    outer loop
      vertex -70.9339 -13.5883 10
      vertex -70.6 -15.4 10
      vertex -70.7883 -14.0344 10
    endloop
  endfacet
  facet normal 0 0 1
    outer loop
      vertex -71.1201 -13.1499 10
      vertex -70.6 -15.4 10
      vertex -70.9339 -13.5883 10
    endloop
  endfacet
  facet normal 0 0 1
    outer loop
      vertex -71.346 -12.7212 10
      vertex -70.6 -15.4 10
      vertex -71.1201 -13.1499 10
    endloop
  endfacet
  facet normal 0 0 1
    outer loop
      vertex -71.5497 -12.4 10
      vertex -70.6 -15.4 10
      vertex -71.346 -12.7212 10
    endloop
  endfacet
  facet normal -0 0 1
    outer loop
      vertex -89.2503 -12.4 10
      vertex -70.6 -15.4 10
      vertex -71.5497 -12.4 10
    endloop
  endfacet
  facet normal 0 0 1
    outer loop
      vertex -90.2 -15.4 10
      vertex -89.2503 -12.4 10
      vertex -89.454 -12.7212 10
    endloop
  endfacet
  facet normal 0 0 1
    outer loop
      vertex -90.2 -15.4 10
      vertex -89.454 -12.7212 10
      vertex -89.6799 -13.1499 10
    endloop
  endfacet
  facet normal 0 0 1
    outer loop
      vertex -90.2 -15.4 10
      vertex -89.6799 -13.1499 10
      vertex -89.8661 -13.5883 10
    endloop
  endfacet
  facet normal 0 0 1
    outer loop
      vertex -90.2 -15.4 10
      vertex -89.8661 -13.5883 10
      vertex -90.0117 -14.0344 10
    endloop
  endfacet
  facet normal 0 0 1
    outer loop
      vertex -90.2 -15.4 10
      vertex -90.0117 -14.0344 10
      vertex -90.1162 -14.4863 10
    endloop
  endfacet
  facet normal 0 0 1
    outer loop
      vertex -90.2 -15.4 10
      vertex -90.1162 -14.4863 10
      vertex -90.179 -14.9422 10
    endloop
  endfacet
  facet normal 0 0 1
    outer loop
      vertex -89.2503 -12.4 10
      vertex -90.2 -15.4 10
      vertex -70.6 -15.4 10
    endloop
  endfacet
  facet normal 0.844494 -0.535565 0
    outer loop
      vertex -89.454 -12.7212 14
      vertex -89.2503 -12.4 10
      vertex -89.2503 -12.4 14
    endloop
  endfacet
  facet normal 0.844494 -0.535565 0
    outer loop
      vertex -89.2503 -12.4 10
      vertex -89.454 -12.7212 14
      vertex -89.454 -12.7212 10
    endloop
  endfacet
  facet normal -0.88469 0.46618 0
    outer loop
      vertex -71.346 12.7212 10
      vertex -71.1201 13.1499 14
      vertex -71.1201 13.1499 10
    endloop
  endfacet
  facet normal -0.88469 0.46618 0
    outer loop
      vertex -71.1201 13.1499 14
      vertex -71.346 12.7212 10
      vertex -71.346 12.7212 14
    endloop
  endfacet
  facet normal 0.950647 0.310276 0
    outer loop
      vertex -89.8661 13.5883 14
      vertex -90.0117 14.0344 10
      vertex -90.0117 14.0344 14
    endloop
  endfacet
  facet normal 0.950647 0.310276 0
    outer loop
      vertex -90.0117 14.0344 10
      vertex -89.8661 13.5883 14
      vertex -89.8661 13.5883 10
    endloop
  endfacet
  facet normal -0.990645 0.136461 0
    outer loop
      vertex -70.6838 14.4863 10
      vertex -70.621 14.9422 14
      vertex -70.621 14.9422 10
    endloop
  endfacet
  facet normal -0.990645 0.136461 0
    outer loop
      vertex -70.621 14.9422 14
      vertex -70.6838 14.4863 10
      vertex -70.6838 14.4863 14
    endloop
  endfacet
  facet normal -0.950647 0.310276 0
    outer loop
      vertex -70.9339 13.5883 10
      vertex -70.7883 14.0344 14
      vertex -70.7883 14.0344 10
    endloop
  endfacet
  facet normal -0.950647 0.310276 0
    outer loop
      vertex -70.7883 14.0344 14
      vertex -70.9339 13.5883 10
      vertex -70.9339 13.5883 14
    endloop
  endfacet
  facet normal -0.99895 0.0458234 0
    outer loop
      vertex -70.621 14.9422 10
      vertex -70.6 15.4 14
      vertex -70.6 15.4 10
    endloop
  endfacet
  facet normal -0.99895 0.0458234 0
    outer loop
      vertex -70.6 15.4 14
      vertex -70.621 14.9422 10
      vertex -70.621 14.9422 14
    endloop
  endfacet
  facet normal -0.974289 0.2253 0
    outer loop
      vertex -70.7883 14.0344 10
      vertex -70.6838 14.4863 14
      vertex -70.6838 14.4863 10
    endloop
  endfacet
  facet normal -0.974289 0.2253 0
    outer loop
      vertex -70.6838 14.4863 14
      vertex -70.7883 14.0344 10
      vertex -70.7883 14.0344 14
    endloop
  endfacet
  facet normal -0.844494 0.535565 0
    outer loop
      vertex -71.5497 12.4 10
      vertex -71.346 12.7212 14
      vertex -71.346 12.7212 10
    endloop
  endfacet
  facet normal -0.844494 0.535565 0
    outer loop
      vertex -71.346 12.7212 14
      vertex -71.5497 12.4 10
      vertex -71.5497 12.4 14
    endloop
  endfacet
  facet normal 0.920422 0.390927 0
    outer loop
      vertex -89.6799 13.1499 14
      vertex -89.8661 13.5883 10
      vertex -89.8661 13.5883 14
    endloop
  endfacet
  facet normal 0.920422 0.390927 0
    outer loop
      vertex -89.8661 13.5883 10
      vertex -89.6799 13.1499 14
      vertex -89.6799 13.1499 10
    endloop
  endfacet
  facet normal 0.844494 0.535565 0
    outer loop
      vertex -89.2503 12.4 14
      vertex -89.454 12.7212 10
      vertex -89.454 12.7212 14
    endloop
  endfacet
  facet normal 0.844494 0.535565 0
    outer loop
      vertex -89.454 12.7212 10
      vertex -89.2503 12.4 14
      vertex -89.2503 12.4 10
    endloop
  endfacet
  facet normal 0.974289 0.2253 0
    outer loop
      vertex -90.0117 14.0344 14
      vertex -90.1162 14.4863 10
      vertex -90.1162 14.4863 14
    endloop
  endfacet
  facet normal 0.974289 0.2253 0
    outer loop
      vertex -90.1162 14.4863 10
      vertex -90.0117 14.0344 14
      vertex -90.0117 14.0344 10
    endloop
  endfacet
  facet normal 0.990645 0.136461 0
    outer loop
      vertex -90.1162 14.4863 14
      vertex -90.179 14.9422 10
      vertex -90.179 14.9422 14
    endloop
  endfacet
  facet normal 0.990645 0.136461 0
    outer loop
      vertex -90.179 14.9422 10
      vertex -90.1162 14.4863 14
      vertex -90.1162 14.4863 10
    endloop
  endfacet
  facet normal -0.920422 0.390927 0
    outer loop
      vertex -71.1201 13.1499 10
      vertex -70.9339 13.5883 14
      vertex -70.9339 13.5883 10
    endloop
  endfacet
  facet normal -0.920422 0.390927 0
    outer loop
      vertex -70.9339 13.5883 14
      vertex -71.1201 13.1499 10
      vertex -71.1201 13.1499 14
    endloop
  endfacet
  facet normal 0.99895 0.0458234 0
    outer loop
      vertex -90.179 14.9422 14
      vertex -90.2 15.4 10
      vertex -90.2 15.4 14
    endloop
  endfacet
  facet normal 0.99895 0.0458234 0
    outer loop
      vertex -90.2 15.4 10
      vertex -90.179 14.9422 14
      vertex -90.179 14.9422 10
    endloop
  endfacet
  facet normal 0.88469 0.46618 0
    outer loop
      vertex -89.454 12.7212 14
      vertex -89.6799 13.1499 10
      vertex -89.6799 13.1499 14
    endloop
  endfacet
  facet normal 0.88469 0.46618 0
    outer loop
      vertex -89.6799 13.1499 10
      vertex -89.454 12.7212 14
      vertex -89.454 12.7212 10
    endloop
  endfacet
  facet normal 0 0 1
    outer loop
      vertex -70.6 15.4 10
      vertex -70.6838 14.4863 10
      vertex -70.621 14.9422 10
    endloop
  endfacet
  facet normal 0 0 1
    outer loop
      vertex -70.6 15.4 10
      vertex -70.7883 14.0344 10
      vertex -70.6838 14.4863 10
    endloop
  endfacet
  facet normal 0 0 1
    outer loop
      vertex -70.6 15.4 10
      vertex -70.9339 13.5883 10
      vertex -70.7883 14.0344 10
    endloop
  endfacet
  facet normal 0 0 1
    outer loop
      vertex -70.6 15.4 10
      vertex -71.1201 13.1499 10
      vertex -70.9339 13.5883 10
    endloop
  endfacet
  facet normal 0 0 1
    outer loop
      vertex -70.6 15.4 10
      vertex -71.346 12.7212 10
      vertex -71.1201 13.1499 10
    endloop
  endfacet
  facet normal 0 0 1
    outer loop
      vertex -70.6 15.4 10
      vertex -71.5497 12.4 10
      vertex -71.346 12.7212 10
    endloop
  endfacet
  facet normal 0 0 1
    outer loop
      vertex -70.6 15.4 10
      vertex -89.2503 12.4 10
      vertex -71.5497 12.4 10
    endloop
  endfacet
  facet normal -0 0 1
    outer loop
      vertex -90.2 15.4 10
      vertex -89.2503 12.4 10
      vertex -70.6 15.4 10
    endloop
  endfacet
  facet normal 0 0 1
    outer loop
      vertex -89.2503 12.4 10
      vertex -90.2 15.4 10
      vertex -89.454 12.7212 10
    endloop
  endfacet
  facet normal 0 0 1
    outer loop
      vertex -89.454 12.7212 10
      vertex -90.2 15.4 10
      vertex -89.6799 13.1499 10
    endloop
  endfacet
  facet normal 0 0 1
    outer loop
      vertex -89.6799 13.1499 10
      vertex -90.2 15.4 10
      vertex -89.8661 13.5883 10
    endloop
  endfacet
  facet normal 0 0 1
    outer loop
      vertex -89.8661 13.5883 10
      vertex -90.2 15.4 10
      vertex -90.0117 14.0344 10
    endloop
  endfacet
  facet normal 0 0 1
    outer loop
      vertex -90.0117 14.0344 10
      vertex -90.2 15.4 10
      vertex -90.1162 14.4863 10
    endloop
  endfacet
  facet normal 0 0 1
    outer loop
      vertex -90.1162 14.4863 10
      vertex -90.2 15.4 10
      vertex -90.179 14.9422 10
    endloop
  endfacet
  facet normal 0.831514 -0.555504 0
    outer loop
      vertex -98.1858 -5.42597 8
      vertex -97.8607 -4.93934 0
      vertex -97.8607 -4.93934 8
    endloop
  endfacet
  facet normal 0.831514 -0.555504 0
    outer loop
      vertex -97.8607 -4.93934 0
      vertex -98.1858 -5.42597 8
      vertex -98.1858 -5.42597 0
    endloop
  endfacet
  facet normal -0.831514 -0.555504 0
    outer loop
      vertex -95.4142 -5.42597 0
      vertex -95.7393 -4.93934 8
      vertex -95.7393 -4.93934 0
    endloop
  endfacet
  facet normal -0.831514 -0.555504 0
    outer loop
      vertex -95.7393 -4.93934 8
      vertex -95.4142 -5.42597 0
      vertex -95.4142 -5.42597 8
    endloop
  endfacet
  facet normal -0.980779 -0.19512 0
    outer loop
      vertex -95.3 -6 0
      vertex -95.4142 -5.42597 8
      vertex -95.4142 -5.42597 0
    endloop
  endfacet
  facet normal -0.980779 -0.19512 0
    outer loop
      vertex -95.4142 -5.42597 8
      vertex -95.3 -6 0
      vertex -95.3 -6 8
    endloop
  endfacet
  facet normal -0.55552 -0.831503 0
    outer loop
      vertex -96.226 -4.61418 0
      vertex -95.7393 -4.93934 8
      vertex -96.226 -4.61418 8
    endloop
  endfacet
  facet normal -0.55552 -0.831503 -0
    outer loop
      vertex -95.7393 -4.93934 8
      vertex -96.226 -4.61418 0
      vertex -95.7393 -4.93934 0
    endloop
  endfacet
  facet normal -0.831519 0.555496 0
    outer loop
      vertex -95.7393 -7.06066 0
      vertex -95.4142 -6.57402 8
      vertex -95.4142 -6.57402 0
    endloop
  endfacet
  facet normal -0.831519 0.555496 0
    outer loop
      vertex -95.4142 -6.57402 8
      vertex -95.7393 -7.06066 0
      vertex -95.7393 -7.06066 8
    endloop
  endfacet
  facet normal -0.195097 0.980784 0
    outer loop
      vertex -96.226 -7.38582 0
      vertex -96.8 -7.5 8
      vertex -96.226 -7.38582 8
    endloop
  endfacet
  facet normal -0.195097 0.980784 0
    outer loop
      vertex -96.8 -7.5 8
      vertex -96.226 -7.38582 0
      vertex -96.8 -7.5 0
    endloop
  endfacet
  facet normal -0.195097 -0.980784 0
    outer loop
      vertex -96.8 -4.5 0
      vertex -96.226 -4.61418 8
      vertex -96.8 -4.5 8
    endloop
  endfacet
  facet normal -0.195097 -0.980784 -0
    outer loop
      vertex -96.226 -4.61418 8
      vertex -96.8 -4.5 0
      vertex -96.226 -4.61418 0
    endloop
  endfacet
  facet normal -0.980779 0.195124 0
    outer loop
      vertex -95.4142 -6.57402 0
      vertex -95.3 -6 8
      vertex -95.3 -6 0
    endloop
  endfacet
  facet normal -0.980779 0.195124 0
    outer loop
      vertex -95.3 -6 8
      vertex -95.4142 -6.57402 0
      vertex -95.4142 -6.57402 8
    endloop
  endfacet
  facet normal 0.55552 -0.831503 0
    outer loop
      vertex -97.8607 -4.93934 0
      vertex -97.374 -4.61418 8
      vertex -97.8607 -4.93934 8
    endloop
  endfacet
  facet normal 0.55552 -0.831503 0
    outer loop
      vertex -97.374 -4.61418 8
      vertex -97.8607 -4.93934 0
      vertex -97.374 -4.61418 0
    endloop
  endfacet
  facet normal 0.831519 0.555496 0
    outer loop
      vertex -97.8607 -7.06066 8
      vertex -98.1858 -6.57402 0
      vertex -98.1858 -6.57402 8
    endloop
  endfacet
  facet normal 0.831519 0.555496 0
    outer loop
      vertex -98.1858 -6.57402 0
      vertex -97.8607 -7.06066 8
      vertex -97.8607 -7.06066 0
    endloop
  endfacet
  facet normal 0.195097 0.980784 -0
    outer loop
      vertex -96.8 -7.5 0
      vertex -97.374 -7.38582 8
      vertex -96.8 -7.5 8
    endloop
  endfacet
  facet normal 0.195097 0.980784 0
    outer loop
      vertex -97.374 -7.38582 8
      vertex -96.8 -7.5 0
      vertex -97.374 -7.38582 0
    endloop
  endfacet
  facet normal 0.980779 -0.19512 0
    outer loop
      vertex -98.3 -6 8
      vertex -98.1858 -5.42597 0
      vertex -98.1858 -5.42597 8
    endloop
  endfacet
  facet normal 0.980779 -0.19512 0
    outer loop
      vertex -98.1858 -5.42597 0
      vertex -98.3 -6 8
      vertex -98.3 -6 0
    endloop
  endfacet
  facet normal -0.55552 0.831503 0
    outer loop
      vertex -95.7393 -7.06066 0
      vertex -96.226 -7.38582 8
      vertex -95.7393 -7.06066 8
    endloop
  endfacet
  facet normal -0.55552 0.831503 0
    outer loop
      vertex -96.226 -7.38582 8
      vertex -95.7393 -7.06066 0
      vertex -96.226 -7.38582 0
    endloop
  endfacet
  facet normal 0.195097 -0.980784 0
    outer loop
      vertex -97.374 -4.61418 0
      vertex -96.8 -4.5 8
      vertex -97.374 -4.61418 8
    endloop
  endfacet
  facet normal 0.195097 -0.980784 0
    outer loop
      vertex -96.8 -4.5 8
      vertex -97.374 -4.61418 0
      vertex -96.8 -4.5 0
    endloop
  endfacet
  facet normal 0.980779 0.195124 0
    outer loop
      vertex -98.1858 -6.57402 8
      vertex -98.3 -6 0
      vertex -98.3 -6 8
    endloop
  endfacet
  facet normal 0.980779 0.195124 0
    outer loop
      vertex -98.3 -6 0
      vertex -98.1858 -6.57402 8
      vertex -98.1858 -6.57402 0
    endloop
  endfacet
  facet normal 0.55552 0.831503 -0
    outer loop
      vertex -97.374 -7.38582 0
      vertex -97.8607 -7.06066 8
      vertex -97.374 -7.38582 8
    endloop
  endfacet
  facet normal 0.55552 0.831503 0
    outer loop
      vertex -97.8607 -7.06066 8
      vertex -97.374 -7.38582 0
      vertex -97.8607 -7.06066 0
    endloop
  endfacet
  facet normal 0.831517 -0.5555 0
    outer loop
      vertex -98.1858 0.574024 8
      vertex -97.8607 1.06066 0
      vertex -97.8607 1.06066 8
    endloop
  endfacet
  facet normal 0.831517 -0.5555 0
    outer loop
      vertex -97.8607 1.06066 0
      vertex -98.1858 0.574024 8
      vertex -98.1858 0.574024 0
    endloop
  endfacet
  facet normal -0.831517 -0.5555 0
    outer loop
      vertex -95.4142 0.574024 0
      vertex -95.7393 1.06066 8
      vertex -95.7393 1.06066 0
    endloop
  endfacet
  facet normal -0.831517 -0.5555 0
    outer loop
      vertex -95.7393 1.06066 8
      vertex -95.4142 0.574024 0
      vertex -95.4142 0.574024 8
    endloop
  endfacet
  facet normal -0.980779 -0.195122 0
    outer loop
      vertex -95.3 0 0
      vertex -95.4142 0.574024 8
      vertex -95.4142 0.574024 0
    endloop
  endfacet
  facet normal -0.980779 -0.195122 0
    outer loop
      vertex -95.4142 0.574024 8
      vertex -95.3 0 0
      vertex -95.3 0 8
    endloop
  endfacet
  facet normal 0.195097 0.980784 -0
    outer loop
      vertex -96.8 -1.5 0
      vertex -97.374 -1.38582 8
      vertex -96.8 -1.5 8
    endloop
  endfacet
  facet normal 0.195097 0.980784 0
    outer loop
      vertex -97.374 -1.38582 8
      vertex -96.8 -1.5 0
      vertex -97.374 -1.38582 0
    endloop
  endfacet
  facet normal -0.195097 0.980784 0
    outer loop
      vertex -96.226 -1.38582 0
      vertex -96.8 -1.5 8
      vertex -96.226 -1.38582 8
    endloop
  endfacet
  facet normal -0.195097 0.980784 0
    outer loop
      vertex -96.8 -1.5 8
      vertex -96.226 -1.38582 0
      vertex -96.8 -1.5 0
    endloop
  endfacet
  facet normal -0.980779 0.195122 0
    outer loop
      vertex -95.4142 -0.574024 0
      vertex -95.3 0 8
      vertex -95.3 0 0
    endloop
  endfacet
  facet normal -0.980779 0.195122 0
    outer loop
      vertex -95.3 0 8
      vertex -95.4142 -0.574024 0
      vertex -95.4142 -0.574024 8
    endloop
  endfacet
  facet normal -0.831517 0.5555 0
    outer loop
      vertex -95.7393 -1.06066 0
      vertex -95.4142 -0.574024 8
      vertex -95.4142 -0.574024 0
    endloop
  endfacet
  facet normal -0.831517 0.5555 0
    outer loop
      vertex -95.4142 -0.574024 8
      vertex -95.7393 -1.06066 0
      vertex -95.7393 -1.06066 8
    endloop
  endfacet
  facet normal 0.980779 -0.195122 0
    outer loop
      vertex -98.3 0 8
      vertex -98.1858 0.574024 0
      vertex -98.1858 0.574024 8
    endloop
  endfacet
  facet normal 0.980779 -0.195122 0
    outer loop
      vertex -98.1858 0.574024 0
      vertex -98.3 0 8
      vertex -98.3 0 0
    endloop
  endfacet
  facet normal -0.55552 0.831503 0
    outer loop
      vertex -95.7393 -1.06066 0
      vertex -96.226 -1.38582 8
      vertex -95.7393 -1.06066 8
    endloop
  endfacet
  facet normal -0.55552 0.831503 0
    outer loop
      vertex -96.226 -1.38582 8
      vertex -95.7393 -1.06066 0
      vertex -96.226 -1.38582 0
    endloop
  endfacet
  facet normal 0.195097 -0.980784 0
    outer loop
      vertex -97.374 1.38582 0
      vertex -96.8 1.5 8
      vertex -97.374 1.38582 8
    endloop
  endfacet
  facet normal 0.195097 -0.980784 0
    outer loop
      vertex -96.8 1.5 8
      vertex -97.374 1.38582 0
      vertex -96.8 1.5 0
    endloop
  endfacet
  facet normal 0.55552 -0.831503 0
    outer loop
      vertex -97.8607 1.06066 0
      vertex -97.374 1.38582 8
      vertex -97.8607 1.06066 8
    endloop
  endfacet
  facet normal 0.55552 -0.831503 0
    outer loop
      vertex -97.374 1.38582 8
      vertex -97.8607 1.06066 0
      vertex -97.374 1.38582 0
    endloop
  endfacet
  facet normal -0.195097 -0.980784 0
    outer loop
      vertex -96.8 1.5 0
      vertex -96.226 1.38582 8
      vertex -96.8 1.5 8
    endloop
  endfacet
  facet normal -0.195097 -0.980784 -0
    outer loop
      vertex -96.226 1.38582 8
      vertex -96.8 1.5 0
      vertex -96.226 1.38582 0
    endloop
  endfacet
  facet normal 0.831517 0.5555 0
    outer loop
      vertex -97.8607 -1.06066 8
      vertex -98.1858 -0.574024 0
      vertex -98.1858 -0.574024 8
    endloop
  endfacet
  facet normal 0.831517 0.5555 0
    outer loop
      vertex -98.1858 -0.574024 0
      vertex -97.8607 -1.06066 8
      vertex -97.8607 -1.06066 0
    endloop
  endfacet
  facet normal -0.55552 -0.831503 0
    outer loop
      vertex -96.226 1.38582 0
      vertex -95.7393 1.06066 8
      vertex -96.226 1.38582 8
    endloop
  endfacet
  facet normal -0.55552 -0.831503 -0
    outer loop
      vertex -95.7393 1.06066 8
      vertex -96.226 1.38582 0
      vertex -95.7393 1.06066 0
    endloop
  endfacet
  facet normal 0.980779 0.195122 0
    outer loop
      vertex -98.1858 -0.574024 8
      vertex -98.3 0 0
      vertex -98.3 0 8
    endloop
  endfacet
  facet normal 0.980779 0.195122 0
    outer loop
      vertex -98.3 0 0
      vertex -98.1858 -0.574024 8
      vertex -98.1858 -0.574024 0
    endloop
  endfacet
  facet normal 0.55552 0.831503 -0
    outer loop
      vertex -97.374 -1.38582 0
      vertex -97.8607 -1.06066 8
      vertex -97.374 -1.38582 8
    endloop
  endfacet
  facet normal 0.55552 0.831503 0
    outer loop
      vertex -97.8607 -1.06066 8
      vertex -97.374 -1.38582 0
      vertex -97.8607 -1.06066 0
    endloop
  endfacet
  facet normal -0.831519 -0.555496 0
    outer loop
      vertex -95.4142 6.57402 0
      vertex -95.7393 7.06066 8
      vertex -95.7393 7.06066 0
    endloop
  endfacet
  facet normal -0.831519 -0.555496 0
    outer loop
      vertex -95.7393 7.06066 8
      vertex -95.4142 6.57402 0
      vertex -95.4142 6.57402 8
    endloop
  endfacet
  facet normal -0.980779 -0.195124 0
    outer loop
      vertex -95.3 6 0
      vertex -95.4142 6.57402 8
      vertex -95.4142 6.57402 0
    endloop
  endfacet
  facet normal -0.980779 -0.195124 0
    outer loop
      vertex -95.4142 6.57402 8
      vertex -95.3 6 0
      vertex -95.3 6 8
    endloop
  endfacet
  facet normal -0.55552 -0.831503 0
    outer loop
      vertex -96.226 7.38582 0
      vertex -95.7393 7.06066 8
      vertex -96.226 7.38582 8
    endloop
  endfacet
  facet normal -0.55552 -0.831503 -0
    outer loop
      vertex -95.7393 7.06066 8
      vertex -96.226 7.38582 0
      vertex -95.7393 7.06066 0
    endloop
  endfacet
  facet normal -0.831514 0.555504 0
    outer loop
      vertex -95.7393 4.93934 0
      vertex -95.4142 5.42597 8
      vertex -95.4142 5.42597 0
    endloop
  endfacet
  facet normal -0.831514 0.555504 0
    outer loop
      vertex -95.4142 5.42597 8
      vertex -95.7393 4.93934 0
      vertex -95.7393 4.93934 8
    endloop
  endfacet
  facet normal 0.195097 -0.980784 0
    outer loop
      vertex -97.374 7.38582 0
      vertex -96.8 7.5 8
      vertex -97.374 7.38582 8
    endloop
  endfacet
  facet normal 0.195097 -0.980784 0
    outer loop
      vertex -96.8 7.5 8
      vertex -97.374 7.38582 0
      vertex -96.8 7.5 0
    endloop
  endfacet
  facet normal 0.831519 -0.555496 0
    outer loop
      vertex -98.1858 6.57402 8
      vertex -97.8607 7.06066 0
      vertex -97.8607 7.06066 8
    endloop
  endfacet
  facet normal 0.831519 -0.555496 0
    outer loop
      vertex -97.8607 7.06066 0
      vertex -98.1858 6.57402 8
      vertex -98.1858 6.57402 0
    endloop
  endfacet
  facet normal 0.980779 -0.195124 0
    outer loop
      vertex -98.3 6 8
      vertex -98.1858 6.57402 0
      vertex -98.1858 6.57402 8
    endloop
  endfacet
  facet normal 0.980779 -0.195124 0
    outer loop
      vertex -98.1858 6.57402 0
      vertex -98.3 6 8
      vertex -98.3 6 0
    endloop
  endfacet
  facet normal -0.195097 0.980784 0
    outer loop
      vertex -96.226 4.61418 0
      vertex -96.8 4.5 8
      vertex -96.226 4.61418 8
    endloop
  endfacet
  facet normal -0.195097 0.980784 0
    outer loop
      vertex -96.8 4.5 8
      vertex -96.226 4.61418 0
      vertex -96.8 4.5 0
    endloop
  endfacet
  facet normal 0.195097 0.980784 -0
    outer loop
      vertex -96.8 4.5 0
      vertex -97.374 4.61418 8
      vertex -96.8 4.5 8
    endloop
  endfacet
  facet normal 0.195097 0.980784 0
    outer loop
      vertex -97.374 4.61418 8
      vertex -96.8 4.5 0
      vertex -97.374 4.61418 0
    endloop
  endfacet
  facet normal 0.980779 0.19512 0
    outer loop
      vertex -98.1858 5.42597 8
      vertex -98.3 6 0
      vertex -98.3 6 8
    endloop
  endfacet
  facet normal 0.980779 0.19512 0
    outer loop
      vertex -98.3 6 0
      vertex -98.1858 5.42597 8
      vertex -98.1858 5.42597 0
    endloop
  endfacet
  facet normal -0.195097 -0.980784 0
    outer loop
      vertex -96.8 7.5 0
      vertex -96.226 7.38582 8
      vertex -96.8 7.5 8
    endloop
  endfacet
  facet normal -0.195097 -0.980784 -0
    outer loop
      vertex -96.226 7.38582 8
      vertex -96.8 7.5 0
      vertex -96.226 7.38582 0
    endloop
  endfacet
  facet normal -0.980779 0.19512 0
    outer loop
      vertex -95.4142 5.42597 0
      vertex -95.3 6 8
      vertex -95.3 6 0
    endloop
  endfacet
  facet normal -0.980779 0.19512 0
    outer loop
      vertex -95.3 6 8
      vertex -95.4142 5.42597 0
      vertex -95.4142 5.42597 8
    endloop
  endfacet
  facet normal -0.55552 0.831503 0
    outer loop
      vertex -95.7393 4.93934 0
      vertex -96.226 4.61418 8
      vertex -95.7393 4.93934 8
    endloop
  endfacet
  facet normal -0.55552 0.831503 0
    outer loop
      vertex -96.226 4.61418 8
      vertex -95.7393 4.93934 0
      vertex -96.226 4.61418 0
    endloop
  endfacet
  facet normal 0.831514 0.555504 0
    outer loop
      vertex -97.8607 4.93934 8
      vertex -98.1858 5.42597 0
      vertex -98.1858 5.42597 8
    endloop
  endfacet
  facet normal 0.831514 0.555504 0
    outer loop
      vertex -98.1858 5.42597 0
      vertex -97.8607 4.93934 8
      vertex -97.8607 4.93934 0
    endloop
  endfacet
  facet normal 0.55552 -0.831503 0
    outer loop
      vertex -97.8607 7.06066 0
      vertex -97.374 7.38582 8
      vertex -97.8607 7.06066 8
    endloop
  endfacet
  facet normal 0.55552 -0.831503 0
    outer loop
      vertex -97.374 7.38582 8
      vertex -97.8607 7.06066 0
      vertex -97.374 7.38582 0
    endloop
  endfacet
  facet normal 0.55552 0.831503 -0
    outer loop
      vertex -97.374 4.61418 0
      vertex -97.8607 4.93934 8
      vertex -97.374 4.61418 8
    endloop
  endfacet
  facet normal 0.55552 0.831503 0
    outer loop
      vertex -97.8607 4.93934 8
      vertex -97.374 4.61418 0
      vertex -97.8607 4.93934 0
    endloop
  endfacet
  facet normal 0.831514 -0.555504 0
    outer loop
      vertex -92.1858 -5.42597 8
      vertex -91.8607 -4.93934 0
      vertex -91.8607 -4.93934 8
    endloop
  endfacet
  facet normal 0.831514 -0.555504 0
    outer loop
      vertex -91.8607 -4.93934 0
      vertex -92.1858 -5.42597 8
      vertex -92.1858 -5.42597 0
    endloop
  endfacet
  facet normal -0.831514 -0.555504 0
    outer loop
      vertex -89.4142 -5.42597 0
      vertex -89.7393 -4.93934 8
      vertex -89.7393 -4.93934 0
    endloop
  endfacet
  facet normal -0.831514 -0.555504 0
    outer loop
      vertex -89.7393 -4.93934 8
      vertex -89.4142 -5.42597 0
      vertex -89.4142 -5.42597 8
    endloop
  endfacet
  facet normal -0.980779 -0.19512 0
    outer loop
      vertex -89.3 -6 0
      vertex -89.4142 -5.42597 8
      vertex -89.4142 -5.42597 0
    endloop
  endfacet
  facet normal -0.980779 -0.19512 0
    outer loop
      vertex -89.4142 -5.42597 8
      vertex -89.3 -6 0
      vertex -89.3 -6 8
    endloop
  endfacet
  facet normal -0.55552 -0.831503 0
    outer loop
      vertex -90.226 -4.61418 0
      vertex -89.7393 -4.93934 8
      vertex -90.226 -4.61418 8
    endloop
  endfacet
  facet normal -0.55552 -0.831503 -0
    outer loop
      vertex -89.7393 -4.93934 8
      vertex -90.226 -4.61418 0
      vertex -89.7393 -4.93934 0
    endloop
  endfacet
  facet normal -0.831519 0.555496 0
    outer loop
      vertex -89.7393 -7.06066 0
      vertex -89.4142 -6.57402 8
      vertex -89.4142 -6.57402 0
    endloop
  endfacet
  facet normal -0.831519 0.555496 0
    outer loop
      vertex -89.4142 -6.57402 8
      vertex -89.7393 -7.06066 0
      vertex -89.7393 -7.06066 8
    endloop
  endfacet
  facet normal -0.195097 0.980784 0
    outer loop
      vertex -90.226 -7.38582 0
      vertex -90.8 -7.5 8
      vertex -90.226 -7.38582 8
    endloop
  endfacet
  facet normal -0.195097 0.980784 0
    outer loop
      vertex -90.8 -7.5 8
      vertex -90.226 -7.38582 0
      vertex -90.8 -7.5 0
    endloop
  endfacet
  facet normal -0.195097 -0.980784 0
    outer loop
      vertex -90.8 -4.5 0
      vertex -90.226 -4.61418 8
      vertex -90.8 -4.5 8
    endloop
  endfacet
  facet normal -0.195097 -0.980784 -0
    outer loop
      vertex -90.226 -4.61418 8
      vertex -90.8 -4.5 0
      vertex -90.226 -4.61418 0
    endloop
  endfacet
  facet normal -0.980779 0.195124 0
    outer loop
      vertex -89.4142 -6.57402 0
      vertex -89.3 -6 8
      vertex -89.3 -6 0
    endloop
  endfacet
  facet normal -0.980779 0.195124 0
    outer loop
      vertex -89.3 -6 8
      vertex -89.4142 -6.57402 0
      vertex -89.4142 -6.57402 8
    endloop
  endfacet
  facet normal 0.55552 -0.831503 0
    outer loop
      vertex -91.8607 -4.93934 0
      vertex -91.374 -4.61418 8
      vertex -91.8607 -4.93934 8
    endloop
  endfacet
  facet normal 0.55552 -0.831503 0
    outer loop
      vertex -91.374 -4.61418 8
      vertex -91.8607 -4.93934 0
      vertex -91.374 -4.61418 0
    endloop
  endfacet
  facet normal 0.831519 0.555496 0
    outer loop
      vertex -91.8607 -7.06066 8
      vertex -92.1858 -6.57402 0
      vertex -92.1858 -6.57402 8
    endloop
  endfacet
  facet normal 0.831519 0.555496 0
    outer loop
      vertex -92.1858 -6.57402 0
      vertex -91.8607 -7.06066 8
      vertex -91.8607 -7.06066 0
    endloop
  endfacet
  facet normal 0.195097 0.980784 -0
    outer loop
      vertex -90.8 -7.5 0
      vertex -91.374 -7.38582 8
      vertex -90.8 -7.5 8
    endloop
  endfacet
  facet normal 0.195097 0.980784 0
    outer loop
      vertex -91.374 -7.38582 8
      vertex -90.8 -7.5 0
      vertex -91.374 -7.38582 0
    endloop
  endfacet
  facet normal 0.980779 -0.19512 0
    outer loop
      vertex -92.3 -6 8
      vertex -92.1858 -5.42597 0
      vertex -92.1858 -5.42597 8
    endloop
  endfacet
  facet normal 0.980779 -0.19512 0
    outer loop
      vertex -92.1858 -5.42597 0
      vertex -92.3 -6 8
      vertex -92.3 -6 0
    endloop
  endfacet
  facet normal -0.55552 0.831503 0
    outer loop
      vertex -89.7393 -7.06066 0
      vertex -90.226 -7.38582 8
      vertex -89.7393 -7.06066 8
    endloop
  endfacet
  facet normal -0.55552 0.831503 0
    outer loop
      vertex -90.226 -7.38582 8
      vertex -89.7393 -7.06066 0
      vertex -90.226 -7.38582 0
    endloop
  endfacet
  facet normal 0.195097 -0.980784 0
    outer loop
      vertex -91.374 -4.61418 0
      vertex -90.8 -4.5 8
      vertex -91.374 -4.61418 8
    endloop
  endfacet
  facet normal 0.195097 -0.980784 0
    outer loop
      vertex -90.8 -4.5 8
      vertex -91.374 -4.61418 0
      vertex -90.8 -4.5 0
    endloop
  endfacet
  facet normal 0.980779 0.195124 0
    outer loop
      vertex -92.1858 -6.57402 8
      vertex -92.3 -6 0
      vertex -92.3 -6 8
    endloop
  endfacet
  facet normal 0.980779 0.195124 0
    outer loop
      vertex -92.3 -6 0
      vertex -92.1858 -6.57402 8
      vertex -92.1858 -6.57402 0
    endloop
  endfacet
  facet normal 0.55552 0.831503 -0
    outer loop
      vertex -91.374 -7.38582 0
      vertex -91.8607 -7.06066 8
      vertex -91.374 -7.38582 8
    endloop
  endfacet
  facet normal 0.55552 0.831503 0
    outer loop
      vertex -91.8607 -7.06066 8
      vertex -91.374 -7.38582 0
      vertex -91.8607 -7.06066 0
    endloop
  endfacet
  facet normal 0.831517 -0.5555 0
    outer loop
      vertex -92.1858 0.574024 8
      vertex -91.8607 1.06066 0
      vertex -91.8607 1.06066 8
    endloop
  endfacet
  facet normal 0.831517 -0.5555 0
    outer loop
      vertex -91.8607 1.06066 0
      vertex -92.1858 0.574024 8
      vertex -92.1858 0.574024 0
    endloop
  endfacet
  facet normal -0.831517 -0.5555 0
    outer loop
      vertex -89.4142 0.574024 0
      vertex -89.7393 1.06066 8
      vertex -89.7393 1.06066 0
    endloop
  endfacet
  facet normal -0.831517 -0.5555 0
    outer loop
      vertex -89.7393 1.06066 8
      vertex -89.4142 0.574024 0
      vertex -89.4142 0.574024 8
    endloop
  endfacet
  facet normal -0.980779 -0.195122 0
    outer loop
      vertex -89.3 0 0
      vertex -89.4142 0.574024 8
      vertex -89.4142 0.574024 0
    endloop
  endfacet
  facet normal -0.980779 -0.195122 0
    outer loop
      vertex -89.4142 0.574024 8
      vertex -89.3 0 0
      vertex -89.3 0 8
    endloop
  endfacet
  facet normal 0.195097 0.980784 -0
    outer loop
      vertex -90.8 -1.5 0
      vertex -91.374 -1.38582 8
      vertex -90.8 -1.5 8
    endloop
  endfacet
  facet normal 0.195097 0.980784 0
    outer loop
      vertex -91.374 -1.38582 8
      vertex -90.8 -1.5 0
      vertex -91.374 -1.38582 0
    endloop
  endfacet
  facet normal -0.195097 0.980784 0
    outer loop
      vertex -90.226 -1.38582 0
      vertex -90.8 -1.5 8
      vertex -90.226 -1.38582 8
    endloop
  endfacet
  facet normal -0.195097 0.980784 0
    outer loop
      vertex -90.8 -1.5 8
      vertex -90.226 -1.38582 0
      vertex -90.8 -1.5 0
    endloop
  endfacet
  facet normal -0.980779 0.195122 0
    outer loop
      vertex -89.4142 -0.574024 0
      vertex -89.3 0 8
      vertex -89.3 0 0
    endloop
  endfacet
  facet normal -0.980779 0.195122 0
    outer loop
      vertex -89.3 0 8
      vertex -89.4142 -0.574024 0
      vertex -89.4142 -0.574024 8
    endloop
  endfacet
  facet normal -0.831517 0.5555 0
    outer loop
      vertex -89.7393 -1.06066 0
      vertex -89.4142 -0.574024 8
      vertex -89.4142 -0.574024 0
    endloop
  endfacet
  facet normal -0.831517 0.5555 0
    outer loop
      vertex -89.4142 -0.574024 8
      vertex -89.7393 -1.06066 0
      vertex -89.7393 -1.06066 8
    endloop
  endfacet
  facet normal 0.980779 -0.195122 0
    outer loop
      vertex -92.3 0 8
      vertex -92.1858 0.574024 0
      vertex -92.1858 0.574024 8
    endloop
  endfacet
  facet normal 0.980779 -0.195122 0
    outer loop
      vertex -92.1858 0.574024 0
      vertex -92.3 0 8
      vertex -92.3 0 0
    endloop
  endfacet
  facet normal -0.55552 0.831503 0
    outer loop
      vertex -89.7393 -1.06066 0
      vertex -90.226 -1.38582 8
      vertex -89.7393 -1.06066 8
    endloop
  endfacet
  facet normal -0.55552 0.831503 0
    outer loop
      vertex -90.226 -1.38582 8
      vertex -89.7393 -1.06066 0
      vertex -90.226 -1.38582 0
    endloop
  endfacet
  facet normal 0.195097 -0.980784 0
    outer loop
      vertex -91.374 1.38582 0
      vertex -90.8 1.5 8
      vertex -91.374 1.38582 8
    endloop
  endfacet
  facet normal 0.195097 -0.980784 0
    outer loop
      vertex -90.8 1.5 8
      vertex -91.374 1.38582 0
      vertex -90.8 1.5 0
    endloop
  endfacet
  facet normal 0.55552 -0.831503 0
    outer loop
      vertex -91.8607 1.06066 0
      vertex -91.374 1.38582 8
      vertex -91.8607 1.06066 8
    endloop
  endfacet
  facet normal 0.55552 -0.831503 0
    outer loop
      vertex -91.374 1.38582 8
      vertex -91.8607 1.06066 0
      vertex -91.374 1.38582 0
    endloop
  endfacet
  facet normal -0.195097 -0.980784 0
    outer loop
      vertex -90.8 1.5 0
      vertex -90.226 1.38582 8
      vertex -90.8 1.5 8
    endloop
  endfacet
  facet normal -0.195097 -0.980784 -0
    outer loop
      vertex -90.226 1.38582 8
      vertex -90.8 1.5 0
      vertex -90.226 1.38582 0
    endloop
  endfacet
  facet normal -0.55552 -0.831503 0
    outer loop
      vertex -90.226 1.38582 0
      vertex -89.7393 1.06066 8
      vertex -90.226 1.38582 8
    endloop
  endfacet
  facet normal -0.55552 -0.831503 -0
    outer loop
      vertex -89.7393 1.06066 8
      vertex -90.226 1.38582 0
      vertex -89.7393 1.06066 0
    endloop
  endfacet
  facet normal 0.831517 0.5555 0
    outer loop
      vertex -91.8607 -1.06066 8
      vertex -92.1858 -0.574024 0
      vertex -92.1858 -0.574024 8
    endloop
  endfacet
  facet normal 0.831517 0.5555 0
    outer loop
      vertex -92.1858 -0.574024 0
      vertex -91.8607 -1.06066 8
      vertex -91.8607 -1.06066 0
    endloop
  endfacet
  facet normal 0.980779 0.195122 0
    outer loop
      vertex -92.1858 -0.574024 8
      vertex -92.3 0 0
      vertex -92.3 0 8
    endloop
  endfacet
  facet normal 0.980779 0.195122 0
    outer loop
      vertex -92.3 0 0
      vertex -92.1858 -0.574024 8
      vertex -92.1858 -0.574024 0
    endloop
  endfacet
  facet normal 0.55552 0.831503 -0
    outer loop
      vertex -91.374 -1.38582 0
      vertex -91.8607 -1.06066 8
      vertex -91.374 -1.38582 8
    endloop
  endfacet
  facet normal 0.55552 0.831503 0
    outer loop
      vertex -91.8607 -1.06066 8
      vertex -91.374 -1.38582 0
      vertex -91.8607 -1.06066 0
    endloop
  endfacet
  facet normal -0.831519 -0.555496 0
    outer loop
      vertex -89.4142 6.57402 0
      vertex -89.7393 7.06066 8
      vertex -89.7393 7.06066 0
    endloop
  endfacet
  facet normal -0.831519 -0.555496 0
    outer loop
      vertex -89.7393 7.06066 8
      vertex -89.4142 6.57402 0
      vertex -89.4142 6.57402 8
    endloop
  endfacet
  facet normal -0.980779 -0.195124 0
    outer loop
      vertex -89.3 6 0
      vertex -89.4142 6.57402 8
      vertex -89.4142 6.57402 0
    endloop
  endfacet
  facet normal -0.980779 -0.195124 0
    outer loop
      vertex -89.4142 6.57402 8
      vertex -89.3 6 0
      vertex -89.3 6 8
    endloop
  endfacet
  facet normal -0.55552 -0.831503 0
    outer loop
      vertex -90.226 7.38582 0
      vertex -89.7393 7.06066 8
      vertex -90.226 7.38582 8
    endloop
  endfacet
  facet normal -0.55552 -0.831503 -0
    outer loop
      vertex -89.7393 7.06066 8
      vertex -90.226 7.38582 0
      vertex -89.7393 7.06066 0
    endloop
  endfacet
  facet normal -0.831514 0.555504 0
    outer loop
      vertex -89.7393 4.93934 0
      vertex -89.4142 5.42597 8
      vertex -89.4142 5.42597 0
    endloop
  endfacet
  facet normal -0.831514 0.555504 0
    outer loop
      vertex -89.4142 5.42597 8
      vertex -89.7393 4.93934 0
      vertex -89.7393 4.93934 8
    endloop
  endfacet
  facet normal 0.195097 -0.980784 0
    outer loop
      vertex -91.374 7.38582 0
      vertex -90.8 7.5 8
      vertex -91.374 7.38582 8
    endloop
  endfacet
  facet normal 0.195097 -0.980784 0
    outer loop
      vertex -90.8 7.5 8
      vertex -91.374 7.38582 0
      vertex -90.8 7.5 0
    endloop
  endfacet
  facet normal 0.831519 -0.555496 0
    outer loop
      vertex -92.1858 6.57402 8
      vertex -91.8607 7.06066 0
      vertex -91.8607 7.06066 8
    endloop
  endfacet
  facet normal 0.831519 -0.555496 0
    outer loop
      vertex -91.8607 7.06066 0
      vertex -92.1858 6.57402 8
      vertex -92.1858 6.57402 0
    endloop
  endfacet
  facet normal 0.980779 -0.195124 0
    outer loop
      vertex -92.3 6 8
      vertex -92.1858 6.57402 0
      vertex -92.1858 6.57402 8
    endloop
  endfacet
  facet normal 0.980779 -0.195124 0
    outer loop
      vertex -92.1858 6.57402 0
      vertex -92.3 6 8
      vertex -92.3 6 0
    endloop
  endfacet
  facet normal -0.195097 0.980784 0
    outer loop
      vertex -90.226 4.61418 0
      vertex -90.8 4.5 8
      vertex -90.226 4.61418 8
    endloop
  endfacet
  facet normal -0.195097 0.980784 0
    outer loop
      vertex -90.8 4.5 8
      vertex -90.226 4.61418 0
      vertex -90.8 4.5 0
    endloop
  endfacet
  facet normal 0.195097 0.980784 -0
    outer loop
      vertex -90.8 4.5 0
      vertex -91.374 4.61418 8
      vertex -90.8 4.5 8
    endloop
  endfacet
  facet normal 0.195097 0.980784 0
    outer loop
      vertex -91.374 4.61418 8
      vertex -90.8 4.5 0
      vertex -91.374 4.61418 0
    endloop
  endfacet
  facet normal 0.980779 0.19512 0
    outer loop
      vertex -92.1858 5.42597 8
      vertex -92.3 6 0
      vertex -92.3 6 8
    endloop
  endfacet
  facet normal 0.980779 0.19512 0
    outer loop
      vertex -92.3 6 0
      vertex -92.1858 5.42597 8
      vertex -92.1858 5.42597 0
    endloop
  endfacet
  facet normal -0.195097 -0.980784 0
    outer loop
      vertex -90.8 7.5 0
      vertex -90.226 7.38582 8
      vertex -90.8 7.5 8
    endloop
  endfacet
  facet normal -0.195097 -0.980784 -0
    outer loop
      vertex -90.226 7.38582 8
      vertex -90.8 7.5 0
      vertex -90.226 7.38582 0
    endloop
  endfacet
  facet normal -0.980779 0.19512 0
    outer loop
      vertex -89.4142 5.42597 0
      vertex -89.3 6 8
      vertex -89.3 6 0
    endloop
  endfacet
  facet normal -0.980779 0.19512 0
    outer loop
      vertex -89.3 6 8
      vertex -89.4142 5.42597 0
      vertex -89.4142 5.42597 8
    endloop
  endfacet
  facet normal -0.55552 0.831503 0
    outer loop
      vertex -89.7393 4.93934 0
      vertex -90.226 4.61418 8
      vertex -89.7393 4.93934 8
    endloop
  endfacet
  facet normal -0.55552 0.831503 0
    outer loop
      vertex -90.226 4.61418 8
      vertex -89.7393 4.93934 0
      vertex -90.226 4.61418 0
    endloop
  endfacet
  facet normal 0.831514 0.555504 0
    outer loop
      vertex -91.8607 4.93934 8
      vertex -92.1858 5.42597 0
      vertex -92.1858 5.42597 8
    endloop
  endfacet
  facet normal 0.831514 0.555504 0
    outer loop
      vertex -92.1858 5.42597 0
      vertex -91.8607 4.93934 8
      vertex -91.8607 4.93934 0
    endloop
  endfacet
  facet normal 0.55552 -0.831503 0
    outer loop
      vertex -91.8607 7.06066 0
      vertex -91.374 7.38582 8
      vertex -91.8607 7.06066 8
    endloop
  endfacet
  facet normal 0.55552 -0.831503 0
    outer loop
      vertex -91.374 7.38582 8
      vertex -91.8607 7.06066 0
      vertex -91.374 7.38582 0
    endloop
  endfacet
  facet normal 0.55552 0.831503 -0
    outer loop
      vertex -91.374 4.61418 0
      vertex -91.8607 4.93934 8
      vertex -91.374 4.61418 8
    endloop
  endfacet
  facet normal 0.55552 0.831503 0
    outer loop
      vertex -91.8607 4.93934 8
      vertex -91.374 4.61418 0
      vertex -91.8607 4.93934 0
    endloop
  endfacet
  facet normal 0.831514 -0.555504 0
    outer loop
      vertex -86.1858 -5.42597 8
      vertex -85.8607 -4.93934 0
      vertex -85.8607 -4.93934 8
    endloop
  endfacet
  facet normal 0.831514 -0.555504 0
    outer loop
      vertex -85.8607 -4.93934 0
      vertex -86.1858 -5.42597 8
      vertex -86.1858 -5.42597 0
    endloop
  endfacet
  facet normal -0.831514 -0.555504 0
    outer loop
      vertex -83.4142 -5.42597 0
      vertex -83.7393 -4.93934 8
      vertex -83.7393 -4.93934 0
    endloop
  endfacet
  facet normal -0.831514 -0.555504 0
    outer loop
      vertex -83.7393 -4.93934 8
      vertex -83.4142 -5.42597 0
      vertex -83.4142 -5.42597 8
    endloop
  endfacet
  facet normal -0.980779 -0.19512 0
    outer loop
      vertex -83.3 -6 0
      vertex -83.4142 -5.42597 8
      vertex -83.4142 -5.42597 0
    endloop
  endfacet
  facet normal -0.980779 -0.19512 0
    outer loop
      vertex -83.4142 -5.42597 8
      vertex -83.3 -6 0
      vertex -83.3 -6 8
    endloop
  endfacet
  facet normal -0.55552 -0.831503 0
    outer loop
      vertex -84.226 -4.61418 0
      vertex -83.7393 -4.93934 8
      vertex -84.226 -4.61418 8
    endloop
  endfacet
  facet normal -0.55552 -0.831503 -0
    outer loop
      vertex -83.7393 -4.93934 8
      vertex -84.226 -4.61418 0
      vertex -83.7393 -4.93934 0
    endloop
  endfacet
  facet normal -0.831519 0.555496 0
    outer loop
      vertex -83.7393 -7.06066 0
      vertex -83.4142 -6.57402 8
      vertex -83.4142 -6.57402 0
    endloop
  endfacet
  facet normal -0.831519 0.555496 0
    outer loop
      vertex -83.4142 -6.57402 8
      vertex -83.7393 -7.06066 0
      vertex -83.7393 -7.06066 8
    endloop
  endfacet
  facet normal -0.195097 0.980784 0
    outer loop
      vertex -84.226 -7.38582 0
      vertex -84.8 -7.5 8
      vertex -84.226 -7.38582 8
    endloop
  endfacet
  facet normal -0.195097 0.980784 0
    outer loop
      vertex -84.8 -7.5 8
      vertex -84.226 -7.38582 0
      vertex -84.8 -7.5 0
    endloop
  endfacet
  facet normal -0.195097 -0.980784 0
    outer loop
      vertex -84.8 -4.5 0
      vertex -84.226 -4.61418 8
      vertex -84.8 -4.5 8
    endloop
  endfacet
  facet normal -0.195097 -0.980784 -0
    outer loop
      vertex -84.226 -4.61418 8
      vertex -84.8 -4.5 0
      vertex -84.226 -4.61418 0
    endloop
  endfacet
  facet normal -0.980779 0.195124 0
    outer loop
      vertex -83.4142 -6.57402 0
      vertex -83.3 -6 8
      vertex -83.3 -6 0
    endloop
  endfacet
  facet normal -0.980779 0.195124 0
    outer loop
      vertex -83.3 -6 8
      vertex -83.4142 -6.57402 0
      vertex -83.4142 -6.57402 8
    endloop
  endfacet
  facet normal 0.55552 -0.831503 0
    outer loop
      vertex -85.8607 -4.93934 0
      vertex -85.374 -4.61418 8
      vertex -85.8607 -4.93934 8
    endloop
  endfacet
  facet normal 0.55552 -0.831503 0
    outer loop
      vertex -85.374 -4.61418 8
      vertex -85.8607 -4.93934 0
      vertex -85.374 -4.61418 0
    endloop
  endfacet
  facet normal 0.831519 0.555496 0
    outer loop
      vertex -85.8607 -7.06066 8
      vertex -86.1858 -6.57402 0
      vertex -86.1858 -6.57402 8
    endloop
  endfacet
  facet normal 0.831519 0.555496 0
    outer loop
      vertex -86.1858 -6.57402 0
      vertex -85.8607 -7.06066 8
      vertex -85.8607 -7.06066 0
    endloop
  endfacet
  facet normal 0.195097 0.980784 -0
    outer loop
      vertex -84.8 -7.5 0
      vertex -85.374 -7.38582 8
      vertex -84.8 -7.5 8
    endloop
  endfacet
  facet normal 0.195097 0.980784 0
    outer loop
      vertex -85.374 -7.38582 8
      vertex -84.8 -7.5 0
      vertex -85.374 -7.38582 0
    endloop
  endfacet
  facet normal 0.980779 -0.19512 0
    outer loop
      vertex -86.3 -6 8
      vertex -86.1858 -5.42597 0
      vertex -86.1858 -5.42597 8
    endloop
  endfacet
  facet normal 0.980779 -0.19512 0
    outer loop
      vertex -86.1858 -5.42597 0
      vertex -86.3 -6 8
      vertex -86.3 -6 0
    endloop
  endfacet
  facet normal -0.55552 0.831503 0
    outer loop
      vertex -83.7393 -7.06066 0
      vertex -84.226 -7.38582 8
      vertex -83.7393 -7.06066 8
    endloop
  endfacet
  facet normal -0.55552 0.831503 0
    outer loop
      vertex -84.226 -7.38582 8
      vertex -83.7393 -7.06066 0
      vertex -84.226 -7.38582 0
    endloop
  endfacet
  facet normal 0.195097 -0.980784 0
    outer loop
      vertex -85.374 -4.61418 0
      vertex -84.8 -4.5 8
      vertex -85.374 -4.61418 8
    endloop
  endfacet
  facet normal 0.195097 -0.980784 0
    outer loop
      vertex -84.8 -4.5 8
      vertex -85.374 -4.61418 0
      vertex -84.8 -4.5 0
    endloop
  endfacet
  facet normal 0.980779 0.195124 0
    outer loop
      vertex -86.1858 -6.57402 8
      vertex -86.3 -6 0
      vertex -86.3 -6 8
    endloop
  endfacet
  facet normal 0.980779 0.195124 0
    outer loop
      vertex -86.3 -6 0
      vertex -86.1858 -6.57402 8
      vertex -86.1858 -6.57402 0
    endloop
  endfacet
  facet normal 0.55552 0.831503 -0
    outer loop
      vertex -85.374 -7.38582 0
      vertex -85.8607 -7.06066 8
      vertex -85.374 -7.38582 8
    endloop
  endfacet
  facet normal 0.55552 0.831503 0
    outer loop
      vertex -85.8607 -7.06066 8
      vertex -85.374 -7.38582 0
      vertex -85.8607 -7.06066 0
    endloop
  endfacet
  facet normal 0.831517 -0.5555 0
    outer loop
      vertex -86.1858 0.574024 8
      vertex -85.8607 1.06066 0
      vertex -85.8607 1.06066 8
    endloop
  endfacet
  facet normal 0.831517 -0.5555 0
    outer loop
      vertex -85.8607 1.06066 0
      vertex -86.1858 0.574024 8
      vertex -86.1858 0.574024 0
    endloop
  endfacet
  facet normal -0.831517 -0.5555 0
    outer loop
      vertex -83.4142 0.574024 0
      vertex -83.7393 1.06066 8
      vertex -83.7393 1.06066 0
    endloop
  endfacet
  facet normal -0.831517 -0.5555 0
    outer loop
      vertex -83.7393 1.06066 8
      vertex -83.4142 0.574024 0
      vertex -83.4142 0.574024 8
    endloop
  endfacet
  facet normal -0.980779 -0.195122 0
    outer loop
      vertex -83.3 0 0
      vertex -83.4142 0.574024 8
      vertex -83.4142 0.574024 0
    endloop
  endfacet
  facet normal -0.980779 -0.195122 0
    outer loop
      vertex -83.4142 0.574024 8
      vertex -83.3 0 0
      vertex -83.3 0 8
    endloop
  endfacet
  facet normal 0.195097 0.980784 -0
    outer loop
      vertex -84.8 -1.5 0
      vertex -85.374 -1.38582 8
      vertex -84.8 -1.5 8
    endloop
  endfacet
  facet normal 0.195097 0.980784 0
    outer loop
      vertex -85.374 -1.38582 8
      vertex -84.8 -1.5 0
      vertex -85.374 -1.38582 0
    endloop
  endfacet
  facet normal -0.195097 0.980784 0
    outer loop
      vertex -84.226 -1.38582 0
      vertex -84.8 -1.5 8
      vertex -84.226 -1.38582 8
    endloop
  endfacet
  facet normal -0.195097 0.980784 0
    outer loop
      vertex -84.8 -1.5 8
      vertex -84.226 -1.38582 0
      vertex -84.8 -1.5 0
    endloop
  endfacet
  facet normal -0.980779 0.195122 0
    outer loop
      vertex -83.4142 -0.574024 0
      vertex -83.3 0 8
      vertex -83.3 0 0
    endloop
  endfacet
  facet normal -0.980779 0.195122 0
    outer loop
      vertex -83.3 0 8
      vertex -83.4142 -0.574024 0
      vertex -83.4142 -0.574024 8
    endloop
  endfacet
  facet normal -0.831517 0.5555 0
    outer loop
      vertex -83.7393 -1.06066 0
      vertex -83.4142 -0.574024 8
      vertex -83.4142 -0.574024 0
    endloop
  endfacet
  facet normal -0.831517 0.5555 0
    outer loop
      vertex -83.4142 -0.574024 8
      vertex -83.7393 -1.06066 0
      vertex -83.7393 -1.06066 8
    endloop
  endfacet
  facet normal 0.980779 -0.195122 0
    outer loop
      vertex -86.3 0 8
      vertex -86.1858 0.574024 0
      vertex -86.1858 0.574024 8
    endloop
  endfacet
  facet normal 0.980779 -0.195122 0
    outer loop
      vertex -86.1858 0.574024 0
      vertex -86.3 0 8
      vertex -86.3 0 0
    endloop
  endfacet
  facet normal -0.55552 0.831503 0
    outer loop
      vertex -83.7393 -1.06066 0
      vertex -84.226 -1.38582 8
      vertex -83.7393 -1.06066 8
    endloop
  endfacet
  facet normal -0.55552 0.831503 0
    outer loop
      vertex -84.226 -1.38582 8
      vertex -83.7393 -1.06066 0
      vertex -84.226 -1.38582 0
    endloop
  endfacet
  facet normal 0.195097 -0.980784 0
    outer loop
      vertex -85.374 1.38582 0
      vertex -84.8 1.5 8
      vertex -85.374 1.38582 8
    endloop
  endfacet
  facet normal 0.195097 -0.980784 0
    outer loop
      vertex -84.8 1.5 8
      vertex -85.374 1.38582 0
      vertex -84.8 1.5 0
    endloop
  endfacet
  facet normal 0.55552 -0.831503 0
    outer loop
      vertex -85.8607 1.06066 0
      vertex -85.374 1.38582 8
      vertex -85.8607 1.06066 8
    endloop
  endfacet
  facet normal 0.55552 -0.831503 0
    outer loop
      vertex -85.374 1.38582 8
      vertex -85.8607 1.06066 0
      vertex -85.374 1.38582 0
    endloop
  endfacet
  facet normal -0.195097 -0.980784 0
    outer loop
      vertex -84.8 1.5 0
      vertex -84.226 1.38582 8
      vertex -84.8 1.5 8
    endloop
  endfacet
  facet normal -0.195097 -0.980784 -0
    outer loop
      vertex -84.226 1.38582 8
      vertex -84.8 1.5 0
      vertex -84.226 1.38582 0
    endloop
  endfacet
  facet normal -0.55552 -0.831503 0
    outer loop
      vertex -84.226 1.38582 0
      vertex -83.7393 1.06066 8
      vertex -84.226 1.38582 8
    endloop
  endfacet
  facet normal -0.55552 -0.831503 -0
    outer loop
      vertex -83.7393 1.06066 8
      vertex -84.226 1.38582 0
      vertex -83.7393 1.06066 0
    endloop
  endfacet
  facet normal 0.831517 0.5555 0
    outer loop
      vertex -85.8607 -1.06066 8
      vertex -86.1858 -0.574024 0
      vertex -86.1858 -0.574024 8
    endloop
  endfacet
  facet normal 0.831517 0.5555 0
    outer loop
      vertex -86.1858 -0.574024 0
      vertex -85.8607 -1.06066 8
      vertex -85.8607 -1.06066 0
    endloop
  endfacet
  facet normal 0.980779 0.195122 0
    outer loop
      vertex -86.1858 -0.574024 8
      vertex -86.3 0 0
      vertex -86.3 0 8
    endloop
  endfacet
  facet normal 0.980779 0.195122 0
    outer loop
      vertex -86.3 0 0
      vertex -86.1858 -0.574024 8
      vertex -86.1858 -0.574024 0
    endloop
  endfacet
  facet normal 0.55552 0.831503 -0
    outer loop
      vertex -85.374 -1.38582 0
      vertex -85.8607 -1.06066 8
      vertex -85.374 -1.38582 8
    endloop
  endfacet
  facet normal 0.55552 0.831503 0
    outer loop
      vertex -85.8607 -1.06066 8
      vertex -85.374 -1.38582 0
      vertex -85.8607 -1.06066 0
    endloop
  endfacet
  facet normal -0.831519 -0.555496 0
    outer loop
      vertex -83.4142 6.57402 0
      vertex -83.7393 7.06066 8
      vertex -83.7393 7.06066 0
    endloop
  endfacet
  facet normal -0.831519 -0.555496 0
    outer loop
      vertex -83.7393 7.06066 8
      vertex -83.4142 6.57402 0
      vertex -83.4142 6.57402 8
    endloop
  endfacet
  facet normal -0.980779 -0.195124 0
    outer loop
      vertex -83.3 6 0
      vertex -83.4142 6.57402 8
      vertex -83.4142 6.57402 0
    endloop
  endfacet
  facet normal -0.980779 -0.195124 0
    outer loop
      vertex -83.4142 6.57402 8
      vertex -83.3 6 0
      vertex -83.3 6 8
    endloop
  endfacet
  facet normal -0.55552 -0.831503 0
    outer loop
      vertex -84.226 7.38582 0
      vertex -83.7393 7.06066 8
      vertex -84.226 7.38582 8
    endloop
  endfacet
  facet normal -0.55552 -0.831503 -0
    outer loop
      vertex -83.7393 7.06066 8
      vertex -84.226 7.38582 0
      vertex -83.7393 7.06066 0
    endloop
  endfacet
  facet normal -0.831514 0.555504 0
    outer loop
      vertex -83.7393 4.93934 0
      vertex -83.4142 5.42597 8
      vertex -83.4142 5.42597 0
    endloop
  endfacet
  facet normal -0.831514 0.555504 0
    outer loop
      vertex -83.4142 5.42597 8
      vertex -83.7393 4.93934 0
      vertex -83.7393 4.93934 8
    endloop
  endfacet
  facet normal 0.195097 -0.980784 0
    outer loop
      vertex -85.374 7.38582 0
      vertex -84.8 7.5 8
      vertex -85.374 7.38582 8
    endloop
  endfacet
  facet normal 0.195097 -0.980784 0
    outer loop
      vertex -84.8 7.5 8
      vertex -85.374 7.38582 0
      vertex -84.8 7.5 0
    endloop
  endfacet
  facet normal 0.831519 -0.555496 0
    outer loop
      vertex -86.1858 6.57402 8
      vertex -85.8607 7.06066 0
      vertex -85.8607 7.06066 8
    endloop
  endfacet
  facet normal 0.831519 -0.555496 0
    outer loop
      vertex -85.8607 7.06066 0
      vertex -86.1858 6.57402 8
      vertex -86.1858 6.57402 0
    endloop
  endfacet
  facet normal 0.980779 -0.195124 0
    outer loop
      vertex -86.3 6 8
      vertex -86.1858 6.57402 0
      vertex -86.1858 6.57402 8
    endloop
  endfacet
  facet normal 0.980779 -0.195124 0
    outer loop
      vertex -86.1858 6.57402 0
      vertex -86.3 6 8
      vertex -86.3 6 0
    endloop
  endfacet
  facet normal -0.195097 0.980784 0
    outer loop
      vertex -84.226 4.61418 0
      vertex -84.8 4.5 8
      vertex -84.226 4.61418 8
    endloop
  endfacet
  facet normal -0.195097 0.980784 0
    outer loop
      vertex -84.8 4.5 8
      vertex -84.226 4.61418 0
      vertex -84.8 4.5 0
    endloop
  endfacet
  facet normal 0.195097 0.980784 -0
    outer loop
      vertex -84.8 4.5 0
      vertex -85.374 4.61418 8
      vertex -84.8 4.5 8
    endloop
  endfacet
  facet normal 0.195097 0.980784 0
    outer loop
      vertex -85.374 4.61418 8
      vertex -84.8 4.5 0
      vertex -85.374 4.61418 0
    endloop
  endfacet
  facet normal 0.980779 0.19512 0
    outer loop
      vertex -86.1858 5.42597 8
      vertex -86.3 6 0
      vertex -86.3 6 8
    endloop
  endfacet
  facet normal 0.980779 0.19512 0
    outer loop
      vertex -86.3 6 0
      vertex -86.1858 5.42597 8
      vertex -86.1858 5.42597 0
    endloop
  endfacet
  facet normal -0.195097 -0.980784 0
    outer loop
      vertex -84.8 7.5 0
      vertex -84.226 7.38582 8
      vertex -84.8 7.5 8
    endloop
  endfacet
  facet normal -0.195097 -0.980784 -0
    outer loop
      vertex -84.226 7.38582 8
      vertex -84.8 7.5 0
      vertex -84.226 7.38582 0
    endloop
  endfacet
  facet normal -0.980779 0.19512 0
    outer loop
      vertex -83.4142 5.42597 0
      vertex -83.3 6 8
      vertex -83.3 6 0
    endloop
  endfacet
  facet normal -0.980779 0.19512 0
    outer loop
      vertex -83.3 6 8
      vertex -83.4142 5.42597 0
      vertex -83.4142 5.42597 8
    endloop
  endfacet
  facet normal -0.55552 0.831503 0
    outer loop
      vertex -83.7393 4.93934 0
      vertex -84.226 4.61418 8
      vertex -83.7393 4.93934 8
    endloop
  endfacet
  facet normal -0.55552 0.831503 0
    outer loop
      vertex -84.226 4.61418 8
      vertex -83.7393 4.93934 0
      vertex -84.226 4.61418 0
    endloop
  endfacet
  facet normal 0.831514 0.555504 0
    outer loop
      vertex -85.8607 4.93934 8
      vertex -86.1858 5.42597 0
      vertex -86.1858 5.42597 8
    endloop
  endfacet
  facet normal 0.831514 0.555504 0
    outer loop
      vertex -86.1858 5.42597 0
      vertex -85.8607 4.93934 8
      vertex -85.8607 4.93934 0
    endloop
  endfacet
  facet normal 0.55552 -0.831503 0
    outer loop
      vertex -85.8607 7.06066 0
      vertex -85.374 7.38582 8
      vertex -85.8607 7.06066 8
    endloop
  endfacet
  facet normal 0.55552 -0.831503 0
    outer loop
      vertex -85.374 7.38582 8
      vertex -85.8607 7.06066 0
      vertex -85.374 7.38582 0
    endloop
  endfacet
  facet normal 0.55552 0.831503 -0
    outer loop
      vertex -85.374 4.61418 0
      vertex -85.8607 4.93934 8
      vertex -85.374 4.61418 8
    endloop
  endfacet
  facet normal 0.55552 0.831503 0
    outer loop
      vertex -85.8607 4.93934 8
      vertex -85.374 4.61418 0
      vertex -85.8607 4.93934 0
    endloop
  endfacet
  facet normal 0.831514 -0.555504 0
    outer loop
      vertex -80.1858 -5.42597 8
      vertex -79.8607 -4.93934 0
      vertex -79.8607 -4.93934 8
    endloop
  endfacet
  facet normal 0.831514 -0.555504 0
    outer loop
      vertex -79.8607 -4.93934 0
      vertex -80.1858 -5.42597 8
      vertex -80.1858 -5.42597 0
    endloop
  endfacet
  facet normal -0.831514 -0.555504 0
    outer loop
      vertex -77.4142 -5.42597 0
      vertex -77.7393 -4.93934 8
      vertex -77.7393 -4.93934 0
    endloop
  endfacet
  facet normal -0.831514 -0.555504 0
    outer loop
      vertex -77.7393 -4.93934 8
      vertex -77.4142 -5.42597 0
      vertex -77.4142 -5.42597 8
    endloop
  endfacet
  facet normal -0.980779 -0.19512 0
    outer loop
      vertex -77.3 -6 0
      vertex -77.4142 -5.42597 8
      vertex -77.4142 -5.42597 0
    endloop
  endfacet
  facet normal -0.980779 -0.19512 0
    outer loop
      vertex -77.4142 -5.42597 8
      vertex -77.3 -6 0
      vertex -77.3 -6 8
    endloop
  endfacet
  facet normal -0.55552 -0.831503 0
    outer loop
      vertex -78.226 -4.61418 0
      vertex -77.7393 -4.93934 8
      vertex -78.226 -4.61418 8
    endloop
  endfacet
  facet normal -0.55552 -0.831503 -0
    outer loop
      vertex -77.7393 -4.93934 8
      vertex -78.226 -4.61418 0
      vertex -77.7393 -4.93934 0
    endloop
  endfacet
  facet normal -0.831519 0.555496 0
    outer loop
      vertex -77.7393 -7.06066 0
      vertex -77.4142 -6.57402 8
      vertex -77.4142 -6.57402 0
    endloop
  endfacet
  facet normal -0.831519 0.555496 0
    outer loop
      vertex -77.4142 -6.57402 8
      vertex -77.7393 -7.06066 0
      vertex -77.7393 -7.06066 8
    endloop
  endfacet
  facet normal -0.195097 0.980784 0
    outer loop
      vertex -78.226 -7.38582 0
      vertex -78.8 -7.5 8
      vertex -78.226 -7.38582 8
    endloop
  endfacet
  facet normal -0.195097 0.980784 0
    outer loop
      vertex -78.8 -7.5 8
      vertex -78.226 -7.38582 0
      vertex -78.8 -7.5 0
    endloop
  endfacet
  facet normal -0.195097 -0.980784 0
    outer loop
      vertex -78.8 -4.5 0
      vertex -78.226 -4.61418 8
      vertex -78.8 -4.5 8
    endloop
  endfacet
  facet normal -0.195097 -0.980784 -0
    outer loop
      vertex -78.226 -4.61418 8
      vertex -78.8 -4.5 0
      vertex -78.226 -4.61418 0
    endloop
  endfacet
  facet normal -0.980779 0.195124 0
    outer loop
      vertex -77.4142 -6.57402 0
      vertex -77.3 -6 8
      vertex -77.3 -6 0
    endloop
  endfacet
  facet normal -0.980779 0.195124 0
    outer loop
      vertex -77.3 -6 8
      vertex -77.4142 -6.57402 0
      vertex -77.4142 -6.57402 8
    endloop
  endfacet
  facet normal 0.55552 -0.831503 0
    outer loop
      vertex -79.8607 -4.93934 0
      vertex -79.374 -4.61418 8
      vertex -79.8607 -4.93934 8
    endloop
  endfacet
  facet normal 0.55552 -0.831503 0
    outer loop
      vertex -79.374 -4.61418 8
      vertex -79.8607 -4.93934 0
      vertex -79.374 -4.61418 0
    endloop
  endfacet
  facet normal 0.831519 0.555496 0
    outer loop
      vertex -79.8607 -7.06066 8
      vertex -80.1858 -6.57402 0
      vertex -80.1858 -6.57402 8
    endloop
  endfacet
  facet normal 0.831519 0.555496 0
    outer loop
      vertex -80.1858 -6.57402 0
      vertex -79.8607 -7.06066 8
      vertex -79.8607 -7.06066 0
    endloop
  endfacet
  facet normal 0.195097 0.980784 -0
    outer loop
      vertex -78.8 -7.5 0
      vertex -79.374 -7.38582 8
      vertex -78.8 -7.5 8
    endloop
  endfacet
  facet normal 0.195097 0.980784 0
    outer loop
      vertex -79.374 -7.38582 8
      vertex -78.8 -7.5 0
      vertex -79.374 -7.38582 0
    endloop
  endfacet
  facet normal 0.980779 -0.19512 0
    outer loop
      vertex -80.3 -6 8
      vertex -80.1858 -5.42597 0
      vertex -80.1858 -5.42597 8
    endloop
  endfacet
  facet normal 0.980779 -0.19512 0
    outer loop
      vertex -80.1858 -5.42597 0
      vertex -80.3 -6 8
      vertex -80.3 -6 0
    endloop
  endfacet
  facet normal -0.55552 0.831503 0
    outer loop
      vertex -77.7393 -7.06066 0
      vertex -78.226 -7.38582 8
      vertex -77.7393 -7.06066 8
    endloop
  endfacet
  facet normal -0.55552 0.831503 0
    outer loop
      vertex -78.226 -7.38582 8
      vertex -77.7393 -7.06066 0
      vertex -78.226 -7.38582 0
    endloop
  endfacet
  facet normal 0.195097 -0.980784 0
    outer loop
      vertex -79.374 -4.61418 0
      vertex -78.8 -4.5 8
      vertex -79.374 -4.61418 8
    endloop
  endfacet
  facet normal 0.195097 -0.980784 0
    outer loop
      vertex -78.8 -4.5 8
      vertex -79.374 -4.61418 0
      vertex -78.8 -4.5 0
    endloop
  endfacet
  facet normal 0.980779 0.195124 0
    outer loop
      vertex -80.1858 -6.57402 8
      vertex -80.3 -6 0
      vertex -80.3 -6 8
    endloop
  endfacet
  facet normal 0.980779 0.195124 0
    outer loop
      vertex -80.3 -6 0
      vertex -80.1858 -6.57402 8
      vertex -80.1858 -6.57402 0
    endloop
  endfacet
  facet normal 0.55552 0.831503 -0
    outer loop
      vertex -79.374 -7.38582 0
      vertex -79.8607 -7.06066 8
      vertex -79.374 -7.38582 8
    endloop
  endfacet
  facet normal 0.55552 0.831503 0
    outer loop
      vertex -79.8607 -7.06066 8
      vertex -79.374 -7.38582 0
      vertex -79.8607 -7.06066 0
    endloop
  endfacet
  facet normal 0.831517 -0.5555 0
    outer loop
      vertex -80.1858 0.574024 8
      vertex -79.8607 1.06066 0
      vertex -79.8607 1.06066 8
    endloop
  endfacet
  facet normal 0.831517 -0.5555 0
    outer loop
      vertex -79.8607 1.06066 0
      vertex -80.1858 0.574024 8
      vertex -80.1858 0.574024 0
    endloop
  endfacet
  facet normal -0.831517 -0.5555 0
    outer loop
      vertex -77.4142 0.574024 0
      vertex -77.7393 1.06066 8
      vertex -77.7393 1.06066 0
    endloop
  endfacet
  facet normal -0.831517 -0.5555 0
    outer loop
      vertex -77.7393 1.06066 8
      vertex -77.4142 0.574024 0
      vertex -77.4142 0.574024 8
    endloop
  endfacet
  facet normal -0.980779 -0.195122 0
    outer loop
      vertex -77.3 0 0
      vertex -77.4142 0.574024 8
      vertex -77.4142 0.574024 0
    endloop
  endfacet
  facet normal -0.980779 -0.195122 0
    outer loop
      vertex -77.4142 0.574024 8
      vertex -77.3 0 0
      vertex -77.3 0 8
    endloop
  endfacet
  facet normal 0.195097 0.980784 -0
    outer loop
      vertex -78.8 -1.5 0
      vertex -79.374 -1.38582 8
      vertex -78.8 -1.5 8
    endloop
  endfacet
  facet normal 0.195097 0.980784 0
    outer loop
      vertex -79.374 -1.38582 8
      vertex -78.8 -1.5 0
      vertex -79.374 -1.38582 0
    endloop
  endfacet
  facet normal -0.195097 0.980784 0
    outer loop
      vertex -78.226 -1.38582 0
      vertex -78.8 -1.5 8
      vertex -78.226 -1.38582 8
    endloop
  endfacet
  facet normal -0.195097 0.980784 0
    outer loop
      vertex -78.8 -1.5 8
      vertex -78.226 -1.38582 0
      vertex -78.8 -1.5 0
    endloop
  endfacet
  facet normal -0.980779 0.195122 0
    outer loop
      vertex -77.4142 -0.574024 0
      vertex -77.3 0 8
      vertex -77.3 0 0
    endloop
  endfacet
  facet normal -0.980779 0.195122 0
    outer loop
      vertex -77.3 0 8
      vertex -77.4142 -0.574024 0
      vertex -77.4142 -0.574024 8
    endloop
  endfacet
  facet normal -0.831517 0.5555 0
    outer loop
      vertex -77.7393 -1.06066 0
      vertex -77.4142 -0.574024 8
      vertex -77.4142 -0.574024 0
    endloop
  endfacet
  facet normal -0.831517 0.5555 0
    outer loop
      vertex -77.4142 -0.574024 8
      vertex -77.7393 -1.06066 0
      vertex -77.7393 -1.06066 8
    endloop
  endfacet
  facet normal 0.980779 -0.195122 0
    outer loop
      vertex -80.3 0 8
      vertex -80.1858 0.574024 0
      vertex -80.1858 0.574024 8
    endloop
  endfacet
  facet normal 0.980779 -0.195122 0
    outer loop
      vertex -80.1858 0.574024 0
      vertex -80.3 0 8
      vertex -80.3 0 0
    endloop
  endfacet
  facet normal -0.55552 0.831503 0
    outer loop
      vertex -77.7393 -1.06066 0
      vertex -78.226 -1.38582 8
      vertex -77.7393 -1.06066 8
    endloop
  endfacet
  facet normal -0.55552 0.831503 0
    outer loop
      vertex -78.226 -1.38582 8
      vertex -77.7393 -1.06066 0
      vertex -78.226 -1.38582 0
    endloop
  endfacet
  facet normal 0.195097 -0.980784 0
    outer loop
      vertex -79.374 1.38582 0
      vertex -78.8 1.5 8
      vertex -79.374 1.38582 8
    endloop
  endfacet
  facet normal 0.195097 -0.980784 0
    outer loop
      vertex -78.8 1.5 8
      vertex -79.374 1.38582 0
      vertex -78.8 1.5 0
    endloop
  endfacet
  facet normal 0.55552 -0.831503 0
    outer loop
      vertex -79.8607 1.06066 0
      vertex -79.374 1.38582 8
      vertex -79.8607 1.06066 8
    endloop
  endfacet
  facet normal 0.55552 -0.831503 0
    outer loop
      vertex -79.374 1.38582 8
      vertex -79.8607 1.06066 0
      vertex -79.374 1.38582 0
    endloop
  endfacet
  facet normal -0.195097 -0.980784 0
    outer loop
      vertex -78.8 1.5 0
      vertex -78.226 1.38582 8
      vertex -78.8 1.5 8
    endloop
  endfacet
  facet normal -0.195097 -0.980784 -0
    outer loop
      vertex -78.226 1.38582 8
      vertex -78.8 1.5 0
      vertex -78.226 1.38582 0
    endloop
  endfacet
  facet normal -0.55552 -0.831503 0
    outer loop
      vertex -78.226 1.38582 0
      vertex -77.7393 1.06066 8
      vertex -78.226 1.38582 8
    endloop
  endfacet
  facet normal -0.55552 -0.831503 -0
    outer loop
      vertex -77.7393 1.06066 8
      vertex -78.226 1.38582 0
      vertex -77.7393 1.06066 0
    endloop
  endfacet
  facet normal 0.831517 0.5555 0
    outer loop
      vertex -79.8607 -1.06066 8
      vertex -80.1858 -0.574024 0
      vertex -80.1858 -0.574024 8
    endloop
  endfacet
  facet normal 0.831517 0.5555 0
    outer loop
      vertex -80.1858 -0.574024 0
      vertex -79.8607 -1.06066 8
      vertex -79.8607 -1.06066 0
    endloop
  endfacet
  facet normal 0.980779 0.195122 0
    outer loop
      vertex -80.1858 -0.574024 8
      vertex -80.3 0 0
      vertex -80.3 0 8
    endloop
  endfacet
  facet normal 0.980779 0.195122 0
    outer loop
      vertex -80.3 0 0
      vertex -80.1858 -0.574024 8
      vertex -80.1858 -0.574024 0
    endloop
  endfacet
  facet normal 0.55552 0.831503 -0
    outer loop
      vertex -79.374 -1.38582 0
      vertex -79.8607 -1.06066 8
      vertex -79.374 -1.38582 8
    endloop
  endfacet
  facet normal 0.55552 0.831503 0
    outer loop
      vertex -79.8607 -1.06066 8
      vertex -79.374 -1.38582 0
      vertex -79.8607 -1.06066 0
    endloop
  endfacet
  facet normal -0.831519 -0.555496 0
    outer loop
      vertex -77.4142 6.57402 0
      vertex -77.7393 7.06066 8
      vertex -77.7393 7.06066 0
    endloop
  endfacet
  facet normal -0.831519 -0.555496 0
    outer loop
      vertex -77.7393 7.06066 8
      vertex -77.4142 6.57402 0
      vertex -77.4142 6.57402 8
    endloop
  endfacet
  facet normal -0.980779 -0.195124 0
    outer loop
      vertex -77.3 6 0
      vertex -77.4142 6.57402 8
      vertex -77.4142 6.57402 0
    endloop
  endfacet
  facet normal -0.980779 -0.195124 0
    outer loop
      vertex -77.4142 6.57402 8
      vertex -77.3 6 0
      vertex -77.3 6 8
    endloop
  endfacet
  facet normal -0.55552 -0.831503 0
    outer loop
      vertex -78.226 7.38582 0
      vertex -77.7393 7.06066 8
      vertex -78.226 7.38582 8
    endloop
  endfacet
  facet normal -0.55552 -0.831503 -0
    outer loop
      vertex -77.7393 7.06066 8
      vertex -78.226 7.38582 0
      vertex -77.7393 7.06066 0
    endloop
  endfacet
  facet normal -0.831514 0.555504 0
    outer loop
      vertex -77.7393 4.93934 0
      vertex -77.4142 5.42597 8
      vertex -77.4142 5.42597 0
    endloop
  endfacet
  facet normal -0.831514 0.555504 0
    outer loop
      vertex -77.4142 5.42597 8
      vertex -77.7393 4.93934 0
      vertex -77.7393 4.93934 8
    endloop
  endfacet
  facet normal 0.195097 -0.980784 0
    outer loop
      vertex -79.374 7.38582 0
      vertex -78.8 7.5 8
      vertex -79.374 7.38582 8
    endloop
  endfacet
  facet normal 0.195097 -0.980784 0
    outer loop
      vertex -78.8 7.5 8
      vertex -79.374 7.38582 0
      vertex -78.8 7.5 0
    endloop
  endfacet
  facet normal 0.831519 -0.555496 0
    outer loop
      vertex -80.1858 6.57402 8
      vertex -79.8607 7.06066 0
      vertex -79.8607 7.06066 8
    endloop
  endfacet
  facet normal 0.831519 -0.555496 0
    outer loop
      vertex -79.8607 7.06066 0
      vertex -80.1858 6.57402 8
      vertex -80.1858 6.57402 0
    endloop
  endfacet
  facet normal 0.980779 -0.195124 0
    outer loop
      vertex -80.3 6 8
      vertex -80.1858 6.57402 0
      vertex -80.1858 6.57402 8
    endloop
  endfacet
  facet normal 0.980779 -0.195124 0
    outer loop
      vertex -80.1858 6.57402 0
      vertex -80.3 6 8
      vertex -80.3 6 0
    endloop
  endfacet
  facet normal -0.195097 0.980784 0
    outer loop
      vertex -78.226 4.61418 0
      vertex -78.8 4.5 8
      vertex -78.226 4.61418 8
    endloop
  endfacet
  facet normal -0.195097 0.980784 0
    outer loop
      vertex -78.8 4.5 8
      vertex -78.226 4.61418 0
      vertex -78.8 4.5 0
    endloop
  endfacet
  facet normal 0.195097 0.980784 -0
    outer loop
      vertex -78.8 4.5 0
      vertex -79.374 4.61418 8
      vertex -78.8 4.5 8
    endloop
  endfacet
  facet normal 0.195097 0.980784 0
    outer loop
      vertex -79.374 4.61418 8
      vertex -78.8 4.5 0
      vertex -79.374 4.61418 0
    endloop
  endfacet
  facet normal 0.980779 0.19512 0
    outer loop
      vertex -80.1858 5.42597 8
      vertex -80.3 6 0
      vertex -80.3 6 8
    endloop
  endfacet
  facet normal 0.980779 0.19512 0
    outer loop
      vertex -80.3 6 0
      vertex -80.1858 5.42597 8
      vertex -80.1858 5.42597 0
    endloop
  endfacet
  facet normal -0.195097 -0.980784 0
    outer loop
      vertex -78.8 7.5 0
      vertex -78.226 7.38582 8
      vertex -78.8 7.5 8
    endloop
  endfacet
  facet normal -0.195097 -0.980784 -0
    outer loop
      vertex -78.226 7.38582 8
      vertex -78.8 7.5 0
      vertex -78.226 7.38582 0
    endloop
  endfacet
  facet normal -0.980779 0.19512 0
    outer loop
      vertex -77.4142 5.42597 0
      vertex -77.3 6 8
      vertex -77.3 6 0
    endloop
  endfacet
  facet normal -0.980779 0.19512 0
    outer loop
      vertex -77.3 6 8
      vertex -77.4142 5.42597 0
      vertex -77.4142 5.42597 8
    endloop
  endfacet
  facet normal -0.55552 0.831503 0
    outer loop
      vertex -77.7393 4.93934 0
      vertex -78.226 4.61418 8
      vertex -77.7393 4.93934 8
    endloop
  endfacet
  facet normal -0.55552 0.831503 0
    outer loop
      vertex -78.226 4.61418 8
      vertex -77.7393 4.93934 0
      vertex -78.226 4.61418 0
    endloop
  endfacet
  facet normal 0.831514 0.555504 0
    outer loop
      vertex -79.8607 4.93934 8
      vertex -80.1858 5.42597 0
      vertex -80.1858 5.42597 8
    endloop
  endfacet
  facet normal 0.831514 0.555504 0
    outer loop
      vertex -80.1858 5.42597 0
      vertex -79.8607 4.93934 8
      vertex -79.8607 4.93934 0
    endloop
  endfacet
  facet normal 0.55552 -0.831503 0
    outer loop
      vertex -79.8607 7.06066 0
      vertex -79.374 7.38582 8
      vertex -79.8607 7.06066 8
    endloop
  endfacet
  facet normal 0.55552 -0.831503 0
    outer loop
      vertex -79.374 7.38582 8
      vertex -79.8607 7.06066 0
      vertex -79.374 7.38582 0
    endloop
  endfacet
  facet normal 0.55552 0.831503 -0
    outer loop
      vertex -79.374 4.61418 0
      vertex -79.8607 4.93934 8
      vertex -79.374 4.61418 8
    endloop
  endfacet
  facet normal 0.55552 0.831503 0
    outer loop
      vertex -79.8607 4.93934 8
      vertex -79.374 4.61418 0
      vertex -79.8607 4.93934 0
    endloop
  endfacet
  facet normal 0.831514 -0.555504 0
    outer loop
      vertex -74.1858 -5.42597 8
      vertex -73.8607 -4.93934 0
      vertex -73.8607 -4.93934 8
    endloop
  endfacet
  facet normal 0.831514 -0.555504 0
    outer loop
      vertex -73.8607 -4.93934 0
      vertex -74.1858 -5.42597 8
      vertex -74.1858 -5.42597 0
    endloop
  endfacet
  facet normal -0.831514 -0.555504 0
    outer loop
      vertex -71.4142 -5.42597 0
      vertex -71.7393 -4.93934 8
      vertex -71.7393 -4.93934 0
    endloop
  endfacet
  facet normal -0.831514 -0.555504 0
    outer loop
      vertex -71.7393 -4.93934 8
      vertex -71.4142 -5.42597 0
      vertex -71.4142 -5.42597 8
    endloop
  endfacet
  facet normal -0.980779 -0.19512 0
    outer loop
      vertex -71.3 -6 0
      vertex -71.4142 -5.42597 8
      vertex -71.4142 -5.42597 0
    endloop
  endfacet
  facet normal -0.980779 -0.19512 0
    outer loop
      vertex -71.4142 -5.42597 8
      vertex -71.3 -6 0
      vertex -71.3 -6 8
    endloop
  endfacet
  facet normal -0.55552 -0.831503 0
    outer loop
      vertex -72.226 -4.61418 0
      vertex -71.7393 -4.93934 8
      vertex -72.226 -4.61418 8
    endloop
  endfacet
  facet normal -0.55552 -0.831503 -0
    outer loop
      vertex -71.7393 -4.93934 8
      vertex -72.226 -4.61418 0
      vertex -71.7393 -4.93934 0
    endloop
  endfacet
  facet normal -0.831519 0.555496 0
    outer loop
      vertex -71.7393 -7.06066 0
      vertex -71.4142 -6.57402 8
      vertex -71.4142 -6.57402 0
    endloop
  endfacet
  facet normal -0.831519 0.555496 0
    outer loop
      vertex -71.4142 -6.57402 8
      vertex -71.7393 -7.06066 0
      vertex -71.7393 -7.06066 8
    endloop
  endfacet
  facet normal -0.195097 0.980784 0
    outer loop
      vertex -72.226 -7.38582 0
      vertex -72.8 -7.5 8
      vertex -72.226 -7.38582 8
    endloop
  endfacet
  facet normal -0.195097 0.980784 0
    outer loop
      vertex -72.8 -7.5 8
      vertex -72.226 -7.38582 0
      vertex -72.8 -7.5 0
    endloop
  endfacet
  facet normal -0.195097 -0.980784 0
    outer loop
      vertex -72.8 -4.5 0
      vertex -72.226 -4.61418 8
      vertex -72.8 -4.5 8
    endloop
  endfacet
  facet normal -0.195097 -0.980784 -0
    outer loop
      vertex -72.226 -4.61418 8
      vertex -72.8 -4.5 0
      vertex -72.226 -4.61418 0
    endloop
  endfacet
  facet normal -0.980779 0.195124 0
    outer loop
      vertex -71.4142 -6.57402 0
      vertex -71.3 -6 8
      vertex -71.3 -6 0
    endloop
  endfacet
  facet normal -0.980779 0.195124 0
    outer loop
      vertex -71.3 -6 8
      vertex -71.4142 -6.57402 0
      vertex -71.4142 -6.57402 8
    endloop
  endfacet
  facet normal 0.55552 -0.831503 0
    outer loop
      vertex -73.8607 -4.93934 0
      vertex -73.374 -4.61418 8
      vertex -73.8607 -4.93934 8
    endloop
  endfacet
  facet normal 0.55552 -0.831503 0
    outer loop
      vertex -73.374 -4.61418 8
      vertex -73.8607 -4.93934 0
      vertex -73.374 -4.61418 0
    endloop
  endfacet
  facet normal 0.831519 0.555496 0
    outer loop
      vertex -73.8607 -7.06066 8
      vertex -74.1858 -6.57402 0
      vertex -74.1858 -6.57402 8
    endloop
  endfacet
  facet normal 0.831519 0.555496 0
    outer loop
      vertex -74.1858 -6.57402 0
      vertex -73.8607 -7.06066 8
      vertex -73.8607 -7.06066 0
    endloop
  endfacet
  facet normal 0.195097 0.980784 -0
    outer loop
      vertex -72.8 -7.5 0
      vertex -73.374 -7.38582 8
      vertex -72.8 -7.5 8
    endloop
  endfacet
  facet normal 0.195097 0.980784 0
    outer loop
      vertex -73.374 -7.38582 8
      vertex -72.8 -7.5 0
      vertex -73.374 -7.38582 0
    endloop
  endfacet
  facet normal 0.980779 -0.19512 0
    outer loop
      vertex -74.3 -6 8
      vertex -74.1858 -5.42597 0
      vertex -74.1858 -5.42597 8
    endloop
  endfacet
  facet normal 0.980779 -0.19512 0
    outer loop
      vertex -74.1858 -5.42597 0
      vertex -74.3 -6 8
      vertex -74.3 -6 0
    endloop
  endfacet
  facet normal -0.55552 0.831503 0
    outer loop
      vertex -71.7393 -7.06066 0
      vertex -72.226 -7.38582 8
      vertex -71.7393 -7.06066 8
    endloop
  endfacet
  facet normal -0.55552 0.831503 0
    outer loop
      vertex -72.226 -7.38582 8
      vertex -71.7393 -7.06066 0
      vertex -72.226 -7.38582 0
    endloop
  endfacet
  facet normal 0.195097 -0.980784 0
    outer loop
      vertex -73.374 -4.61418 0
      vertex -72.8 -4.5 8
      vertex -73.374 -4.61418 8
    endloop
  endfacet
  facet normal 0.195097 -0.980784 0
    outer loop
      vertex -72.8 -4.5 8
      vertex -73.374 -4.61418 0
      vertex -72.8 -4.5 0
    endloop
  endfacet
  facet normal 0.980779 0.195124 0
    outer loop
      vertex -74.1858 -6.57402 8
      vertex -74.3 -6 0
      vertex -74.3 -6 8
    endloop
  endfacet
  facet normal 0.980779 0.195124 0
    outer loop
      vertex -74.3 -6 0
      vertex -74.1858 -6.57402 8
      vertex -74.1858 -6.57402 0
    endloop
  endfacet
  facet normal 0.55552 0.831503 -0
    outer loop
      vertex -73.374 -7.38582 0
      vertex -73.8607 -7.06066 8
      vertex -73.374 -7.38582 8
    endloop
  endfacet
  facet normal 0.55552 0.831503 0
    outer loop
      vertex -73.8607 -7.06066 8
      vertex -73.374 -7.38582 0
      vertex -73.8607 -7.06066 0
    endloop
  endfacet
  facet normal 0.831517 -0.5555 0
    outer loop
      vertex -74.1858 0.574024 8
      vertex -73.8607 1.06066 0
      vertex -73.8607 1.06066 8
    endloop
  endfacet
  facet normal 0.831517 -0.5555 0
    outer loop
      vertex -73.8607 1.06066 0
      vertex -74.1858 0.574024 8
      vertex -74.1858 0.574024 0
    endloop
  endfacet
  facet normal -0.831517 -0.5555 0
    outer loop
      vertex -71.4142 0.574024 0
      vertex -71.7393 1.06066 8
      vertex -71.7393 1.06066 0
    endloop
  endfacet
  facet normal -0.831517 -0.5555 0
    outer loop
      vertex -71.7393 1.06066 8
      vertex -71.4142 0.574024 0
      vertex -71.4142 0.574024 8
    endloop
  endfacet
  facet normal -0.980779 -0.195122 0
    outer loop
      vertex -71.3 0 0
      vertex -71.4142 0.574024 8
      vertex -71.4142 0.574024 0
    endloop
  endfacet
  facet normal -0.980779 -0.195122 0
    outer loop
      vertex -71.4142 0.574024 8
      vertex -71.3 0 0
      vertex -71.3 0 8
    endloop
  endfacet
  facet normal 0.195097 0.980784 -0
    outer loop
      vertex -72.8 -1.5 0
      vertex -73.374 -1.38582 8
      vertex -72.8 -1.5 8
    endloop
  endfacet
  facet normal 0.195097 0.980784 0
    outer loop
      vertex -73.374 -1.38582 8
      vertex -72.8 -1.5 0
      vertex -73.374 -1.38582 0
    endloop
  endfacet
  facet normal -0.195097 0.980784 0
    outer loop
      vertex -72.226 -1.38582 0
      vertex -72.8 -1.5 8
      vertex -72.226 -1.38582 8
    endloop
  endfacet
  facet normal -0.195097 0.980784 0
    outer loop
      vertex -72.8 -1.5 8
      vertex -72.226 -1.38582 0
      vertex -72.8 -1.5 0
    endloop
  endfacet
  facet normal -0.980779 0.195122 0
    outer loop
      vertex -71.4142 -0.574024 0
      vertex -71.3 0 8
      vertex -71.3 0 0
    endloop
  endfacet
  facet normal -0.980779 0.195122 0
    outer loop
      vertex -71.3 0 8
      vertex -71.4142 -0.574024 0
      vertex -71.4142 -0.574024 8
    endloop
  endfacet
  facet normal -0.831517 0.5555 0
    outer loop
      vertex -71.7393 -1.06066 0
      vertex -71.4142 -0.574024 8
      vertex -71.4142 -0.574024 0
    endloop
  endfacet
  facet normal -0.831517 0.5555 0
    outer loop
      vertex -71.4142 -0.574024 8
      vertex -71.7393 -1.06066 0
      vertex -71.7393 -1.06066 8
    endloop
  endfacet
  facet normal 0.980779 -0.195122 0
    outer loop
      vertex -74.3 0 8
      vertex -74.1858 0.574024 0
      vertex -74.1858 0.574024 8
    endloop
  endfacet
  facet normal 0.980779 -0.195122 0
    outer loop
      vertex -74.1858 0.574024 0
      vertex -74.3 0 8
      vertex -74.3 0 0
    endloop
  endfacet
  facet normal -0.55552 0.831503 0
    outer loop
      vertex -71.7393 -1.06066 0
      vertex -72.226 -1.38582 8
      vertex -71.7393 -1.06066 8
    endloop
  endfacet
  facet normal -0.55552 0.831503 0
    outer loop
      vertex -72.226 -1.38582 8
      vertex -71.7393 -1.06066 0
      vertex -72.226 -1.38582 0
    endloop
  endfacet
  facet normal 0.195097 -0.980784 0
    outer loop
      vertex -73.374 1.38582 0
      vertex -72.8 1.5 8
      vertex -73.374 1.38582 8
    endloop
  endfacet
  facet normal 0.195097 -0.980784 0
    outer loop
      vertex -72.8 1.5 8
      vertex -73.374 1.38582 0
      vertex -72.8 1.5 0
    endloop
  endfacet
  facet normal 0.55552 -0.831503 0
    outer loop
      vertex -73.8607 1.06066 0
      vertex -73.374 1.38582 8
      vertex -73.8607 1.06066 8
    endloop
  endfacet
  facet normal 0.55552 -0.831503 0
    outer loop
      vertex -73.374 1.38582 8
      vertex -73.8607 1.06066 0
      vertex -73.374 1.38582 0
    endloop
  endfacet
  facet normal -0.195097 -0.980784 0
    outer loop
      vertex -72.8 1.5 0
      vertex -72.226 1.38582 8
      vertex -72.8 1.5 8
    endloop
  endfacet
  facet normal -0.195097 -0.980784 -0
    outer loop
      vertex -72.226 1.38582 8
      vertex -72.8 1.5 0
      vertex -72.226 1.38582 0
    endloop
  endfacet
  facet normal -0.55552 -0.831503 0
    outer loop
      vertex -72.226 1.38582 0
      vertex -71.7393 1.06066 8
      vertex -72.226 1.38582 8
    endloop
  endfacet
  facet normal -0.55552 -0.831503 -0
    outer loop
      vertex -71.7393 1.06066 8
      vertex -72.226 1.38582 0
      vertex -71.7393 1.06066 0
    endloop
  endfacet
  facet normal 0.831517 0.5555 0
    outer loop
      vertex -73.8607 -1.06066 8
      vertex -74.1858 -0.574024 0
      vertex -74.1858 -0.574024 8
    endloop
  endfacet
  facet normal 0.831517 0.5555 0
    outer loop
      vertex -74.1858 -0.574024 0
      vertex -73.8607 -1.06066 8
      vertex -73.8607 -1.06066 0
    endloop
  endfacet
  facet normal 0.980779 0.195122 0
    outer loop
      vertex -74.1858 -0.574024 8
      vertex -74.3 0 0
      vertex -74.3 0 8
    endloop
  endfacet
  facet normal 0.980779 0.195122 0
    outer loop
      vertex -74.3 0 0
      vertex -74.1858 -0.574024 8
      vertex -74.1858 -0.574024 0
    endloop
  endfacet
  facet normal 0.55552 0.831503 -0
    outer loop
      vertex -73.374 -1.38582 0
      vertex -73.8607 -1.06066 8
      vertex -73.374 -1.38582 8
    endloop
  endfacet
  facet normal 0.55552 0.831503 0
    outer loop
      vertex -73.8607 -1.06066 8
      vertex -73.374 -1.38582 0
      vertex -73.8607 -1.06066 0
    endloop
  endfacet
  facet normal -0.831519 -0.555496 0
    outer loop
      vertex -71.4142 6.57402 0
      vertex -71.7393 7.06066 8
      vertex -71.7393 7.06066 0
    endloop
  endfacet
  facet normal -0.831519 -0.555496 0
    outer loop
      vertex -71.7393 7.06066 8
      vertex -71.4142 6.57402 0
      vertex -71.4142 6.57402 8
    endloop
  endfacet
  facet normal -0.980779 -0.195124 0
    outer loop
      vertex -71.3 6 0
      vertex -71.4142 6.57402 8
      vertex -71.4142 6.57402 0
    endloop
  endfacet
  facet normal -0.980779 -0.195124 0
    outer loop
      vertex -71.4142 6.57402 8
      vertex -71.3 6 0
      vertex -71.3 6 8
    endloop
  endfacet
  facet normal -0.55552 -0.831503 0
    outer loop
      vertex -72.226 7.38582 0
      vertex -71.7393 7.06066 8
      vertex -72.226 7.38582 8
    endloop
  endfacet
  facet normal -0.55552 -0.831503 -0
    outer loop
      vertex -71.7393 7.06066 8
      vertex -72.226 7.38582 0
      vertex -71.7393 7.06066 0
    endloop
  endfacet
  facet normal -0.831514 0.555504 0
    outer loop
      vertex -71.7393 4.93934 0
      vertex -71.4142 5.42597 8
      vertex -71.4142 5.42597 0
    endloop
  endfacet
  facet normal -0.831514 0.555504 0
    outer loop
      vertex -71.4142 5.42597 8
      vertex -71.7393 4.93934 0
      vertex -71.7393 4.93934 8
    endloop
  endfacet
  facet normal 0.195097 -0.980784 0
    outer loop
      vertex -73.374 7.38582 0
      vertex -72.8 7.5 8
      vertex -73.374 7.38582 8
    endloop
  endfacet
  facet normal 0.195097 -0.980784 0
    outer loop
      vertex -72.8 7.5 8
      vertex -73.374 7.38582 0
      vertex -72.8 7.5 0
    endloop
  endfacet
  facet normal 0.831519 -0.555496 0
    outer loop
      vertex -74.1858 6.57402 8
      vertex -73.8607 7.06066 0
      vertex -73.8607 7.06066 8
    endloop
  endfacet
  facet normal 0.831519 -0.555496 0
    outer loop
      vertex -73.8607 7.06066 0
      vertex -74.1858 6.57402 8
      vertex -74.1858 6.57402 0
    endloop
  endfacet
  facet normal 0.980779 -0.195124 0
    outer loop
      vertex -74.3 6 8
      vertex -74.1858 6.57402 0
      vertex -74.1858 6.57402 8
    endloop
  endfacet
  facet normal 0.980779 -0.195124 0
    outer loop
      vertex -74.1858 6.57402 0
      vertex -74.3 6 8
      vertex -74.3 6 0
    endloop
  endfacet
  facet normal -0.195097 0.980784 0
    outer loop
      vertex -72.226 4.61418 0
      vertex -72.8 4.5 8
      vertex -72.226 4.61418 8
    endloop
  endfacet
  facet normal -0.195097 0.980784 0
    outer loop
      vertex -72.8 4.5 8
      vertex -72.226 4.61418 0
      vertex -72.8 4.5 0
    endloop
  endfacet
  facet normal 0.195097 0.980784 -0
    outer loop
      vertex -72.8 4.5 0
      vertex -73.374 4.61418 8
      vertex -72.8 4.5 8
    endloop
  endfacet
  facet normal 0.195097 0.980784 0
    outer loop
      vertex -73.374 4.61418 8
      vertex -72.8 4.5 0
      vertex -73.374 4.61418 0
    endloop
  endfacet
  facet normal 0.980779 0.19512 0
    outer loop
      vertex -74.1858 5.42597 8
      vertex -74.3 6 0
      vertex -74.3 6 8
    endloop
  endfacet
  facet normal 0.980779 0.19512 0
    outer loop
      vertex -74.3 6 0
      vertex -74.1858 5.42597 8
      vertex -74.1858 5.42597 0
    endloop
  endfacet
  facet normal -0.195097 -0.980784 0
    outer loop
      vertex -72.8 7.5 0
      vertex -72.226 7.38582 8
      vertex -72.8 7.5 8
    endloop
  endfacet
  facet normal -0.195097 -0.980784 -0
    outer loop
      vertex -72.226 7.38582 8
      vertex -72.8 7.5 0
      vertex -72.226 7.38582 0
    endloop
  endfacet
  facet normal -0.980779 0.19512 0
    outer loop
      vertex -71.4142 5.42597 0
      vertex -71.3 6 8
      vertex -71.3 6 0
    endloop
  endfacet
  facet normal -0.980779 0.19512 0
    outer loop
      vertex -71.3 6 8
      vertex -71.4142 5.42597 0
      vertex -71.4142 5.42597 8
    endloop
  endfacet
  facet normal -0.55552 0.831503 0
    outer loop
      vertex -71.7393 4.93934 0
      vertex -72.226 4.61418 8
      vertex -71.7393 4.93934 8
    endloop
  endfacet
  facet normal -0.55552 0.831503 0
    outer loop
      vertex -72.226 4.61418 8
      vertex -71.7393 4.93934 0
      vertex -72.226 4.61418 0
    endloop
  endfacet
  facet normal 0.831514 0.555504 0
    outer loop
      vertex -73.8607 4.93934 8
      vertex -74.1858 5.42597 0
      vertex -74.1858 5.42597 8
    endloop
  endfacet
  facet normal 0.831514 0.555504 0
    outer loop
      vertex -74.1858 5.42597 0
      vertex -73.8607 4.93934 8
      vertex -73.8607 4.93934 0
    endloop
  endfacet
  facet normal 0.55552 -0.831503 0
    outer loop
      vertex -73.8607 7.06066 0
      vertex -73.374 7.38582 8
      vertex -73.8607 7.06066 8
    endloop
  endfacet
  facet normal 0.55552 -0.831503 0
    outer loop
      vertex -73.374 7.38582 8
      vertex -73.8607 7.06066 0
      vertex -73.374 7.38582 0
    endloop
  endfacet
  facet normal 0.55552 0.831503 -0
    outer loop
      vertex -73.374 4.61418 0
      vertex -73.8607 4.93934 8
      vertex -73.374 4.61418 8
    endloop
  endfacet
  facet normal 0.55552 0.831503 0
    outer loop
      vertex -73.8607 4.93934 8
      vertex -73.374 4.61418 0
      vertex -73.8607 4.93934 0
    endloop
  endfacet
  facet normal 0.831514 -0.555504 0
    outer loop
      vertex -68.1858 -5.42597 8
      vertex -67.8607 -4.93934 0
      vertex -67.8607 -4.93934 8
    endloop
  endfacet
  facet normal 0.831514 -0.555504 0
    outer loop
      vertex -67.8607 -4.93934 0
      vertex -68.1858 -5.42597 8
      vertex -68.1858 -5.42597 0
    endloop
  endfacet
  facet normal -0.831514 -0.555504 0
    outer loop
      vertex -65.4142 -5.42597 0
      vertex -65.7393 -4.93934 8
      vertex -65.7393 -4.93934 0
    endloop
  endfacet
  facet normal -0.831514 -0.555504 0
    outer loop
      vertex -65.7393 -4.93934 8
      vertex -65.4142 -5.42597 0
      vertex -65.4142 -5.42597 8
    endloop
  endfacet
  facet normal -0.980779 -0.19512 0
    outer loop
      vertex -65.3 -6 0
      vertex -65.4142 -5.42597 8
      vertex -65.4142 -5.42597 0
    endloop
  endfacet
  facet normal -0.980779 -0.19512 0
    outer loop
      vertex -65.4142 -5.42597 8
      vertex -65.3 -6 0
      vertex -65.3 -6 8
    endloop
  endfacet
  facet normal -0.55552 -0.831503 0
    outer loop
      vertex -66.226 -4.61418 0
      vertex -65.7393 -4.93934 8
      vertex -66.226 -4.61418 8
    endloop
  endfacet
  facet normal -0.55552 -0.831503 -0
    outer loop
      vertex -65.7393 -4.93934 8
      vertex -66.226 -4.61418 0
      vertex -65.7393 -4.93934 0
    endloop
  endfacet
  facet normal -0.831519 0.555496 0
    outer loop
      vertex -65.7393 -7.06066 0
      vertex -65.4142 -6.57402 8
      vertex -65.4142 -6.57402 0
    endloop
  endfacet
  facet normal -0.831519 0.555496 0
    outer loop
      vertex -65.4142 -6.57402 8
      vertex -65.7393 -7.06066 0
      vertex -65.7393 -7.06066 8
    endloop
  endfacet
  facet normal -0.195097 0.980784 0
    outer loop
      vertex -66.226 -7.38582 0
      vertex -66.8 -7.5 8
      vertex -66.226 -7.38582 8
    endloop
  endfacet
  facet normal -0.195097 0.980784 0
    outer loop
      vertex -66.8 -7.5 8
      vertex -66.226 -7.38582 0
      vertex -66.8 -7.5 0
    endloop
  endfacet
  facet normal -0.195097 -0.980784 0
    outer loop
      vertex -66.8 -4.5 0
      vertex -66.226 -4.61418 8
      vertex -66.8 -4.5 8
    endloop
  endfacet
  facet normal -0.195097 -0.980784 -0
    outer loop
      vertex -66.226 -4.61418 8
      vertex -66.8 -4.5 0
      vertex -66.226 -4.61418 0
    endloop
  endfacet
  facet normal -0.980779 0.195124 0
    outer loop
      vertex -65.4142 -6.57402 0
      vertex -65.3 -6 8
      vertex -65.3 -6 0
    endloop
  endfacet
  facet normal -0.980779 0.195124 0
    outer loop
      vertex -65.3 -6 8
      vertex -65.4142 -6.57402 0
      vertex -65.4142 -6.57402 8
    endloop
  endfacet
  facet normal 0.55552 -0.831503 0
    outer loop
      vertex -67.8607 -4.93934 0
      vertex -67.374 -4.61418 8
      vertex -67.8607 -4.93934 8
    endloop
  endfacet
  facet normal 0.55552 -0.831503 0
    outer loop
      vertex -67.374 -4.61418 8
      vertex -67.8607 -4.93934 0
      vertex -67.374 -4.61418 0
    endloop
  endfacet
  facet normal 0.831519 0.555496 0
    outer loop
      vertex -67.8607 -7.06066 8
      vertex -68.1858 -6.57402 0
      vertex -68.1858 -6.57402 8
    endloop
  endfacet
  facet normal 0.831519 0.555496 0
    outer loop
      vertex -68.1858 -6.57402 0
      vertex -67.8607 -7.06066 8
      vertex -67.8607 -7.06066 0
    endloop
  endfacet
  facet normal 0.195097 0.980784 -0
    outer loop
      vertex -66.8 -7.5 0
      vertex -67.374 -7.38582 8
      vertex -66.8 -7.5 8
    endloop
  endfacet
  facet normal 0.195097 0.980784 0
    outer loop
      vertex -67.374 -7.38582 8
      vertex -66.8 -7.5 0
      vertex -67.374 -7.38582 0
    endloop
  endfacet
  facet normal 0.980779 -0.19512 0
    outer loop
      vertex -68.3 -6 8
      vertex -68.1858 -5.42597 0
      vertex -68.1858 -5.42597 8
    endloop
  endfacet
  facet normal 0.980779 -0.19512 0
    outer loop
      vertex -68.1858 -5.42597 0
      vertex -68.3 -6 8
      vertex -68.3 -6 0
    endloop
  endfacet
  facet normal -0.55552 0.831503 0
    outer loop
      vertex -65.7393 -7.06066 0
      vertex -66.226 -7.38582 8
      vertex -65.7393 -7.06066 8
    endloop
  endfacet
  facet normal -0.55552 0.831503 0
    outer loop
      vertex -66.226 -7.38582 8
      vertex -65.7393 -7.06066 0
      vertex -66.226 -7.38582 0
    endloop
  endfacet
  facet normal 0.195097 -0.980784 0
    outer loop
      vertex -67.374 -4.61418 0
      vertex -66.8 -4.5 8
      vertex -67.374 -4.61418 8
    endloop
  endfacet
  facet normal 0.195097 -0.980784 0
    outer loop
      vertex -66.8 -4.5 8
      vertex -67.374 -4.61418 0
      vertex -66.8 -4.5 0
    endloop
  endfacet
  facet normal 0.980779 0.195124 0
    outer loop
      vertex -68.1858 -6.57402 8
      vertex -68.3 -6 0
      vertex -68.3 -6 8
    endloop
  endfacet
  facet normal 0.980779 0.195124 0
    outer loop
      vertex -68.3 -6 0
      vertex -68.1858 -6.57402 8
      vertex -68.1858 -6.57402 0
    endloop
  endfacet
  facet normal 0.55552 0.831503 -0
    outer loop
      vertex -67.374 -7.38582 0
      vertex -67.8607 -7.06066 8
      vertex -67.374 -7.38582 8
    endloop
  endfacet
  facet normal 0.55552 0.831503 0
    outer loop
      vertex -67.8607 -7.06066 8
      vertex -67.374 -7.38582 0
      vertex -67.8607 -7.06066 0
    endloop
  endfacet
  facet normal 0.831517 -0.5555 0
    outer loop
      vertex -68.1858 0.574024 8
      vertex -67.8607 1.06066 0
      vertex -67.8607 1.06066 8
    endloop
  endfacet
  facet normal 0.831517 -0.5555 0
    outer loop
      vertex -67.8607 1.06066 0
      vertex -68.1858 0.574024 8
      vertex -68.1858 0.574024 0
    endloop
  endfacet
  facet normal -0.831517 -0.5555 0
    outer loop
      vertex -65.4142 0.574024 0
      vertex -65.7393 1.06066 8
      vertex -65.7393 1.06066 0
    endloop
  endfacet
  facet normal -0.831517 -0.5555 0
    outer loop
      vertex -65.7393 1.06066 8
      vertex -65.4142 0.574024 0
      vertex -65.4142 0.574024 8
    endloop
  endfacet
  facet normal -0.980779 -0.195122 0
    outer loop
      vertex -65.3 0 0
      vertex -65.4142 0.574024 8
      vertex -65.4142 0.574024 0
    endloop
  endfacet
  facet normal -0.980779 -0.195122 0
    outer loop
      vertex -65.4142 0.574024 8
      vertex -65.3 0 0
      vertex -65.3 0 8
    endloop
  endfacet
  facet normal 0.195097 0.980784 -0
    outer loop
      vertex -66.8 -1.5 0
      vertex -67.374 -1.38582 8
      vertex -66.8 -1.5 8
    endloop
  endfacet
  facet normal 0.195097 0.980784 0
    outer loop
      vertex -67.374 -1.38582 8
      vertex -66.8 -1.5 0
      vertex -67.374 -1.38582 0
    endloop
  endfacet
  facet normal -0.195097 0.980784 0
    outer loop
      vertex -66.226 -1.38582 0
      vertex -66.8 -1.5 8
      vertex -66.226 -1.38582 8
    endloop
  endfacet
  facet normal -0.195097 0.980784 0
    outer loop
      vertex -66.8 -1.5 8
      vertex -66.226 -1.38582 0
      vertex -66.8 -1.5 0
    endloop
  endfacet
  facet normal -0.980779 0.195122 0
    outer loop
      vertex -65.4142 -0.574024 0
      vertex -65.3 0 8
      vertex -65.3 0 0
    endloop
  endfacet
  facet normal -0.980779 0.195122 0
    outer loop
      vertex -65.3 0 8
      vertex -65.4142 -0.574024 0
      vertex -65.4142 -0.574024 8
    endloop
  endfacet
  facet normal -0.831517 0.5555 0
    outer loop
      vertex -65.7393 -1.06066 0
      vertex -65.4142 -0.574024 8
      vertex -65.4142 -0.574024 0
    endloop
  endfacet
  facet normal -0.831517 0.5555 0
    outer loop
      vertex -65.4142 -0.574024 8
      vertex -65.7393 -1.06066 0
      vertex -65.7393 -1.06066 8
    endloop
  endfacet
  facet normal 0.980779 -0.195122 0
    outer loop
      vertex -68.3 0 8
      vertex -68.1858 0.574024 0
      vertex -68.1858 0.574024 8
    endloop
  endfacet
  facet normal 0.980779 -0.195122 0
    outer loop
      vertex -68.1858 0.574024 0
      vertex -68.3 0 8
      vertex -68.3 0 0
    endloop
  endfacet
  facet normal -0.55552 0.831503 0
    outer loop
      vertex -65.7393 -1.06066 0
      vertex -66.226 -1.38582 8
      vertex -65.7393 -1.06066 8
    endloop
  endfacet
  facet normal -0.55552 0.831503 0
    outer loop
      vertex -66.226 -1.38582 8
      vertex -65.7393 -1.06066 0
      vertex -66.226 -1.38582 0
    endloop
  endfacet
  facet normal 0.195097 -0.980784 0
    outer loop
      vertex -67.374 1.38582 0
      vertex -66.8 1.5 8
      vertex -67.374 1.38582 8
    endloop
  endfacet
  facet normal 0.195097 -0.980784 0
    outer loop
      vertex -66.8 1.5 8
      vertex -67.374 1.38582 0
      vertex -66.8 1.5 0
    endloop
  endfacet
  facet normal 0.55552 -0.831503 0
    outer loop
      vertex -67.8607 1.06066 0
      vertex -67.374 1.38582 8
      vertex -67.8607 1.06066 8
    endloop
  endfacet
  facet normal 0.55552 -0.831503 0
    outer loop
      vertex -67.374 1.38582 8
      vertex -67.8607 1.06066 0
      vertex -67.374 1.38582 0
    endloop
  endfacet
  facet normal -0.195097 -0.980784 0
    outer loop
      vertex -66.8 1.5 0
      vertex -66.226 1.38582 8
      vertex -66.8 1.5 8
    endloop
  endfacet
  facet normal -0.195097 -0.980784 -0
    outer loop
      vertex -66.226 1.38582 8
      vertex -66.8 1.5 0
      vertex -66.226 1.38582 0
    endloop
  endfacet
  facet normal -0.55552 -0.831503 0
    outer loop
      vertex -66.226 1.38582 0
      vertex -65.7393 1.06066 8
      vertex -66.226 1.38582 8
    endloop
  endfacet
  facet normal -0.55552 -0.831503 -0
    outer loop
      vertex -65.7393 1.06066 8
      vertex -66.226 1.38582 0
      vertex -65.7393 1.06066 0
    endloop
  endfacet
  facet normal 0.831517 0.5555 0
    outer loop
      vertex -67.8607 -1.06066 8
      vertex -68.1858 -0.574024 0
      vertex -68.1858 -0.574024 8
    endloop
  endfacet
  facet normal 0.831517 0.5555 0
    outer loop
      vertex -68.1858 -0.574024 0
      vertex -67.8607 -1.06066 8
      vertex -67.8607 -1.06066 0
    endloop
  endfacet
  facet normal 0.980779 0.195122 0
    outer loop
      vertex -68.1858 -0.574024 8
      vertex -68.3 0 0
      vertex -68.3 0 8
    endloop
  endfacet
  facet normal 0.980779 0.195122 0
    outer loop
      vertex -68.3 0 0
      vertex -68.1858 -0.574024 8
      vertex -68.1858 -0.574024 0
    endloop
  endfacet
  facet normal 0.55552 0.831503 -0
    outer loop
      vertex -67.374 -1.38582 0
      vertex -67.8607 -1.06066 8
      vertex -67.374 -1.38582 8
    endloop
  endfacet
  facet normal 0.55552 0.831503 0
    outer loop
      vertex -67.8607 -1.06066 8
      vertex -67.374 -1.38582 0
      vertex -67.8607 -1.06066 0
    endloop
  endfacet
  facet normal -0.831519 -0.555496 0
    outer loop
      vertex -65.4142 6.57402 0
      vertex -65.7393 7.06066 8
      vertex -65.7393 7.06066 0
    endloop
  endfacet
  facet normal -0.831519 -0.555496 0
    outer loop
      vertex -65.7393 7.06066 8
      vertex -65.4142 6.57402 0
      vertex -65.4142 6.57402 8
    endloop
  endfacet
  facet normal -0.980779 -0.195124 0
    outer loop
      vertex -65.3 6 0
      vertex -65.4142 6.57402 8
      vertex -65.4142 6.57402 0
    endloop
  endfacet
  facet normal -0.980779 -0.195124 0
    outer loop
      vertex -65.4142 6.57402 8
      vertex -65.3 6 0
      vertex -65.3 6 8
    endloop
  endfacet
  facet normal -0.55552 -0.831503 0
    outer loop
      vertex -66.226 7.38582 0
      vertex -65.7393 7.06066 8
      vertex -66.226 7.38582 8
    endloop
  endfacet
  facet normal -0.55552 -0.831503 -0
    outer loop
      vertex -65.7393 7.06066 8
      vertex -66.226 7.38582 0
      vertex -65.7393 7.06066 0
    endloop
  endfacet
  facet normal -0.831514 0.555504 0
    outer loop
      vertex -65.7393 4.93934 0
      vertex -65.4142 5.42597 8
      vertex -65.4142 5.42597 0
    endloop
  endfacet
  facet normal -0.831514 0.555504 0
    outer loop
      vertex -65.4142 5.42597 8
      vertex -65.7393 4.93934 0
      vertex -65.7393 4.93934 8
    endloop
  endfacet
  facet normal 0.195097 -0.980784 0
    outer loop
      vertex -67.374 7.38582 0
      vertex -66.8 7.5 8
      vertex -67.374 7.38582 8
    endloop
  endfacet
  facet normal 0.195097 -0.980784 0
    outer loop
      vertex -66.8 7.5 8
      vertex -67.374 7.38582 0
      vertex -66.8 7.5 0
    endloop
  endfacet
  facet normal 0.831519 -0.555496 0
    outer loop
      vertex -68.1858 6.57402 8
      vertex -67.8607 7.06066 0
      vertex -67.8607 7.06066 8
    endloop
  endfacet
  facet normal 0.831519 -0.555496 0
    outer loop
      vertex -67.8607 7.06066 0
      vertex -68.1858 6.57402 8
      vertex -68.1858 6.57402 0
    endloop
  endfacet
  facet normal 0.980779 -0.195124 0
    outer loop
      vertex -68.3 6 8
      vertex -68.1858 6.57402 0
      vertex -68.1858 6.57402 8
    endloop
  endfacet
  facet normal 0.980779 -0.195124 0
    outer loop
      vertex -68.1858 6.57402 0
      vertex -68.3 6 8
      vertex -68.3 6 0
    endloop
  endfacet
  facet normal -0.195097 0.980784 0
    outer loop
      vertex -66.226 4.61418 0
      vertex -66.8 4.5 8
      vertex -66.226 4.61418 8
    endloop
  endfacet
  facet normal -0.195097 0.980784 0
    outer loop
      vertex -66.8 4.5 8
      vertex -66.226 4.61418 0
      vertex -66.8 4.5 0
    endloop
  endfacet
  facet normal 0.195097 0.980784 -0
    outer loop
      vertex -66.8 4.5 0
      vertex -67.374 4.61418 8
      vertex -66.8 4.5 8
    endloop
  endfacet
  facet normal 0.195097 0.980784 0
    outer loop
      vertex -67.374 4.61418 8
      vertex -66.8 4.5 0
      vertex -67.374 4.61418 0
    endloop
  endfacet
  facet normal 0.980779 0.19512 0
    outer loop
      vertex -68.1858 5.42597 8
      vertex -68.3 6 0
      vertex -68.3 6 8
    endloop
  endfacet
  facet normal 0.980779 0.19512 0
    outer loop
      vertex -68.3 6 0
      vertex -68.1858 5.42597 8
      vertex -68.1858 5.42597 0
    endloop
  endfacet
  facet normal -0.195097 -0.980784 0
    outer loop
      vertex -66.8 7.5 0
      vertex -66.226 7.38582 8
      vertex -66.8 7.5 8
    endloop
  endfacet
  facet normal -0.195097 -0.980784 -0
    outer loop
      vertex -66.226 7.38582 8
      vertex -66.8 7.5 0
      vertex -66.226 7.38582 0
    endloop
  endfacet
  facet normal -0.980779 0.19512 0
    outer loop
      vertex -65.4142 5.42597 0
      vertex -65.3 6 8
      vertex -65.3 6 0
    endloop
  endfacet
  facet normal -0.980779 0.19512 0
    outer loop
      vertex -65.3 6 8
      vertex -65.4142 5.42597 0
      vertex -65.4142 5.42597 8
    endloop
  endfacet
  facet normal -0.55552 0.831503 0
    outer loop
      vertex -65.7393 4.93934 0
      vertex -66.226 4.61418 8
      vertex -65.7393 4.93934 8
    endloop
  endfacet
  facet normal -0.55552 0.831503 0
    outer loop
      vertex -66.226 4.61418 8
      vertex -65.7393 4.93934 0
      vertex -66.226 4.61418 0
    endloop
  endfacet
  facet normal 0.831514 0.555504 0
    outer loop
      vertex -67.8607 4.93934 8
      vertex -68.1858 5.42597 0
      vertex -68.1858 5.42597 8
    endloop
  endfacet
  facet normal 0.831514 0.555504 0
    outer loop
      vertex -68.1858 5.42597 0
      vertex -67.8607 4.93934 8
      vertex -67.8607 4.93934 0
    endloop
  endfacet
  facet normal 0.55552 -0.831503 0
    outer loop
      vertex -67.8607 7.06066 0
      vertex -67.374 7.38582 8
      vertex -67.8607 7.06066 8
    endloop
  endfacet
  facet normal 0.55552 -0.831503 0
    outer loop
      vertex -67.374 7.38582 8
      vertex -67.8607 7.06066 0
      vertex -67.374 7.38582 0
    endloop
  endfacet
  facet normal 0.55552 0.831503 -0
    outer loop
      vertex -67.374 4.61418 0
      vertex -67.8607 4.93934 8
      vertex -67.374 4.61418 8
    endloop
  endfacet
  facet normal 0.55552 0.831503 0
    outer loop
      vertex -67.8607 4.93934 8
      vertex -67.374 4.61418 0
      vertex -67.8607 4.93934 0
    endloop
  endfacet
  facet normal 0 0 1
    outer loop
      vertex -91.8607 -1.06066 8
      vertex -95.7393 -1.06066 8
      vertex -91.8607 -4.93934 8
    endloop
  endfacet
  facet normal 0 0 1
    outer loop
      vertex -91.8607 -4.93934 8
      vertex -95.4142 -5.42597 8
      vertex -95.3 -6 8
    endloop
  endfacet
  facet normal 0 0 1
    outer loop
      vertex -95.7393 -4.93934 8
      vertex -91.8607 -4.93934 8
      vertex -95.7393 -1.06066 8
    endloop
  endfacet
  facet normal 0 0 1
    outer loop
      vertex -91.8607 -4.93934 8
      vertex -95.7393 -4.93934 8
      vertex -95.4142 -5.42597 8
    endloop
  endfacet
  facet normal -0 0 1
    outer loop
      vertex -96.226 -1.38582 8
      vertex -95.7393 -4.93934 8
      vertex -95.7393 -1.06066 8
    endloop
  endfacet
  facet normal 0 0 1
    outer loop
      vertex -96.226 -1.38582 8
      vertex -96.226 -4.61418 8
      vertex -95.7393 -4.93934 8
    endloop
  endfacet
  facet normal -0 0 1
    outer loop
      vertex -96.8 -1.5 8
      vertex -96.226 -4.61418 8
      vertex -96.226 -1.38582 8
    endloop
  endfacet
  facet normal 0 0 1
    outer loop
      vertex -96.8 -1.5 8
      vertex -96.8 -4.5 8
      vertex -96.226 -4.61418 8
    endloop
  endfacet
  facet normal 0 0 1
    outer loop
      vertex -97.374 -1.38582 8
      vertex -96.8 -4.5 8
      vertex -96.8 -1.5 8
    endloop
  endfacet
  facet normal 0 0 1
    outer loop
      vertex -97.374 -1.38582 8
      vertex -97.374 -4.61418 8
      vertex -96.8 -4.5 8
    endloop
  endfacet
  facet normal 0 0 1
    outer loop
      vertex -97.8607 -1.06066 8
      vertex -97.374 -4.61418 8
      vertex -97.374 -1.38582 8
    endloop
  endfacet
  facet normal 0 0 1
    outer loop
      vertex -97.8607 -1.06066 8
      vertex -97.8607 -4.93934 8
      vertex -97.374 -4.61418 8
    endloop
  endfacet
  facet normal 0 0 1
    outer loop
      vertex -98.1858 -0.574024 8
      vertex -97.8607 -4.93934 8
      vertex -97.8607 -1.06066 8
    endloop
  endfacet
  facet normal 0 0 1
    outer loop
      vertex -98.1858 -0.574024 8
      vertex -98.1858 -5.42597 8
      vertex -97.8607 -4.93934 8
    endloop
  endfacet
  facet normal 0 0 1
    outer loop
      vertex -104.8 -12.4 8
      vertex -98.1858 -0.574024 8
      vertex -98.3 0 8
    endloop
  endfacet
  facet normal 0 0 1
    outer loop
      vertex -98.1858 -0.574024 8
      vertex -104.8 -12.4 8
      vertex -98.1858 -5.42597 8
    endloop
  endfacet
  facet normal 0 0 1
    outer loop
      vertex -91.8607 4.93934 8
      vertex -95.7393 4.93934 8
      vertex -91.8607 1.06066 8
    endloop
  endfacet
  facet normal 0 0 1
    outer loop
      vertex -91.8607 1.06066 8
      vertex -95.4142 0.574024 8
      vertex -95.3 0 8
    endloop
  endfacet
  facet normal 0 0 1
    outer loop
      vertex -95.7393 1.06066 8
      vertex -91.8607 1.06066 8
      vertex -95.7393 4.93934 8
    endloop
  endfacet
  facet normal 0 0 1
    outer loop
      vertex -91.8607 1.06066 8
      vertex -95.7393 1.06066 8
      vertex -95.4142 0.574024 8
    endloop
  endfacet
  facet normal -0 0 1
    outer loop
      vertex -96.226 4.61418 8
      vertex -95.7393 1.06066 8
      vertex -95.7393 4.93934 8
    endloop
  endfacet
  facet normal 0 0 1
    outer loop
      vertex -96.226 4.61418 8
      vertex -96.226 1.38582 8
      vertex -95.7393 1.06066 8
    endloop
  endfacet
  facet normal -0 0 1
    outer loop
      vertex -96.8 4.5 8
      vertex -96.226 1.38582 8
      vertex -96.226 4.61418 8
    endloop
  endfacet
  facet normal 0 0 1
    outer loop
      vertex -96.8 4.5 8
      vertex -96.8 1.5 8
      vertex -96.226 1.38582 8
    endloop
  endfacet
  facet normal 0 0 1
    outer loop
      vertex -97.374 4.61418 8
      vertex -96.8 1.5 8
      vertex -96.8 4.5 8
    endloop
  endfacet
  facet normal 0 0 1
    outer loop
      vertex -97.374 4.61418 8
      vertex -97.374 1.38582 8
      vertex -96.8 1.5 8
    endloop
  endfacet
  facet normal 0 0 1
    outer loop
      vertex -97.8607 4.93934 8
      vertex -97.374 1.38582 8
      vertex -97.374 4.61418 8
    endloop
  endfacet
  facet normal 0 0 1
    outer loop
      vertex -97.8607 4.93934 8
      vertex -97.8607 1.06066 8
      vertex -97.374 1.38582 8
    endloop
  endfacet
  facet normal 0 0 1
    outer loop
      vertex -98.1858 5.42597 8
      vertex -97.8607 1.06066 8
      vertex -97.8607 4.93934 8
    endloop
  endfacet
  facet normal 0 0 1
    outer loop
      vertex -98.1858 5.42597 8
      vertex -98.1858 0.574024 8
      vertex -97.8607 1.06066 8
    endloop
  endfacet
  facet normal 0 0 1
    outer loop
      vertex -104.8 12.4 8
      vertex -98.1858 5.42597 8
      vertex -98.3 6 8
    endloop
  endfacet
  facet normal 0 0 1
    outer loop
      vertex -98.1858 5.42597 8
      vertex -104.8 12.4 8
      vertex -98.1858 0.574024 8
    endloop
  endfacet
  facet normal 0 0 1
    outer loop
      vertex -85.8607 -1.06066 8
      vertex -89.7393 -1.06066 8
      vertex -85.8607 -4.93934 8
    endloop
  endfacet
  facet normal 0 0 1
    outer loop
      vertex -85.8607 -4.93934 8
      vertex -89.4142 -5.42597 8
      vertex -89.3 -6 8
    endloop
  endfacet
  facet normal 0 0 1
    outer loop
      vertex -89.7393 -4.93934 8
      vertex -85.8607 -4.93934 8
      vertex -89.7393 -1.06066 8
    endloop
  endfacet
  facet normal 0 0 1
    outer loop
      vertex -85.8607 -4.93934 8
      vertex -89.7393 -4.93934 8
      vertex -89.4142 -5.42597 8
    endloop
  endfacet
  facet normal -0 0 1
    outer loop
      vertex -90.226 -1.38582 8
      vertex -89.7393 -4.93934 8
      vertex -89.7393 -1.06066 8
    endloop
  endfacet
  facet normal 0 0 1
    outer loop
      vertex -90.226 -1.38582 8
      vertex -90.226 -4.61418 8
      vertex -89.7393 -4.93934 8
    endloop
  endfacet
  facet normal -0 0 1
    outer loop
      vertex -90.8 -1.5 8
      vertex -90.226 -4.61418 8
      vertex -90.226 -1.38582 8
    endloop
  endfacet
  facet normal 0 0 1
    outer loop
      vertex -90.8 -1.5 8
      vertex -90.8 -4.5 8
      vertex -90.226 -4.61418 8
    endloop
  endfacet
  facet normal 0 0 1
    outer loop
      vertex -91.374 -1.38582 8
      vertex -90.8 -4.5 8
      vertex -90.8 -1.5 8
    endloop
  endfacet
  facet normal 0 0 1
    outer loop
      vertex -91.374 -1.38582 8
      vertex -91.374 -4.61418 8
      vertex -90.8 -4.5 8
    endloop
  endfacet
  facet normal 0 0 1
    outer loop
      vertex -91.8607 -1.06066 8
      vertex -91.374 -4.61418 8
      vertex -91.374 -1.38582 8
    endloop
  endfacet
  facet normal 0 0 1
    outer loop
      vertex -91.8607 -1.06066 8
      vertex -91.8607 -4.93934 8
      vertex -91.374 -4.61418 8
    endloop
  endfacet
  facet normal 0 0 1
    outer loop
      vertex -95.4142 -0.574024 8
      vertex -92.1858 -0.574024 8
      vertex -95.3 0 8
    endloop
  endfacet
  facet normal 0 0 1
    outer loop
      vertex -92.1858 -0.574024 8
      vertex -95.4142 -0.574024 8
      vertex -91.8607 -1.06066 8
    endloop
  endfacet
  facet normal -0 0 1
    outer loop
      vertex -95.3 0 8
      vertex -92.1858 -0.574024 8
      vertex -92.3 0 8
    endloop
  endfacet
  facet normal 0 0 1
    outer loop
      vertex -95.7393 -1.06066 8
      vertex -91.8607 -1.06066 8
      vertex -95.4142 -0.574024 8
    endloop
  endfacet
  facet normal 0 0 1
    outer loop
      vertex -85.8607 4.93934 8
      vertex -89.7393 4.93934 8
      vertex -85.8607 1.06066 8
    endloop
  endfacet
  facet normal 0 0 1
    outer loop
      vertex -85.8607 1.06066 8
      vertex -89.4142 0.574024 8
      vertex -89.3 0 8
    endloop
  endfacet
  facet normal 0 0 1
    outer loop
      vertex -89.7393 1.06066 8
      vertex -85.8607 1.06066 8
      vertex -89.7393 4.93934 8
    endloop
  endfacet
  facet normal 0 0 1
    outer loop
      vertex -85.8607 1.06066 8
      vertex -89.7393 1.06066 8
      vertex -89.4142 0.574024 8
    endloop
  endfacet
  facet normal -0 0 1
    outer loop
      vertex -90.226 4.61418 8
      vertex -89.7393 1.06066 8
      vertex -89.7393 4.93934 8
    endloop
  endfacet
  facet normal 0 0 1
    outer loop
      vertex -90.226 4.61418 8
      vertex -90.226 1.38582 8
      vertex -89.7393 1.06066 8
    endloop
  endfacet
  facet normal -0 0 1
    outer loop
      vertex -90.8 4.5 8
      vertex -90.226 1.38582 8
      vertex -90.226 4.61418 8
    endloop
  endfacet
  facet normal 0 0 1
    outer loop
      vertex -90.8 4.5 8
      vertex -90.8 1.5 8
      vertex -90.226 1.38582 8
    endloop
  endfacet
  facet normal 0 0 1
    outer loop
      vertex -91.374 4.61418 8
      vertex -90.8 1.5 8
      vertex -90.8 4.5 8
    endloop
  endfacet
  facet normal 0 0 1
    outer loop
      vertex -91.374 4.61418 8
      vertex -91.374 1.38582 8
      vertex -90.8 1.5 8
    endloop
  endfacet
  facet normal 0 0 1
    outer loop
      vertex -91.8607 4.93934 8
      vertex -91.374 1.38582 8
      vertex -91.374 4.61418 8
    endloop
  endfacet
  facet normal 0 0 1
    outer loop
      vertex -91.8607 4.93934 8
      vertex -91.8607 1.06066 8
      vertex -91.374 1.38582 8
    endloop
  endfacet
  facet normal 0 0 1
    outer loop
      vertex -95.4142 5.42597 8
      vertex -92.1858 5.42597 8
      vertex -95.3 6 8
    endloop
  endfacet
  facet normal 0 0 1
    outer loop
      vertex -92.1858 5.42597 8
      vertex -95.4142 5.42597 8
      vertex -91.8607 4.93934 8
    endloop
  endfacet
  facet normal -0 0 1
    outer loop
      vertex -95.3 6 8
      vertex -92.1858 5.42597 8
      vertex -92.3 6 8
    endloop
  endfacet
  facet normal 0 0 1
    outer loop
      vertex -95.7393 4.93934 8
      vertex -91.8607 4.93934 8
      vertex -95.4142 5.42597 8
    endloop
  endfacet
  facet normal 0 0 1
    outer loop
      vertex -79.8607 -1.06066 8
      vertex -83.7393 -1.06066 8
      vertex -79.8607 -4.93934 8
    endloop
  endfacet
  facet normal 0 0 1
    outer loop
      vertex -79.8607 -4.93934 8
      vertex -83.4142 -5.42597 8
      vertex -83.3 -6 8
    endloop
  endfacet
  facet normal 0 0 1
    outer loop
      vertex -83.7393 -4.93934 8
      vertex -79.8607 -4.93934 8
      vertex -83.7393 -1.06066 8
    endloop
  endfacet
  facet normal 0 0 1
    outer loop
      vertex -79.8607 -4.93934 8
      vertex -83.7393 -4.93934 8
      vertex -83.4142 -5.42597 8
    endloop
  endfacet
  facet normal -0 0 1
    outer loop
      vertex -84.226 -1.38582 8
      vertex -83.7393 -4.93934 8
      vertex -83.7393 -1.06066 8
    endloop
  endfacet
  facet normal 0 0 1
    outer loop
      vertex -84.226 -1.38582 8
      vertex -84.226 -4.61418 8
      vertex -83.7393 -4.93934 8
    endloop
  endfacet
  facet normal -0 0 1
    outer loop
      vertex -84.8 -1.5 8
      vertex -84.226 -4.61418 8
      vertex -84.226 -1.38582 8
    endloop
  endfacet
  facet normal 0 0 1
    outer loop
      vertex -84.8 -1.5 8
      vertex -84.8 -4.5 8
      vertex -84.226 -4.61418 8
    endloop
  endfacet
  facet normal 0 0 1
    outer loop
      vertex -85.374 -1.38582 8
      vertex -84.8 -4.5 8
      vertex -84.8 -1.5 8
    endloop
  endfacet
  facet normal 0 0 1
    outer loop
      vertex -85.374 -1.38582 8
      vertex -85.374 -4.61418 8
      vertex -84.8 -4.5 8
    endloop
  endfacet
  facet normal 0 0 1
    outer loop
      vertex -85.8607 -1.06066 8
      vertex -85.374 -4.61418 8
      vertex -85.374 -1.38582 8
    endloop
  endfacet
  facet normal 0 0 1
    outer loop
      vertex -85.8607 -1.06066 8
      vertex -85.8607 -4.93934 8
      vertex -85.374 -4.61418 8
    endloop
  endfacet
  facet normal 0 0 1
    outer loop
      vertex -89.4142 -0.574024 8
      vertex -86.1858 -0.574024 8
      vertex -89.3 0 8
    endloop
  endfacet
  facet normal 0 0 1
    outer loop
      vertex -86.1858 -0.574024 8
      vertex -89.4142 -0.574024 8
      vertex -85.8607 -1.06066 8
    endloop
  endfacet
  facet normal -0 0 1
    outer loop
      vertex -89.3 0 8
      vertex -86.1858 -0.574024 8
      vertex -86.3 0 8
    endloop
  endfacet
  facet normal 0 0 1
    outer loop
      vertex -89.7393 -1.06066 8
      vertex -85.8607 -1.06066 8
      vertex -89.4142 -0.574024 8
    endloop
  endfacet
  facet normal 0 0 1
    outer loop
      vertex -79.8607 4.93934 8
      vertex -83.7393 4.93934 8
      vertex -79.8607 1.06066 8
    endloop
  endfacet
  facet normal 0 0 1
    outer loop
      vertex -79.8607 1.06066 8
      vertex -83.4142 0.574024 8
      vertex -83.3 0 8
    endloop
  endfacet
  facet normal 0 0 1
    outer loop
      vertex -83.7393 1.06066 8
      vertex -79.8607 1.06066 8
      vertex -83.7393 4.93934 8
    endloop
  endfacet
  facet normal 0 0 1
    outer loop
      vertex -79.8607 1.06066 8
      vertex -83.7393 1.06066 8
      vertex -83.4142 0.574024 8
    endloop
  endfacet
  facet normal -0 0 1
    outer loop
      vertex -84.226 4.61418 8
      vertex -83.7393 1.06066 8
      vertex -83.7393 4.93934 8
    endloop
  endfacet
  facet normal 0 0 1
    outer loop
      vertex -84.226 4.61418 8
      vertex -84.226 1.38582 8
      vertex -83.7393 1.06066 8
    endloop
  endfacet
  facet normal -0 0 1
    outer loop
      vertex -84.8 4.5 8
      vertex -84.226 1.38582 8
      vertex -84.226 4.61418 8
    endloop
  endfacet
  facet normal 0 0 1
    outer loop
      vertex -84.8 4.5 8
      vertex -84.8 1.5 8
      vertex -84.226 1.38582 8
    endloop
  endfacet
  facet normal 0 0 1
    outer loop
      vertex -85.374 4.61418 8
      vertex -84.8 1.5 8
      vertex -84.8 4.5 8
    endloop
  endfacet
  facet normal 0 0 1
    outer loop
      vertex -85.374 4.61418 8
      vertex -85.374 1.38582 8
      vertex -84.8 1.5 8
    endloop
  endfacet
  facet normal 0 0 1
    outer loop
      vertex -85.8607 4.93934 8
      vertex -85.374 1.38582 8
      vertex -85.374 4.61418 8
    endloop
  endfacet
  facet normal 0 0 1
    outer loop
      vertex -85.8607 4.93934 8
      vertex -85.8607 1.06066 8
      vertex -85.374 1.38582 8
    endloop
  endfacet
  facet normal 0 0 1
    outer loop
      vertex -89.4142 5.42597 8
      vertex -86.1858 5.42597 8
      vertex -89.3 6 8
    endloop
  endfacet
  facet normal 0 0 1
    outer loop
      vertex -86.1858 5.42597 8
      vertex -89.4142 5.42597 8
      vertex -85.8607 4.93934 8
    endloop
  endfacet
  facet normal -0 0 1
    outer loop
      vertex -89.3 6 8
      vertex -86.1858 5.42597 8
      vertex -86.3 6 8
    endloop
  endfacet
  facet normal 0 0 1
    outer loop
      vertex -89.7393 4.93934 8
      vertex -85.8607 4.93934 8
      vertex -89.4142 5.42597 8
    endloop
  endfacet
  facet normal 0 0 1
    outer loop
      vertex -73.8607 -1.06066 8
      vertex -77.7393 -1.06066 8
      vertex -73.8607 -4.93934 8
    endloop
  endfacet
  facet normal 0 0 1
    outer loop
      vertex -73.8607 -4.93934 8
      vertex -77.4142 -5.42597 8
      vertex -77.3 -6 8
    endloop
  endfacet
  facet normal 0 0 1
    outer loop
      vertex -77.7393 -4.93934 8
      vertex -73.8607 -4.93934 8
      vertex -77.7393 -1.06066 8
    endloop
  endfacet
  facet normal 0 0 1
    outer loop
      vertex -73.8607 -4.93934 8
      vertex -77.7393 -4.93934 8
      vertex -77.4142 -5.42597 8
    endloop
  endfacet
  facet normal -0 0 1
    outer loop
      vertex -78.226 -1.38582 8
      vertex -77.7393 -4.93934 8
      vertex -77.7393 -1.06066 8
    endloop
  endfacet
  facet normal 0 0 1
    outer loop
      vertex -78.226 -1.38582 8
      vertex -78.226 -4.61418 8
      vertex -77.7393 -4.93934 8
    endloop
  endfacet
  facet normal -0 0 1
    outer loop
      vertex -78.8 -1.5 8
      vertex -78.226 -4.61418 8
      vertex -78.226 -1.38582 8
    endloop
  endfacet
  facet normal 0 0 1
    outer loop
      vertex -78.8 -1.5 8
      vertex -78.8 -4.5 8
      vertex -78.226 -4.61418 8
    endloop
  endfacet
  facet normal 0 0 1
    outer loop
      vertex -79.374 -1.38582 8
      vertex -78.8 -4.5 8
      vertex -78.8 -1.5 8
    endloop
  endfacet
  facet normal 0 0 1
    outer loop
      vertex -79.374 -1.38582 8
      vertex -79.374 -4.61418 8
      vertex -78.8 -4.5 8
    endloop
  endfacet
  facet normal 0 0 1
    outer loop
      vertex -79.8607 -1.06066 8
      vertex -79.374 -4.61418 8
      vertex -79.374 -1.38582 8
    endloop
  endfacet
  facet normal 0 0 1
    outer loop
      vertex -79.8607 -1.06066 8
      vertex -79.8607 -4.93934 8
      vertex -79.374 -4.61418 8
    endloop
  endfacet
  facet normal 0 0 1
    outer loop
      vertex -83.4142 -0.574024 8
      vertex -80.1858 -0.574024 8
      vertex -83.3 0 8
    endloop
  endfacet
  facet normal 0 0 1
    outer loop
      vertex -80.1858 -0.574024 8
      vertex -83.4142 -0.574024 8
      vertex -79.8607 -1.06066 8
    endloop
  endfacet
  facet normal -0 0 1
    outer loop
      vertex -83.3 0 8
      vertex -80.1858 -0.574024 8
      vertex -80.3 0 8
    endloop
  endfacet
  facet normal 0 0 1
    outer loop
      vertex -83.7393 -1.06066 8
      vertex -79.8607 -1.06066 8
      vertex -83.4142 -0.574024 8
    endloop
  endfacet
  facet normal 0 0 1
    outer loop
      vertex -73.8607 4.93934 8
      vertex -77.7393 4.93934 8
      vertex -73.8607 1.06066 8
    endloop
  endfacet
  facet normal 0 0 1
    outer loop
      vertex -73.8607 1.06066 8
      vertex -77.4142 0.574024 8
      vertex -77.3 0 8
    endloop
  endfacet
  facet normal 0 0 1
    outer loop
      vertex -77.7393 1.06066 8
      vertex -73.8607 1.06066 8
      vertex -77.7393 4.93934 8
    endloop
  endfacet
  facet normal 0 0 1
    outer loop
      vertex -73.8607 1.06066 8
      vertex -77.7393 1.06066 8
      vertex -77.4142 0.574024 8
    endloop
  endfacet
  facet normal -0 0 1
    outer loop
      vertex -78.226 4.61418 8
      vertex -77.7393 1.06066 8
      vertex -77.7393 4.93934 8
    endloop
  endfacet
  facet normal 0 0 1
    outer loop
      vertex -78.226 4.61418 8
      vertex -78.226 1.38582 8
      vertex -77.7393 1.06066 8
    endloop
  endfacet
  facet normal -0 0 1
    outer loop
      vertex -78.8 4.5 8
      vertex -78.226 1.38582 8
      vertex -78.226 4.61418 8
    endloop
  endfacet
  facet normal 0 0 1
    outer loop
      vertex -78.8 4.5 8
      vertex -78.8 1.5 8
      vertex -78.226 1.38582 8
    endloop
  endfacet
  facet normal 0 0 1
    outer loop
      vertex -79.374 4.61418 8
      vertex -78.8 1.5 8
      vertex -78.8 4.5 8
    endloop
  endfacet
  facet normal 0 0 1
    outer loop
      vertex -79.374 4.61418 8
      vertex -79.374 1.38582 8
      vertex -78.8 1.5 8
    endloop
  endfacet
  facet normal 0 0 1
    outer loop
      vertex -79.8607 4.93934 8
      vertex -79.374 1.38582 8
      vertex -79.374 4.61418 8
    endloop
  endfacet
  facet normal 0 0 1
    outer loop
      vertex -79.8607 4.93934 8
      vertex -79.8607 1.06066 8
      vertex -79.374 1.38582 8
    endloop
  endfacet
  facet normal 0 0 1
    outer loop
      vertex -83.4142 5.42597 8
      vertex -80.1858 5.42597 8
      vertex -83.3 6 8
    endloop
  endfacet
  facet normal 0 0 1
    outer loop
      vertex -80.1858 5.42597 8
      vertex -83.4142 5.42597 8
      vertex -79.8607 4.93934 8
    endloop
  endfacet
  facet normal -0 0 1
    outer loop
      vertex -83.3 6 8
      vertex -80.1858 5.42597 8
      vertex -80.3 6 8
    endloop
  endfacet
  facet normal 0 0 1
    outer loop
      vertex -83.7393 4.93934 8
      vertex -79.8607 4.93934 8
      vertex -83.4142 5.42597 8
    endloop
  endfacet
  facet normal 0 0 1
    outer loop
      vertex -67.8607 -1.06066 8
      vertex -71.7393 -1.06066 8
      vertex -67.8607 -4.93934 8
    endloop
  endfacet
  facet normal 0 0 1
    outer loop
      vertex -67.8607 -4.93934 8
      vertex -71.4142 -5.42597 8
      vertex -71.3 -6 8
    endloop
  endfacet
  facet normal 0 0 1
    outer loop
      vertex -71.7393 -4.93934 8
      vertex -67.8607 -4.93934 8
      vertex -71.7393 -1.06066 8
    endloop
  endfacet
  facet normal 0 0 1
    outer loop
      vertex -67.8607 -4.93934 8
      vertex -71.7393 -4.93934 8
      vertex -71.4142 -5.42597 8
    endloop
  endfacet
  facet normal -0 0 1
    outer loop
      vertex -72.226 -1.38582 8
      vertex -71.7393 -4.93934 8
      vertex -71.7393 -1.06066 8
    endloop
  endfacet
  facet normal 0 0 1
    outer loop
      vertex -72.226 -1.38582 8
      vertex -72.226 -4.61418 8
      vertex -71.7393 -4.93934 8
    endloop
  endfacet
  facet normal -0 0 1
    outer loop
      vertex -72.8 -1.5 8
      vertex -72.226 -4.61418 8
      vertex -72.226 -1.38582 8
    endloop
  endfacet
  facet normal 0 0 1
    outer loop
      vertex -72.8 -1.5 8
      vertex -72.8 -4.5 8
      vertex -72.226 -4.61418 8
    endloop
  endfacet
  facet normal 0 0 1
    outer loop
      vertex -73.374 -1.38582 8
      vertex -72.8 -4.5 8
      vertex -72.8 -1.5 8
    endloop
  endfacet
  facet normal 0 0 1
    outer loop
      vertex -73.374 -1.38582 8
      vertex -73.374 -4.61418 8
      vertex -72.8 -4.5 8
    endloop
  endfacet
  facet normal 0 0 1
    outer loop
      vertex -73.8607 -1.06066 8
      vertex -73.374 -4.61418 8
      vertex -73.374 -1.38582 8
    endloop
  endfacet
  facet normal 0 0 1
    outer loop
      vertex -73.8607 -1.06066 8
      vertex -73.8607 -4.93934 8
      vertex -73.374 -4.61418 8
    endloop
  endfacet
  facet normal 0 0 1
    outer loop
      vertex -77.4142 -0.574024 8
      vertex -74.1858 -0.574024 8
      vertex -77.3 0 8
    endloop
  endfacet
  facet normal 0 0 1
    outer loop
      vertex -74.1858 -0.574024 8
      vertex -77.4142 -0.574024 8
      vertex -73.8607 -1.06066 8
    endloop
  endfacet
  facet normal -0 0 1
    outer loop
      vertex -77.3 0 8
      vertex -74.1858 -0.574024 8
      vertex -74.3 0 8
    endloop
  endfacet
  facet normal 0 0 1
    outer loop
      vertex -77.7393 -1.06066 8
      vertex -73.8607 -1.06066 8
      vertex -77.4142 -0.574024 8
    endloop
  endfacet
  facet normal 0 0 1
    outer loop
      vertex -67.8607 4.93934 8
      vertex -71.7393 4.93934 8
      vertex -67.8607 1.06066 8
    endloop
  endfacet
  facet normal 0 0 1
    outer loop
      vertex -67.8607 1.06066 8
      vertex -71.4142 0.574024 8
      vertex -71.3 0 8
    endloop
  endfacet
  facet normal 0 0 1
    outer loop
      vertex -71.7393 1.06066 8
      vertex -67.8607 1.06066 8
      vertex -71.7393 4.93934 8
    endloop
  endfacet
  facet normal 0 0 1
    outer loop
      vertex -67.8607 1.06066 8
      vertex -71.7393 1.06066 8
      vertex -71.4142 0.574024 8
    endloop
  endfacet
  facet normal -0 0 1
    outer loop
      vertex -72.226 4.61418 8
      vertex -71.7393 1.06066 8
      vertex -71.7393 4.93934 8
    endloop
  endfacet
  facet normal 0 0 1
    outer loop
      vertex -72.226 4.61418 8
      vertex -72.226 1.38582 8
      vertex -71.7393 1.06066 8
    endloop
  endfacet
  facet normal -0 0 1
    outer loop
      vertex -72.8 4.5 8
      vertex -72.226 1.38582 8
      vertex -72.226 4.61418 8
    endloop
  endfacet
  facet normal 0 0 1
    outer loop
      vertex -72.8 4.5 8
      vertex -72.8 1.5 8
      vertex -72.226 1.38582 8
    endloop
  endfacet
  facet normal 0 0 1
    outer loop
      vertex -73.374 4.61418 8
      vertex -72.8 1.5 8
      vertex -72.8 4.5 8
    endloop
  endfacet
  facet normal 0 0 1
    outer loop
      vertex -73.374 4.61418 8
      vertex -73.374 1.38582 8
      vertex -72.8 1.5 8
    endloop
  endfacet
  facet normal 0 0 1
    outer loop
      vertex -73.8607 4.93934 8
      vertex -73.374 1.38582 8
      vertex -73.374 4.61418 8
    endloop
  endfacet
  facet normal 0 0 1
    outer loop
      vertex -73.8607 4.93934 8
      vertex -73.8607 1.06066 8
      vertex -73.374 1.38582 8
    endloop
  endfacet
  facet normal 0 0 1
    outer loop
      vertex -77.4142 5.42597 8
      vertex -74.1858 5.42597 8
      vertex -77.3 6 8
    endloop
  endfacet
  facet normal 0 0 1
    outer loop
      vertex -74.1858 5.42597 8
      vertex -77.4142 5.42597 8
      vertex -73.8607 4.93934 8
    endloop
  endfacet
  facet normal -0 0 1
    outer loop
      vertex -77.3 6 8
      vertex -74.1858 5.42597 8
      vertex -74.3 6 8
    endloop
  endfacet
  facet normal 0 0 1
    outer loop
      vertex -77.7393 4.93934 8
      vertex -73.8607 4.93934 8
      vertex -77.4142 5.42597 8
    endloop
  endfacet
  facet normal -0 0 1
    outer loop
      vertex -65.4142 -5.42597 8
      vertex -41.99 -5.5 8
      vertex -65.4142 -0.574024 8
    endloop
  endfacet
  facet normal 0 0 1
    outer loop
      vertex -41.99 -5.5 8
      vertex -65.4142 -5.42597 8
      vertex -65.3 -6 8
    endloop
  endfacet
  facet normal -0 0 1
    outer loop
      vertex -65.7393 -1.06066 8
      vertex -65.4142 -5.42597 8
      vertex -65.4142 -0.574024 8
    endloop
  endfacet
  facet normal 0 0 1
    outer loop
      vertex -65.7393 -1.06066 8
      vertex -65.7393 -4.93934 8
      vertex -65.4142 -5.42597 8
    endloop
  endfacet
  facet normal -0 0 1
    outer loop
      vertex -66.226 -1.38582 8
      vertex -65.7393 -4.93934 8
      vertex -65.7393 -1.06066 8
    endloop
  endfacet
  facet normal 0 0 1
    outer loop
      vertex -66.226 -1.38582 8
      vertex -66.226 -4.61418 8
      vertex -65.7393 -4.93934 8
    endloop
  endfacet
  facet normal -0 0 1
    outer loop
      vertex -66.8 -1.5 8
      vertex -66.226 -4.61418 8
      vertex -66.226 -1.38582 8
    endloop
  endfacet
  facet normal 0 0 1
    outer loop
      vertex -66.8 -1.5 8
      vertex -66.8 -4.5 8
      vertex -66.226 -4.61418 8
    endloop
  endfacet
  facet normal 0 0 1
    outer loop
      vertex -67.374 -1.38582 8
      vertex -66.8 -4.5 8
      vertex -66.8 -1.5 8
    endloop
  endfacet
  facet normal 0 0 1
    outer loop
      vertex -67.374 -1.38582 8
      vertex -67.374 -4.61418 8
      vertex -66.8 -4.5 8
    endloop
  endfacet
  facet normal 0 0 1
    outer loop
      vertex -67.8607 -1.06066 8
      vertex -67.374 -4.61418 8
      vertex -67.374 -1.38582 8
    endloop
  endfacet
  facet normal 0 0 1
    outer loop
      vertex -67.8607 -1.06066 8
      vertex -67.8607 -4.93934 8
      vertex -67.374 -4.61418 8
    endloop
  endfacet
  facet normal 0 0 1
    outer loop
      vertex -71.4142 -0.574024 8
      vertex -68.1858 -0.574024 8
      vertex -71.3 0 8
    endloop
  endfacet
  facet normal 0 0 1
    outer loop
      vertex -68.1858 -0.574024 8
      vertex -71.4142 -0.574024 8
      vertex -67.8607 -1.06066 8
    endloop
  endfacet
  facet normal -0 0 1
    outer loop
      vertex -71.3 0 8
      vertex -68.1858 -0.574024 8
      vertex -68.3 0 8
    endloop
  endfacet
  facet normal 0 0 1
    outer loop
      vertex -71.7393 -1.06066 8
      vertex -67.8607 -1.06066 8
      vertex -71.4142 -0.574024 8
    endloop
  endfacet
  facet normal 0 0 1
    outer loop
      vertex -65.4142 0.574024 8
      vertex -41.99 5.5 8
      vertex -65.4142 5.42597 8
    endloop
  endfacet
  facet normal 0 0 1
    outer loop
      vertex -41.99 5.5 8
      vertex -65.4142 0.574024 8
      vertex -65.3 0 8
    endloop
  endfacet
  facet normal -0 0 1
    outer loop
      vertex -65.7393 4.93934 8
      vertex -65.4142 0.574024 8
      vertex -65.4142 5.42597 8
    endloop
  endfacet
  facet normal 0 0 1
    outer loop
      vertex -65.7393 4.93934 8
      vertex -65.7393 1.06066 8
      vertex -65.4142 0.574024 8
    endloop
  endfacet
  facet normal -0 0 1
    outer loop
      vertex -66.226 4.61418 8
      vertex -65.7393 1.06066 8
      vertex -65.7393 4.93934 8
    endloop
  endfacet
  facet normal 0 0 1
    outer loop
      vertex -66.226 4.61418 8
      vertex -66.226 1.38582 8
      vertex -65.7393 1.06066 8
    endloop
  endfacet
  facet normal -0 0 1
    outer loop
      vertex -66.8 4.5 8
      vertex -66.226 1.38582 8
      vertex -66.226 4.61418 8
    endloop
  endfacet
  facet normal 0 0 1
    outer loop
      vertex -66.8 4.5 8
      vertex -66.8 1.5 8
      vertex -66.226 1.38582 8
    endloop
  endfacet
  facet normal 0 0 1
    outer loop
      vertex -67.374 4.61418 8
      vertex -66.8 1.5 8
      vertex -66.8 4.5 8
    endloop
  endfacet
  facet normal 0 0 1
    outer loop
      vertex -67.374 4.61418 8
      vertex -67.374 1.38582 8
      vertex -66.8 1.5 8
    endloop
  endfacet
  facet normal 0 0 1
    outer loop
      vertex -67.8607 4.93934 8
      vertex -67.374 1.38582 8
      vertex -67.374 4.61418 8
    endloop
  endfacet
  facet normal 0 0 1
    outer loop
      vertex -67.8607 4.93934 8
      vertex -67.8607 1.06066 8
      vertex -67.374 1.38582 8
    endloop
  endfacet
  facet normal 0 0 1
    outer loop
      vertex -71.4142 5.42597 8
      vertex -68.1858 5.42597 8
      vertex -71.3 6 8
    endloop
  endfacet
  facet normal 0 0 1
    outer loop
      vertex -68.1858 5.42597 8
      vertex -71.4142 5.42597 8
      vertex -67.8607 4.93934 8
    endloop
  endfacet
  facet normal -0 0 1
    outer loop
      vertex -71.3 6 8
      vertex -68.1858 5.42597 8
      vertex -68.3 6 8
    endloop
  endfacet
  facet normal 0 0 1
    outer loop
      vertex -71.7393 4.93934 8
      vertex -67.8607 4.93934 8
      vertex -71.4142 5.42597 8
    endloop
  endfacet
  facet normal -0 0 1
    outer loop
      vertex -65.4142 6.57402 8
      vertex -41.99 5.5 8
      vertex -41.99 12.4 8
    endloop
  endfacet
  facet normal 0 0 1
    outer loop
      vertex -65.4142 5.42597 8
      vertex -41.99 5.5 8
      vertex -65.3 6 8
    endloop
  endfacet
  facet normal 0 0 1
    outer loop
      vertex -41.99 5.5 8
      vertex -65.3 0 8
      vertex -41.99 -5.5 8
    endloop
  endfacet
  facet normal 0 0 1
    outer loop
      vertex -41.99 5.5 8
      vertex -65.4142 6.57402 8
      vertex -65.3 6 8
    endloop
  endfacet
  facet normal 0 0 1
    outer loop
      vertex -41.99 12.4 8
      vertex -65.7393 7.06066 8
      vertex -65.4142 6.57402 8
    endloop
  endfacet
  facet normal 0 0 1
    outer loop
      vertex -41.99 12.4 8
      vertex -66.226 7.38582 8
      vertex -65.7393 7.06066 8
    endloop
  endfacet
  facet normal 0 0 1
    outer loop
      vertex -41.99 12.4 8
      vertex -66.8 7.5 8
      vertex -66.226 7.38582 8
    endloop
  endfacet
  facet normal 0 0 1
    outer loop
      vertex -68.1858 0.574024 8
      vertex -71.3 0 8
      vertex -68.3 0 8
    endloop
  endfacet
  facet normal 0 0 1
    outer loop
      vertex -67.8607 1.06066 8
      vertex -71.3 0 8
      vertex -68.1858 0.574024 8
    endloop
  endfacet
  facet normal 0 0 1
    outer loop
      vertex -68.1858 6.57402 8
      vertex -71.3 6 8
      vertex -68.3 6 8
    endloop
  endfacet
  facet normal 0 0 1
    outer loop
      vertex -71.4142 6.57402 8
      vertex -68.1858 6.57402 8
      vertex -67.8607 7.06066 8
    endloop
  endfacet
  facet normal 0 0 1
    outer loop
      vertex -71.7393 7.06066 8
      vertex -67.8607 7.06066 8
      vertex -67.374 7.38582 8
    endloop
  endfacet
  facet normal 0 0 1
    outer loop
      vertex -68.1858 6.57402 8
      vertex -71.4142 6.57402 8
      vertex -71.3 6 8
    endloop
  endfacet
  facet normal 0 0 1
    outer loop
      vertex -67.8607 7.06066 8
      vertex -71.7393 7.06066 8
      vertex -71.4142 6.57402 8
    endloop
  endfacet
  facet normal 0 0 1
    outer loop
      vertex -72.226 7.38582 8
      vertex -67.374 7.38582 8
      vertex -66.8 7.5 8
    endloop
  endfacet
  facet normal 0 0 1
    outer loop
      vertex -72.8 7.5 8
      vertex -66.8 7.5 8
      vertex -41.99 12.4 8
    endloop
  endfacet
  facet normal 0 0 1
    outer loop
      vertex -67.374 7.38582 8
      vertex -72.226 7.38582 8
      vertex -71.7393 7.06066 8
    endloop
  endfacet
  facet normal 0 0 1
    outer loop
      vertex -66.8 7.5 8
      vertex -72.8 7.5 8
      vertex -72.226 7.38582 8
    endloop
  endfacet
  facet normal 0 0 1
    outer loop
      vertex -74.1858 0.574024 8
      vertex -77.3 0 8
      vertex -74.3 0 8
    endloop
  endfacet
  facet normal 0 0 1
    outer loop
      vertex -73.8607 1.06066 8
      vertex -77.3 0 8
      vertex -74.1858 0.574024 8
    endloop
  endfacet
  facet normal 0 0 1
    outer loop
      vertex -74.1858 6.57402 8
      vertex -77.3 6 8
      vertex -74.3 6 8
    endloop
  endfacet
  facet normal 0 0 1
    outer loop
      vertex -77.4142 6.57402 8
      vertex -74.1858 6.57402 8
      vertex -73.8607 7.06066 8
    endloop
  endfacet
  facet normal 0 0 1
    outer loop
      vertex -77.7393 7.06066 8
      vertex -73.8607 7.06066 8
      vertex -73.374 7.38582 8
    endloop
  endfacet
  facet normal 0 0 1
    outer loop
      vertex -74.1858 6.57402 8
      vertex -77.4142 6.57402 8
      vertex -77.3 6 8
    endloop
  endfacet
  facet normal 0 0 1
    outer loop
      vertex -73.8607 7.06066 8
      vertex -77.7393 7.06066 8
      vertex -77.4142 6.57402 8
    endloop
  endfacet
  facet normal 0 0 1
    outer loop
      vertex -78.226 7.38582 8
      vertex -73.374 7.38582 8
      vertex -72.8 7.5 8
    endloop
  endfacet
  facet normal -0 0 1
    outer loop
      vertex -104.8 12.4 8
      vertex -72.8 7.5 8
      vertex -41.99 12.4 8
    endloop
  endfacet
  facet normal 0 0 1
    outer loop
      vertex -73.374 7.38582 8
      vertex -78.226 7.38582 8
      vertex -77.7393 7.06066 8
    endloop
  endfacet
  facet normal 0 0 1
    outer loop
      vertex -72.8 7.5 8
      vertex -78.8 7.5 8
      vertex -78.226 7.38582 8
    endloop
  endfacet
  facet normal 0 0 1
    outer loop
      vertex -80.1858 0.574024 8
      vertex -83.3 0 8
      vertex -80.3 0 8
    endloop
  endfacet
  facet normal 0 0 1
    outer loop
      vertex -79.8607 1.06066 8
      vertex -83.3 0 8
      vertex -80.1858 0.574024 8
    endloop
  endfacet
  facet normal 0 0 1
    outer loop
      vertex -80.1858 6.57402 8
      vertex -83.3 6 8
      vertex -80.3 6 8
    endloop
  endfacet
  facet normal 0 0 1
    outer loop
      vertex -83.4142 6.57402 8
      vertex -80.1858 6.57402 8
      vertex -79.8607 7.06066 8
    endloop
  endfacet
  facet normal 0 0 1
    outer loop
      vertex -83.7393 7.06066 8
      vertex -79.8607 7.06066 8
      vertex -79.374 7.38582 8
    endloop
  endfacet
  facet normal 0 0 1
    outer loop
      vertex -80.1858 6.57402 8
      vertex -83.4142 6.57402 8
      vertex -83.3 6 8
    endloop
  endfacet
  facet normal 0 0 1
    outer loop
      vertex -79.8607 7.06066 8
      vertex -83.7393 7.06066 8
      vertex -83.4142 6.57402 8
    endloop
  endfacet
  facet normal 0 0 1
    outer loop
      vertex -84.226 7.38582 8
      vertex -79.374 7.38582 8
      vertex -78.8 7.5 8
    endloop
  endfacet
  facet normal 0 0 1
    outer loop
      vertex -72.8 7.5 8
      vertex -104.8 12.4 8
      vertex -78.8 7.5 8
    endloop
  endfacet
  facet normal 0 0 1
    outer loop
      vertex -79.374 7.38582 8
      vertex -84.226 7.38582 8
      vertex -83.7393 7.06066 8
    endloop
  endfacet
  facet normal 0 0 1
    outer loop
      vertex -78.8 7.5 8
      vertex -84.8 7.5 8
      vertex -84.226 7.38582 8
    endloop
  endfacet
  facet normal 0 0 1
    outer loop
      vertex -86.1858 0.574024 8
      vertex -89.3 0 8
      vertex -86.3 0 8
    endloop
  endfacet
  facet normal 0 0 1
    outer loop
      vertex -85.8607 1.06066 8
      vertex -89.3 0 8
      vertex -86.1858 0.574024 8
    endloop
  endfacet
  facet normal 0 0 1
    outer loop
      vertex -86.1858 6.57402 8
      vertex -89.3 6 8
      vertex -86.3 6 8
    endloop
  endfacet
  facet normal 0 0 1
    outer loop
      vertex -89.4142 6.57402 8
      vertex -86.1858 6.57402 8
      vertex -85.8607 7.06066 8
    endloop
  endfacet
  facet normal 0 0 1
    outer loop
      vertex -89.7393 7.06066 8
      vertex -85.8607 7.06066 8
      vertex -85.374 7.38582 8
    endloop
  endfacet
  facet normal 0 0 1
    outer loop
      vertex -86.1858 6.57402 8
      vertex -89.4142 6.57402 8
      vertex -89.3 6 8
    endloop
  endfacet
  facet normal 0 0 1
    outer loop
      vertex -85.8607 7.06066 8
      vertex -89.7393 7.06066 8
      vertex -89.4142 6.57402 8
    endloop
  endfacet
  facet normal 0 0 1
    outer loop
      vertex -90.226 7.38582 8
      vertex -85.374 7.38582 8
      vertex -84.8 7.5 8
    endloop
  endfacet
  facet normal 0 0 1
    outer loop
      vertex -78.8 7.5 8
      vertex -104.8 12.4 8
      vertex -84.8 7.5 8
    endloop
  endfacet
  facet normal 0 0 1
    outer loop
      vertex -85.374 7.38582 8
      vertex -90.226 7.38582 8
      vertex -89.7393 7.06066 8
    endloop
  endfacet
  facet normal 0 -0 1
    outer loop
      vertex -90.8 7.5 8
      vertex -84.8 7.5 8
      vertex -104.8 12.4 8
    endloop
  endfacet
  facet normal 0 0 1
    outer loop
      vertex -92.1858 0.574024 8
      vertex -95.3 0 8
      vertex -92.3 0 8
    endloop
  endfacet
  facet normal 0 0 1
    outer loop
      vertex -91.8607 1.06066 8
      vertex -95.3 0 8
      vertex -92.1858 0.574024 8
    endloop
  endfacet
  facet normal 0 0 1
    outer loop
      vertex -92.1858 6.57402 8
      vertex -95.3 6 8
      vertex -92.3 6 8
    endloop
  endfacet
  facet normal 0 0 1
    outer loop
      vertex -95.4142 6.57402 8
      vertex -92.1858 6.57402 8
      vertex -91.8607 7.06066 8
    endloop
  endfacet
  facet normal 0 0 1
    outer loop
      vertex -95.7393 7.06066 8
      vertex -91.8607 7.06066 8
      vertex -91.374 7.38582 8
    endloop
  endfacet
  facet normal 0 0 1
    outer loop
      vertex -92.1858 6.57402 8
      vertex -95.4142 6.57402 8
      vertex -95.3 6 8
    endloop
  endfacet
  facet normal 0 0 1
    outer loop
      vertex -91.8607 7.06066 8
      vertex -95.7393 7.06066 8
      vertex -95.4142 6.57402 8
    endloop
  endfacet
  facet normal 0 0 1
    outer loop
      vertex -96.226 7.38582 8
      vertex -91.374 7.38582 8
      vertex -90.8 7.5 8
    endloop
  endfacet
  facet normal 0 0 1
    outer loop
      vertex -84.8 7.5 8
      vertex -90.8 7.5 8
      vertex -90.226 7.38582 8
    endloop
  endfacet
  facet normal 0 0 1
    outer loop
      vertex -91.374 7.38582 8
      vertex -96.226 7.38582 8
      vertex -95.7393 7.06066 8
    endloop
  endfacet
  facet normal 0 0 1
    outer loop
      vertex -90.8 7.5 8
      vertex -104.8 12.4 8
      vertex -96.226 7.38582 8
    endloop
  endfacet
  facet normal 0 0 1
    outer loop
      vertex -98.1858 0.574024 8
      vertex -104.8 12.4 8
      vertex -98.3 0 8
    endloop
  endfacet
  facet normal 0 0 1
    outer loop
      vertex -104.8 -12.4 8
      vertex -98.3 0 8
      vertex -104.8 12.4 8
    endloop
  endfacet
  facet normal 0 0 1
    outer loop
      vertex -98.1858 6.57402 8
      vertex -104.8 12.4 8
      vertex -98.3 6 8
    endloop
  endfacet
  facet normal 0 0 1
    outer loop
      vertex -97.8607 7.06066 8
      vertex -104.8 12.4 8
      vertex -98.1858 6.57402 8
    endloop
  endfacet
  facet normal 0 0 1
    outer loop
      vertex -97.374 7.38582 8
      vertex -104.8 12.4 8
      vertex -97.8607 7.06066 8
    endloop
  endfacet
  facet normal 0 0 1
    outer loop
      vertex -96.8 7.5 8
      vertex -104.8 12.4 8
      vertex -97.374 7.38582 8
    endloop
  endfacet
  facet normal 0 0 1
    outer loop
      vertex -96.226 7.38582 8
      vertex -104.8 12.4 8
      vertex -96.8 7.5 8
    endloop
  endfacet
  facet normal -0 0 1
    outer loop
      vertex -41.99 5.5 8
      vertex -28.3 -5.5 8
      vertex -28.3 5.5 8
    endloop
  endfacet
  facet normal 0 0 1
    outer loop
      vertex -28.3 -5.5 8
      vertex -41.99 5.5 8
      vertex -41.99 -5.5 8
    endloop
  endfacet
  facet normal -0 0 1
    outer loop
      vertex -65.4142 -0.574024 8
      vertex -41.99 -5.5 8
      vertex -65.3 0 8
    endloop
  endfacet
  facet normal 0 0 1
    outer loop
      vertex -65.4142 -6.57402 8
      vertex -41.99 -5.5 8
      vertex -65.3 -6 8
    endloop
  endfacet
  facet normal 0 0 1
    outer loop
      vertex -41.99 -5.5 8
      vertex -65.4142 -6.57402 8
      vertex -41.99 -12.4 8
    endloop
  endfacet
  facet normal -0 0 1
    outer loop
      vertex -65.7393 -7.06066 8
      vertex -41.99 -12.4 8
      vertex -65.4142 -6.57402 8
    endloop
  endfacet
  facet normal -0 0 1
    outer loop
      vertex -66.226 -7.38582 8
      vertex -41.99 -12.4 8
      vertex -65.7393 -7.06066 8
    endloop
  endfacet
  facet normal -0 0 1
    outer loop
      vertex -66.8 -7.5 8
      vertex -41.99 -12.4 8
      vertex -66.226 -7.38582 8
    endloop
  endfacet
  facet normal 0 0 1
    outer loop
      vertex -67.8607 -4.93934 8
      vertex -71.3 -6 8
      vertex -68.1858 -5.42597 8
    endloop
  endfacet
  facet normal 0 0 1
    outer loop
      vertex -68.1858 -5.42597 8
      vertex -71.3 -6 8
      vertex -68.3 -6 8
    endloop
  endfacet
  facet normal 0 0 1
    outer loop
      vertex -68.3 -6 8
      vertex -71.3 -6 8
      vertex -68.1858 -6.57402 8
    endloop
  endfacet
  facet normal 0 0 1
    outer loop
      vertex -71.4142 -6.57402 8
      vertex -68.1858 -6.57402 8
      vertex -71.3 -6 8
    endloop
  endfacet
  facet normal 0 0 1
    outer loop
      vertex -68.1858 -6.57402 8
      vertex -71.4142 -6.57402 8
      vertex -67.8607 -7.06066 8
    endloop
  endfacet
  facet normal 0 0 1
    outer loop
      vertex -71.7393 -7.06066 8
      vertex -67.8607 -7.06066 8
      vertex -71.4142 -6.57402 8
    endloop
  endfacet
  facet normal 0 0 1
    outer loop
      vertex -67.8607 -7.06066 8
      vertex -71.7393 -7.06066 8
      vertex -67.374 -7.38582 8
    endloop
  endfacet
  facet normal 0 0 1
    outer loop
      vertex -72.226 -7.38582 8
      vertex -67.374 -7.38582 8
      vertex -71.7393 -7.06066 8
    endloop
  endfacet
  facet normal 0 0 1
    outer loop
      vertex -67.374 -7.38582 8
      vertex -72.226 -7.38582 8
      vertex -66.8 -7.5 8
    endloop
  endfacet
  facet normal 0 0 1
    outer loop
      vertex -72.8 -7.5 8
      vertex -66.8 -7.5 8
      vertex -72.226 -7.38582 8
    endloop
  endfacet
  facet normal 0 0 1
    outer loop
      vertex -66.8 -7.5 8
      vertex -72.8 -7.5 8
      vertex -41.99 -12.4 8
    endloop
  endfacet
  facet normal 0 0 1
    outer loop
      vertex -73.8607 -4.93934 8
      vertex -77.3 -6 8
      vertex -74.1858 -5.42597 8
    endloop
  endfacet
  facet normal 0 0 1
    outer loop
      vertex -74.1858 -5.42597 8
      vertex -77.3 -6 8
      vertex -74.3 -6 8
    endloop
  endfacet
  facet normal 0 0 1
    outer loop
      vertex -74.3 -6 8
      vertex -77.3 -6 8
      vertex -74.1858 -6.57402 8
    endloop
  endfacet
  facet normal 0 0 1
    outer loop
      vertex -77.4142 -6.57402 8
      vertex -74.1858 -6.57402 8
      vertex -77.3 -6 8
    endloop
  endfacet
  facet normal 0 0 1
    outer loop
      vertex -74.1858 -6.57402 8
      vertex -77.4142 -6.57402 8
      vertex -73.8607 -7.06066 8
    endloop
  endfacet
  facet normal 0 0 1
    outer loop
      vertex -77.7393 -7.06066 8
      vertex -73.8607 -7.06066 8
      vertex -77.4142 -6.57402 8
    endloop
  endfacet
  facet normal 0 0 1
    outer loop
      vertex -73.8607 -7.06066 8
      vertex -77.7393 -7.06066 8
      vertex -73.374 -7.38582 8
    endloop
  endfacet
  facet normal 0 0 1
    outer loop
      vertex -78.226 -7.38582 8
      vertex -73.374 -7.38582 8
      vertex -77.7393 -7.06066 8
    endloop
  endfacet
  facet normal 0 0 1
    outer loop
      vertex -73.374 -7.38582 8
      vertex -78.226 -7.38582 8
      vertex -72.8 -7.5 8
    endloop
  endfacet
  facet normal 0 0 1
    outer loop
      vertex -78.8 -7.5 8
      vertex -72.8 -7.5 8
      vertex -78.226 -7.38582 8
    endloop
  endfacet
  facet normal 0 0 1
    outer loop
      vertex -104.8 -12.4 8
      vertex -72.8 -7.5 8
      vertex -78.8 -7.5 8
    endloop
  endfacet
  facet normal 0 0 1
    outer loop
      vertex -79.8607 -4.93934 8
      vertex -83.3 -6 8
      vertex -80.1858 -5.42597 8
    endloop
  endfacet
  facet normal 0 0 1
    outer loop
      vertex -80.1858 -5.42597 8
      vertex -83.3 -6 8
      vertex -80.3 -6 8
    endloop
  endfacet
  facet normal 0 0 1
    outer loop
      vertex -80.3 -6 8
      vertex -83.3 -6 8
      vertex -80.1858 -6.57402 8
    endloop
  endfacet
  facet normal 0 0 1
    outer loop
      vertex -83.4142 -6.57402 8
      vertex -80.1858 -6.57402 8
      vertex -83.3 -6 8
    endloop
  endfacet
  facet normal 0 0 1
    outer loop
      vertex -80.1858 -6.57402 8
      vertex -83.4142 -6.57402 8
      vertex -79.8607 -7.06066 8
    endloop
  endfacet
  facet normal 0 0 1
    outer loop
      vertex -83.7393 -7.06066 8
      vertex -79.8607 -7.06066 8
      vertex -83.4142 -6.57402 8
    endloop
  endfacet
  facet normal 0 0 1
    outer loop
      vertex -79.8607 -7.06066 8
      vertex -83.7393 -7.06066 8
      vertex -79.374 -7.38582 8
    endloop
  endfacet
  facet normal 0 0 1
    outer loop
      vertex -84.226 -7.38582 8
      vertex -79.374 -7.38582 8
      vertex -83.7393 -7.06066 8
    endloop
  endfacet
  facet normal 0 0 1
    outer loop
      vertex -79.374 -7.38582 8
      vertex -84.226 -7.38582 8
      vertex -78.8 -7.5 8
    endloop
  endfacet
  facet normal 0 0 1
    outer loop
      vertex -84.8 -7.5 8
      vertex -78.8 -7.5 8
      vertex -84.226 -7.38582 8
    endloop
  endfacet
  facet normal 0 0 1
    outer loop
      vertex -104.8 -12.4 8
      vertex -78.8 -7.5 8
      vertex -84.8 -7.5 8
    endloop
  endfacet
  facet normal 0 0 1
    outer loop
      vertex -85.8607 -4.93934 8
      vertex -89.3 -6 8
      vertex -86.1858 -5.42597 8
    endloop
  endfacet
  facet normal 0 0 1
    outer loop
      vertex -86.1858 -5.42597 8
      vertex -89.3 -6 8
      vertex -86.3 -6 8
    endloop
  endfacet
  facet normal 0 0 1
    outer loop
      vertex -86.3 -6 8
      vertex -89.3 -6 8
      vertex -86.1858 -6.57402 8
    endloop
  endfacet
  facet normal 0 0 1
    outer loop
      vertex -89.4142 -6.57402 8
      vertex -86.1858 -6.57402 8
      vertex -89.3 -6 8
    endloop
  endfacet
  facet normal 0 0 1
    outer loop
      vertex -86.1858 -6.57402 8
      vertex -89.4142 -6.57402 8
      vertex -85.8607 -7.06066 8
    endloop
  endfacet
  facet normal 0 0 1
    outer loop
      vertex -89.7393 -7.06066 8
      vertex -85.8607 -7.06066 8
      vertex -89.4142 -6.57402 8
    endloop
  endfacet
  facet normal 0 0 1
    outer loop
      vertex -85.8607 -7.06066 8
      vertex -89.7393 -7.06066 8
      vertex -85.374 -7.38582 8
    endloop
  endfacet
  facet normal 0 0 1
    outer loop
      vertex -90.226 -7.38582 8
      vertex -85.374 -7.38582 8
      vertex -89.7393 -7.06066 8
    endloop
  endfacet
  facet normal 0 0 1
    outer loop
      vertex -85.374 -7.38582 8
      vertex -90.226 -7.38582 8
      vertex -84.8 -7.5 8
    endloop
  endfacet
  facet normal 0 0 1
    outer loop
      vertex -90.8 -7.5 8
      vertex -84.8 -7.5 8
      vertex -90.226 -7.38582 8
    endloop
  endfacet
  facet normal 0 0 1
    outer loop
      vertex -84.8 -7.5 8
      vertex -90.8 -7.5 8
      vertex -104.8 -12.4 8
    endloop
  endfacet
  facet normal 0 0 1
    outer loop
      vertex -91.8607 -4.93934 8
      vertex -95.3 -6 8
      vertex -92.1858 -5.42597 8
    endloop
  endfacet
  facet normal 0 0 1
    outer loop
      vertex -92.1858 -5.42597 8
      vertex -95.3 -6 8
      vertex -92.3 -6 8
    endloop
  endfacet
  facet normal 0 0 1
    outer loop
      vertex -92.3 -6 8
      vertex -95.3 -6 8
      vertex -92.1858 -6.57402 8
    endloop
  endfacet
  facet normal 0 0 1
    outer loop
      vertex -95.4142 -6.57402 8
      vertex -92.1858 -6.57402 8
      vertex -95.3 -6 8
    endloop
  endfacet
  facet normal 0 0 1
    outer loop
      vertex -92.1858 -6.57402 8
      vertex -95.4142 -6.57402 8
      vertex -91.8607 -7.06066 8
    endloop
  endfacet
  facet normal 0 0 1
    outer loop
      vertex -95.7393 -7.06066 8
      vertex -91.8607 -7.06066 8
      vertex -95.4142 -6.57402 8
    endloop
  endfacet
  facet normal 0 0 1
    outer loop
      vertex -91.8607 -7.06066 8
      vertex -95.7393 -7.06066 8
      vertex -91.374 -7.38582 8
    endloop
  endfacet
  facet normal 0 0 1
    outer loop
      vertex -96.226 -7.38582 8
      vertex -91.374 -7.38582 8
      vertex -95.7393 -7.06066 8
    endloop
  endfacet
  facet normal 0 0 1
    outer loop
      vertex -91.374 -7.38582 8
      vertex -96.226 -7.38582 8
      vertex -90.8 -7.5 8
    endloop
  endfacet
  facet normal 0 0 1
    outer loop
      vertex -104.8 -12.4 8
      vertex -90.8 -7.5 8
      vertex -96.226 -7.38582 8
    endloop
  endfacet
  facet normal 0 0 1
    outer loop
      vertex -104.8 -12.4 8
      vertex -96.226 -7.38582 8
      vertex -96.8 -7.5 8
    endloop
  endfacet
  facet normal 0 0 1
    outer loop
      vertex -98.1858 -5.42597 8
      vertex -104.8 -12.4 8
      vertex -98.3 -6 8
    endloop
  endfacet
  facet normal 0 0 1
    outer loop
      vertex -72.8 -7.5 8
      vertex -104.8 -12.4 8
      vertex -41.99 -12.4 8
    endloop
  endfacet
  facet normal 0 0 1
    outer loop
      vertex -97.374 -7.38582 8
      vertex -104.8 -12.4 8
      vertex -96.8 -7.5 8
    endloop
  endfacet
  facet normal 0 0 1
    outer loop
      vertex -97.8607 -7.06066 8
      vertex -104.8 -12.4 8
      vertex -97.374 -7.38582 8
    endloop
  endfacet
  facet normal 0 0 1
    outer loop
      vertex -98.1858 -6.57402 8
      vertex -104.8 -12.4 8
      vertex -97.8607 -7.06066 8
    endloop
  endfacet
  facet normal 0 0 1
    outer loop
      vertex -98.3 -6 8
      vertex -104.8 -12.4 8
      vertex -98.1858 -6.57402 8
    endloop
  endfacet
  facet normal 0 0 1
    outer loop
      vertex 12.3 12.3 8
      vertex 6.56436 0 8
      vertex 12.3 -12.3 8
    endloop
  endfacet
  facet normal 0 0 1
    outer loop
      vertex 12.3 12.3 8
      vertex 3.28218 5.6849 8
      vertex 6.56436 0 8
    endloop
  endfacet
  facet normal 0 0 1
    outer loop
      vertex 12.3 12.3 8
      vertex -3.28218 5.6849 8
      vertex 3.28218 5.6849 8
    endloop
  endfacet
  facet normal 0 0 1
    outer loop
      vertex -3.28218 5.6849 8
      vertex -28.3 12.3 8
      vertex -6.56436 0 8
    endloop
  endfacet
  facet normal -0 0 1
    outer loop
      vertex -28.3 12.3 8
      vertex -3.28218 5.6849 8
      vertex 12.3 12.3 8
    endloop
  endfacet
  facet normal -0 0 1
    outer loop
      vertex 3.28218 -5.6849 8
      vertex 12.3 -12.3 8
      vertex 6.56436 0 8
    endloop
  endfacet
  facet normal -0 0 1
    outer loop
      vertex -3.28218 -5.6849 8
      vertex 12.3 -12.3 8
      vertex 3.28218 -5.6849 8
    endloop
  endfacet
  facet normal -0 0 1
    outer loop
      vertex -28.3 5.5 8
      vertex -6.56436 0 8
      vertex -28.3 12.3 8
    endloop
  endfacet
  facet normal 0 0 1
    outer loop
      vertex -28.3 -5.5 8
      vertex -6.56436 0 8
      vertex -28.3 5.5 8
    endloop
  endfacet
  facet normal 0 0 1
    outer loop
      vertex -28.3 -12.3 8
      vertex -6.56436 0 8
      vertex -28.3 -5.5 8
    endloop
  endfacet
  facet normal 0 0 1
    outer loop
      vertex -6.56436 0 8
      vertex -28.3 -12.3 8
      vertex -3.28218 -5.6849 8
    endloop
  endfacet
  facet normal 0 0 1
    outer loop
      vertex -3.28218 -5.6849 8
      vertex -28.3 -12.3 8
      vertex 12.3 -12.3 8
    endloop
  endfacet
  facet normal 1 0 0
    outer loop
      vertex -104.8 -7 14
      vertex -104.8 -12.4 14
      vertex -104.8 -7 10
    endloop
  endfacet
  facet normal 1 0 0
    outer loop
      vertex -104.8 7 10
      vertex -104.8 12.4 14
      vertex -104.8 7 14
    endloop
  endfacet
  facet normal 1 0 0
    outer loop
      vertex -104.8 12.4 14
      vertex -104.8 7 10
      vertex -104.8 12.4 8
    endloop
  endfacet
  facet normal 1 -0 0
    outer loop
      vertex -104.8 -7 10
      vertex -104.8 12.4 8
      vertex -104.8 7 10
    endloop
  endfacet
  facet normal 1 0 0
    outer loop
      vertex -104.8 -7 10
      vertex -104.8 -12.4 8
      vertex -104.8 12.4 8
    endloop
  endfacet
  facet normal 1 0 0
    outer loop
      vertex -104.8 -12.4 8
      vertex -104.8 -7 10
      vertex -104.8 -12.4 14
    endloop
  endfacet
  facet normal 0 -1 0
    outer loop
      vertex -104.8 12.4 14
      vertex -89.2503 12.4 10
      vertex -89.2503 12.4 14
    endloop
  endfacet
  facet normal 0 -1 -0
    outer loop
      vertex -89.2503 12.4 10
      vertex -104.8 12.4 8
      vertex -71.5497 12.4 10
    endloop
  endfacet
  facet normal 0 -1 0
    outer loop
      vertex -104.8 12.4 8
      vertex -89.2503 12.4 10
      vertex -104.8 12.4 14
    endloop
  endfacet
  facet normal 0 -1 0
    outer loop
      vertex -71.5497 12.4 10
      vertex -41.99 12.4 14
      vertex -71.5497 12.4 14
    endloop
  endfacet
  facet normal 0 -1 0
    outer loop
      vertex -71.5497 12.4 10
      vertex -41.99 12.4 8
      vertex -41.99 12.4 14
    endloop
  endfacet
  facet normal 0 -1 0
    outer loop
      vertex -41.99 12.4 8
      vertex -71.5497 12.4 10
      vertex -104.8 12.4 8
    endloop
  endfacet
  facet normal 0 1 0
    outer loop
      vertex -41.99 -12.4 14
      vertex -71.5497 -12.4 10
      vertex -71.5497 -12.4 14
    endloop
  endfacet
  facet normal 0 1 0
    outer loop
      vertex -104.8 -12.4 8
      vertex -71.5497 -12.4 10
      vertex -41.99 -12.4 8
    endloop
  endfacet
  facet normal 0 1 -0
    outer loop
      vertex -41.99 -12.4 8
      vertex -71.5497 -12.4 10
      vertex -41.99 -12.4 14
    endloop
  endfacet
  facet normal 0 1 -0
    outer loop
      vertex -89.2503 -12.4 10
      vertex -104.8 -12.4 14
      vertex -89.2503 -12.4 14
    endloop
  endfacet
  facet normal 0 1 0
    outer loop
      vertex -89.2503 -12.4 10
      vertex -104.8 -12.4 8
      vertex -104.8 -12.4 14
    endloop
  endfacet
  facet normal 0 1 0
    outer loop
      vertex -71.5497 -12.4 10
      vertex -104.8 -12.4 8
      vertex -89.2503 -12.4 10
    endloop
  endfacet
  facet normal -1 0 0
    outer loop
      vertex -41.99 5.5 8
      vertex -41.99 12.4 14
      vertex -41.99 12.4 8
    endloop
  endfacet
  facet normal -1 -0 0
    outer loop
      vertex -41.99 12.4 14
      vertex -41.99 5.5 8
      vertex -41.99 5.5 14
    endloop
  endfacet
  facet normal -1 0 0
    outer loop
      vertex -41.99 -12.4 8
      vertex -41.99 -5.5 14
      vertex -41.99 -5.5 8
    endloop
  endfacet
  facet normal -1 -0 0
    outer loop
      vertex -41.99 -5.5 14
      vertex -41.99 -12.4 8
      vertex -41.99 -12.4 14
    endloop
  endfacet
  facet normal -0 0 1
    outer loop
      vertex -107.8 7 10
      vertex -104.8 -7 10
      vertex -104.8 7 10
    endloop
  endfacet
  facet normal 0 0 1
    outer loop
      vertex -104.8 -7 10
      vertex -107.8 7 10
      vertex -107.8 -7 10
    endloop
  endfacet
  facet normal 0 -1 0
    outer loop
      vertex -107.8 7 10
      vertex -104.8 7 14
      vertex -107.8 7 14
    endloop
  endfacet
  facet normal 0 -1 -0
    outer loop
      vertex -104.8 7 14
      vertex -107.8 7 10
      vertex -104.8 7 10
    endloop
  endfacet
  facet normal 0 1 -0
    outer loop
      vertex -104.8 -7 10
      vertex -107.8 -7 14
      vertex -104.8 -7 14
    endloop
  endfacet
  facet normal 0 1 0
    outer loop
      vertex -107.8 -7 14
      vertex -104.8 -7 10
      vertex -107.8 -7 10
    endloop
  endfacet
  facet normal 0 1 -0
    outer loop
      vertex 3.28218 -5.6849 2.2
      vertex -3.28218 -5.6849 8
      vertex 3.28218 -5.6849 8
    endloop
  endfacet
  facet normal 0 1 0
    outer loop
      vertex -3.28218 -5.6849 8
      vertex 3.28218 -5.6849 2.2
      vertex -3.28218 -5.6849 2.2
    endloop
  endfacet
  facet normal -0.866025 0.5 0
    outer loop
      vertex 3.28218 -5.6849 2.2
      vertex 6.56436 0 8
      vertex 6.56436 0 2.2
    endloop
  endfacet
  facet normal -0.866025 0.5 0
    outer loop
      vertex 6.56436 0 8
      vertex 3.28218 -5.6849 2.2
      vertex 3.28218 -5.6849 8
    endloop
  endfacet
  facet normal 0 -1 0
    outer loop
      vertex -3.28218 5.6849 2.2
      vertex 3.28218 5.6849 8
      vertex -3.28218 5.6849 8
    endloop
  endfacet
  facet normal 0 -1 -0
    outer loop
      vertex 3.28218 5.6849 8
      vertex -3.28218 5.6849 2.2
      vertex 3.28218 5.6849 2.2
    endloop
  endfacet
  facet normal -0.866025 -0.5 0
    outer loop
      vertex 6.56436 0 2.2
      vertex 3.28218 5.6849 8
      vertex 3.28218 5.6849 2.2
    endloop
  endfacet
  facet normal -0.866025 -0.5 0
    outer loop
      vertex 3.28218 5.6849 8
      vertex 6.56436 0 2.2
      vertex 6.56436 0 8
    endloop
  endfacet
  facet normal 0.866025 -0.5 0
    outer loop
      vertex -6.56436 0 8
      vertex -3.28218 5.6849 2.2
      vertex -3.28218 5.6849 8
    endloop
  endfacet
  facet normal 0.866025 -0.5 0
    outer loop
      vertex -3.28218 5.6849 2.2
      vertex -6.56436 0 8
      vertex -6.56436 0 2.2
    endloop
  endfacet
  facet normal 0.866025 0.5 0
    outer loop
      vertex -3.28218 -5.6849 8
      vertex -6.56436 0 2.2
      vertex -6.56436 0 8
    endloop
  endfacet
  facet normal 0.866025 0.5 0
    outer loop
      vertex -6.56436 0 2.2
      vertex -3.28218 -5.6849 8
      vertex -3.28218 -5.6849 2.2
    endloop
  endfacet
  facet normal 0 0 1
    outer loop
      vertex 6.56436 0 2.2
      vertex 3.29293 0.21583 2.2
      vertex 3.3 0 2.2
    endloop
  endfacet
  facet normal -0 0 1
    outer loop
      vertex 2.85788 1.65 2.2
      vertex 6.56436 0 2.2
      vertex 3.28218 5.6849 2.2
    endloop
  endfacet
  facet normal 0 0 1
    outer loop
      vertex 6.56436 0 2.2
      vertex 3.27177 0.430736 2.2
      vertex 3.29293 0.21583 2.2
    endloop
  endfacet
  facet normal 0 0 1
    outer loop
      vertex 6.56436 0 2.2
      vertex 3.23659 0.643798 2.2
      vertex 3.27177 0.430736 2.2
    endloop
  endfacet
  facet normal 0 0 1
    outer loop
      vertex 6.56436 0 2.2
      vertex 3.18755 0.854102 2.2
      vertex 3.23659 0.643798 2.2
    endloop
  endfacet
  facet normal 0 0 1
    outer loop
      vertex 6.56436 0 2.2
      vertex 3.12487 1.06075 2.2
      vertex 3.18755 0.854102 2.2
    endloop
  endfacet
  facet normal 0 0 1
    outer loop
      vertex 6.56436 0 2.2
      vertex 3.0488 1.26285 2.2
      vertex 3.12487 1.06075 2.2
    endloop
  endfacet
  facet normal 0 0 1
    outer loop
      vertex 6.56436 0 2.2
      vertex 2.95968 1.45955 2.2
      vertex 3.0488 1.26285 2.2
    endloop
  endfacet
  facet normal 0 0 1
    outer loop
      vertex 6.56436 0 2.2
      vertex 2.85788 1.65 2.2
      vertex 2.95968 1.45955 2.2
    endloop
  endfacet
  facet normal 0 0 1
    outer loop
      vertex 3.28218 5.6849 2.2
      vertex 2.74385 1.83338 2.2
      vertex 2.85788 1.65 2.2
    endloop
  endfacet
  facet normal 0 0 1
    outer loop
      vertex 3.28218 5.6849 2.2
      vertex 2.61807 2.00891 2.2
      vertex 2.74385 1.83338 2.2
    endloop
  endfacet
  facet normal 0 0 1
    outer loop
      vertex 3.28218 5.6849 2.2
      vertex 2.48107 2.17584 2.2
      vertex 2.61807 2.00891 2.2
    endloop
  endfacet
  facet normal 0 0 1
    outer loop
      vertex 3.28218 5.6849 2.2
      vertex 2.33345 2.33345 2.2
      vertex 2.48107 2.17584 2.2
    endloop
  endfacet
  facet normal 0 0 1
    outer loop
      vertex 3.28218 5.6849 2.2
      vertex 2.17584 2.48107 2.2
      vertex 2.33345 2.33345 2.2
    endloop
  endfacet
  facet normal 0 0 1
    outer loop
      vertex 3.28218 5.6849 2.2
      vertex 2.00891 2.61807 2.2
      vertex 2.17584 2.48107 2.2
    endloop
  endfacet
  facet normal 0 0 1
    outer loop
      vertex 3.28218 5.6849 2.2
      vertex 1.83338 2.74385 2.2
      vertex 2.00891 2.61807 2.2
    endloop
  endfacet
  facet normal 0 0 1
    outer loop
      vertex 3.28218 5.6849 2.2
      vertex 1.65 2.85788 2.2
      vertex 1.83338 2.74385 2.2
    endloop
  endfacet
  facet normal 0 0 1
    outer loop
      vertex 3.28218 5.6849 2.2
      vertex 1.45955 2.95968 2.2
      vertex 1.65 2.85788 2.2
    endloop
  endfacet
  facet normal 0 0 1
    outer loop
      vertex 3.28218 5.6849 2.2
      vertex 1.26285 3.0488 2.2
      vertex 1.45955 2.95968 2.2
    endloop
  endfacet
  facet normal 0 0 1
    outer loop
      vertex 3.28218 5.6849 2.2
      vertex 1.06075 3.12487 2.2
      vertex 1.26285 3.0488 2.2
    endloop
  endfacet
  facet normal 0 0 1
    outer loop
      vertex 3.28218 5.6849 2.2
      vertex 0.854102 3.18755 2.2
      vertex 1.06075 3.12487 2.2
    endloop
  endfacet
  facet normal 0 0 1
    outer loop
      vertex 3.28218 5.6849 2.2
      vertex 0.643798 3.23659 2.2
      vertex 0.854102 3.18755 2.2
    endloop
  endfacet
  facet normal 0 0 1
    outer loop
      vertex 3.28218 5.6849 2.2
      vertex 0.430736 3.27177 2.2
      vertex 0.643798 3.23659 2.2
    endloop
  endfacet
  facet normal 0 0 1
    outer loop
      vertex 3.28218 5.6849 2.2
      vertex 0.21583 3.29293 2.2
      vertex 0.430736 3.27177 2.2
    endloop
  endfacet
  facet normal 0 0 1
    outer loop
      vertex 3.28218 5.6849 2.2
      vertex 0 3.3 2.2
      vertex 0.21583 3.29293 2.2
    endloop
  endfacet
  facet normal -0 0 1
    outer loop
      vertex -3.28218 5.6849 2.2
      vertex 0 3.3 2.2
      vertex 3.28218 5.6849 2.2
    endloop
  endfacet
  facet normal 0 0 1
    outer loop
      vertex 0 3.3 2.2
      vertex -3.28218 5.6849 2.2
      vertex -0.21583 3.29293 2.2
    endloop
  endfacet
  facet normal 0 0 1
    outer loop
      vertex -0.21583 3.29293 2.2
      vertex -3.28218 5.6849 2.2
      vertex -0.430736 3.27177 2.2
    endloop
  endfacet
  facet normal 0 0 1
    outer loop
      vertex -0.430736 3.27177 2.2
      vertex -3.28218 5.6849 2.2
      vertex -0.643798 3.23659 2.2
    endloop
  endfacet
  facet normal 0 0 1
    outer loop
      vertex -0.643798 3.23659 2.2
      vertex -3.28218 5.6849 2.2
      vertex -0.854102 3.18755 2.2
    endloop
  endfacet
  facet normal 0 0 1
    outer loop
      vertex -0.854102 3.18755 2.2
      vertex -3.28218 5.6849 2.2
      vertex -1.06075 3.12487 2.2
    endloop
  endfacet
  facet normal 0 0 1
    outer loop
      vertex -1.06075 3.12487 2.2
      vertex -3.28218 5.6849 2.2
      vertex -1.26285 3.0488 2.2
    endloop
  endfacet
  facet normal 0 0 1
    outer loop
      vertex -1.26285 3.0488 2.2
      vertex -3.28218 5.6849 2.2
      vertex -1.45955 2.95968 2.2
    endloop
  endfacet
  facet normal 0 0 1
    outer loop
      vertex -1.45955 2.95968 2.2
      vertex -3.28218 5.6849 2.2
      vertex -1.65 2.85788 2.2
    endloop
  endfacet
  facet normal 0 0 1
    outer loop
      vertex -3.28218 5.6849 2.2
      vertex -1.83338 2.74385 2.2
      vertex -1.65 2.85788 2.2
    endloop
  endfacet
  facet normal 0 0 1
    outer loop
      vertex -3.28218 5.6849 2.2
      vertex -2.00891 2.61807 2.2
      vertex -1.83338 2.74385 2.2
    endloop
  endfacet
  facet normal 0 0 1
    outer loop
      vertex -3.28218 5.6849 2.2
      vertex -2.17584 2.48107 2.2
      vertex -2.00891 2.61807 2.2
    endloop
  endfacet
  facet normal 0 0 1
    outer loop
      vertex -3.28218 5.6849 2.2
      vertex -2.33345 2.33345 2.2
      vertex -2.17584 2.48107 2.2
    endloop
  endfacet
  facet normal 0 0 1
    outer loop
      vertex -3.28218 5.6849 2.2
      vertex -2.48107 2.17584 2.2
      vertex -2.33345 2.33345 2.2
    endloop
  endfacet
  facet normal 0 0 1
    outer loop
      vertex -3.28218 5.6849 2.2
      vertex -2.61807 2.00891 2.2
      vertex -2.48107 2.17584 2.2
    endloop
  endfacet
  facet normal 0 0 1
    outer loop
      vertex -3.28218 5.6849 2.2
      vertex -2.74385 1.83338 2.2
      vertex -2.61807 2.00891 2.2
    endloop
  endfacet
  facet normal 0 0 1
    outer loop
      vertex -3.28218 5.6849 2.2
      vertex -2.85788 1.65 2.2
      vertex -2.74385 1.83338 2.2
    endloop
  endfacet
  facet normal 0 0 1
    outer loop
      vertex -6.56436 0 2.2
      vertex -2.85788 1.65 2.2
      vertex -3.28218 5.6849 2.2
    endloop
  endfacet
  facet normal 0 0 1
    outer loop
      vertex -2.85788 1.65 2.2
      vertex -6.56436 0 2.2
      vertex -2.95968 1.45955 2.2
    endloop
  endfacet
  facet normal 0 0 1
    outer loop
      vertex -2.95968 1.45955 2.2
      vertex -6.56436 0 2.2
      vertex -3.0488 1.26285 2.2
    endloop
  endfacet
  facet normal 0 0 1
    outer loop
      vertex -3.0488 1.26285 2.2
      vertex -6.56436 0 2.2
      vertex -3.12487 1.06075 2.2
    endloop
  endfacet
  facet normal 0 0 1
    outer loop
      vertex -3.12487 1.06075 2.2
      vertex -6.56436 0 2.2
      vertex -3.18755 0.854102 2.2
    endloop
  endfacet
  facet normal 0 0 1
    outer loop
      vertex -3.18755 0.854102 2.2
      vertex -6.56436 0 2.2
      vertex -3.23659 0.643798 2.2
    endloop
  endfacet
  facet normal 0 0 1
    outer loop
      vertex -3.23659 0.643798 2.2
      vertex -6.56436 0 2.2
      vertex -3.27177 0.430736 2.2
    endloop
  endfacet
  facet normal 0 0 1
    outer loop
      vertex -3.27177 0.430736 2.2
      vertex -6.56436 0 2.2
      vertex -3.29293 0.21583 2.2
    endloop
  endfacet
  facet normal 0 0 1
    outer loop
      vertex -3.29293 0.21583 2.2
      vertex -6.56436 0 2.2
      vertex -3.3 0 2.2
    endloop
  endfacet
  facet normal 0 0 1
    outer loop
      vertex 3.29293 -0.21583 2.2
      vertex 6.56436 0 2.2
      vertex 3.3 0 2.2
    endloop
  endfacet
  facet normal 0 0 1
    outer loop
      vertex 3.27177 -0.430736 2.2
      vertex 6.56436 0 2.2
      vertex 3.29293 -0.21583 2.2
    endloop
  endfacet
  facet normal 0 0 1
    outer loop
      vertex 3.23659 -0.643798 2.2
      vertex 6.56436 0 2.2
      vertex 3.27177 -0.430736 2.2
    endloop
  endfacet
  facet normal 0 0 1
    outer loop
      vertex 3.18755 -0.854102 2.2
      vertex 6.56436 0 2.2
      vertex 3.23659 -0.643798 2.2
    endloop
  endfacet
  facet normal 0 0 1
    outer loop
      vertex 3.12487 -1.06075 2.2
      vertex 6.56436 0 2.2
      vertex 3.18755 -0.854102 2.2
    endloop
  endfacet
  facet normal 0 0 1
    outer loop
      vertex 3.0488 -1.26285 2.2
      vertex 6.56436 0 2.2
      vertex 3.12487 -1.06075 2.2
    endloop
  endfacet
  facet normal 0 0 1
    outer loop
      vertex 2.95968 -1.45955 2.2
      vertex 6.56436 0 2.2
      vertex 3.0488 -1.26285 2.2
    endloop
  endfacet
  facet normal 0 0 1
    outer loop
      vertex 2.85788 -1.65 2.2
      vertex 6.56436 0 2.2
      vertex 2.95968 -1.45955 2.2
    endloop
  endfacet
  facet normal 0 0 1
    outer loop
      vertex 6.56436 0 2.2
      vertex 2.85788 -1.65 2.2
      vertex 3.28218 -5.6849 2.2
    endloop
  endfacet
  facet normal -0 0 1
    outer loop
      vertex 2.74385 -1.83338 2.2
      vertex 3.28218 -5.6849 2.2
      vertex 2.85788 -1.65 2.2
    endloop
  endfacet
  facet normal -0 0 1
    outer loop
      vertex 2.61807 -2.00891 2.2
      vertex 3.28218 -5.6849 2.2
      vertex 2.74385 -1.83338 2.2
    endloop
  endfacet
  facet normal -0 0 1
    outer loop
      vertex 2.48107 -2.17584 2.2
      vertex 3.28218 -5.6849 2.2
      vertex 2.61807 -2.00891 2.2
    endloop
  endfacet
  facet normal -0 0 1
    outer loop
      vertex 2.33345 -2.33345 2.2
      vertex 3.28218 -5.6849 2.2
      vertex 2.48107 -2.17584 2.2
    endloop
  endfacet
  facet normal -0 0 1
    outer loop
      vertex 2.17584 -2.48107 2.2
      vertex 3.28218 -5.6849 2.2
      vertex 2.33345 -2.33345 2.2
    endloop
  endfacet
  facet normal -0 0 1
    outer loop
      vertex 2.00891 -2.61807 2.2
      vertex 3.28218 -5.6849 2.2
      vertex 2.17584 -2.48107 2.2
    endloop
  endfacet
  facet normal -0 0 1
    outer loop
      vertex 1.83338 -2.74385 2.2
      vertex 3.28218 -5.6849 2.2
      vertex 2.00891 -2.61807 2.2
    endloop
  endfacet
  facet normal -0 0 1
    outer loop
      vertex 1.65 -2.85788 2.2
      vertex 3.28218 -5.6849 2.2
      vertex 1.83338 -2.74385 2.2
    endloop
  endfacet
  facet normal -0 0 1
    outer loop
      vertex 1.45955 -2.95968 2.2
      vertex 3.28218 -5.6849 2.2
      vertex 1.65 -2.85788 2.2
    endloop
  endfacet
  facet normal -0 0 1
    outer loop
      vertex 1.26285 -3.0488 2.2
      vertex 3.28218 -5.6849 2.2
      vertex 1.45955 -2.95968 2.2
    endloop
  endfacet
  facet normal -0 0 1
    outer loop
      vertex 1.06075 -3.12487 2.2
      vertex 3.28218 -5.6849 2.2
      vertex 1.26285 -3.0488 2.2
    endloop
  endfacet
  facet normal -0 0 1
    outer loop
      vertex 0.854102 -3.18755 2.2
      vertex 3.28218 -5.6849 2.2
      vertex 1.06075 -3.12487 2.2
    endloop
  endfacet
  facet normal -0 0 1
    outer loop
      vertex 0.643798 -3.23659 2.2
      vertex 3.28218 -5.6849 2.2
      vertex 0.854102 -3.18755 2.2
    endloop
  endfacet
  facet normal -0 0 1
    outer loop
      vertex 0.430736 -3.27177 2.2
      vertex 3.28218 -5.6849 2.2
      vertex 0.643798 -3.23659 2.2
    endloop
  endfacet
  facet normal -0 0 1
    outer loop
      vertex 0.21583 -3.29293 2.2
      vertex 3.28218 -5.6849 2.2
      vertex 0.430736 -3.27177 2.2
    endloop
  endfacet
  facet normal -0 0 1
    outer loop
      vertex 0 -3.3 2.2
      vertex 3.28218 -5.6849 2.2
      vertex 0.21583 -3.29293 2.2
    endloop
  endfacet
  facet normal 0 0 1
    outer loop
      vertex -3.28218 -5.6849 2.2
      vertex 0 -3.3 2.2
      vertex -0.21583 -3.29293 2.2
    endloop
  endfacet
  facet normal 0 0 1
    outer loop
      vertex -3.28218 -5.6849 2.2
      vertex -0.21583 -3.29293 2.2
      vertex -0.430736 -3.27177 2.2
    endloop
  endfacet
  facet normal 0 0 1
    outer loop
      vertex -3.28218 -5.6849 2.2
      vertex -0.430736 -3.27177 2.2
      vertex -0.643798 -3.23659 2.2
    endloop
  endfacet
  facet normal 0 0 1
    outer loop
      vertex -3.28218 -5.6849 2.2
      vertex -0.643798 -3.23659 2.2
      vertex -0.854102 -3.18755 2.2
    endloop
  endfacet
  facet normal 0 0 1
    outer loop
      vertex -3.28218 -5.6849 2.2
      vertex -0.854102 -3.18755 2.2
      vertex -1.06075 -3.12487 2.2
    endloop
  endfacet
  facet normal 0 0 1
    outer loop
      vertex -3.28218 -5.6849 2.2
      vertex -1.06075 -3.12487 2.2
      vertex -1.26285 -3.0488 2.2
    endloop
  endfacet
  facet normal 0 0 1
    outer loop
      vertex -3.28218 -5.6849 2.2
      vertex -1.26285 -3.0488 2.2
      vertex -1.45955 -2.95968 2.2
    endloop
  endfacet
  facet normal 0 0 1
    outer loop
      vertex -3.28218 -5.6849 2.2
      vertex -1.45955 -2.95968 2.2
      vertex -1.65 -2.85788 2.2
    endloop
  endfacet
  facet normal 0 0 1
    outer loop
      vertex 0 -3.3 2.2
      vertex -3.28218 -5.6849 2.2
      vertex 3.28218 -5.6849 2.2
    endloop
  endfacet
  facet normal 0 0 1
    outer loop
      vertex -1.83338 -2.74385 2.2
      vertex -3.28218 -5.6849 2.2
      vertex -1.65 -2.85788 2.2
    endloop
  endfacet
  facet normal 0 0 1
    outer loop
      vertex -2.00891 -2.61807 2.2
      vertex -3.28218 -5.6849 2.2
      vertex -1.83338 -2.74385 2.2
    endloop
  endfacet
  facet normal 0 0 1
    outer loop
      vertex -2.17584 -2.48107 2.2
      vertex -3.28218 -5.6849 2.2
      vertex -2.00891 -2.61807 2.2
    endloop
  endfacet
  facet normal 0 0 1
    outer loop
      vertex -2.33345 -2.33345 2.2
      vertex -3.28218 -5.6849 2.2
      vertex -2.17584 -2.48107 2.2
    endloop
  endfacet
  facet normal 0 0 1
    outer loop
      vertex -2.48107 -2.17584 2.2
      vertex -3.28218 -5.6849 2.2
      vertex -2.33345 -2.33345 2.2
    endloop
  endfacet
  facet normal 0 0 1
    outer loop
      vertex -2.61807 -2.00891 2.2
      vertex -3.28218 -5.6849 2.2
      vertex -2.48107 -2.17584 2.2
    endloop
  endfacet
  facet normal 0 0 1
    outer loop
      vertex -2.74385 -1.83338 2.2
      vertex -3.28218 -5.6849 2.2
      vertex -2.61807 -2.00891 2.2
    endloop
  endfacet
  facet normal 0 0 1
    outer loop
      vertex -2.85788 -1.65 2.2
      vertex -3.28218 -5.6849 2.2
      vertex -2.74385 -1.83338 2.2
    endloop
  endfacet
  facet normal 0 0 1
    outer loop
      vertex -6.56436 0 2.2
      vertex -2.85788 -1.65 2.2
      vertex -2.95968 -1.45955 2.2
    endloop
  endfacet
  facet normal 0 0 1
    outer loop
      vertex -6.56436 0 2.2
      vertex -2.95968 -1.45955 2.2
      vertex -3.0488 -1.26285 2.2
    endloop
  endfacet
  facet normal 0 0 1
    outer loop
      vertex -6.56436 0 2.2
      vertex -3.0488 -1.26285 2.2
      vertex -3.12487 -1.06075 2.2
    endloop
  endfacet
  facet normal 0 0 1
    outer loop
      vertex -6.56436 0 2.2
      vertex -3.12487 -1.06075 2.2
      vertex -3.18755 -0.854102 2.2
    endloop
  endfacet
  facet normal 0 0 1
    outer loop
      vertex -6.56436 0 2.2
      vertex -3.18755 -0.854102 2.2
      vertex -3.23659 -0.643798 2.2
    endloop
  endfacet
  facet normal 0 0 1
    outer loop
      vertex -6.56436 0 2.2
      vertex -3.23659 -0.643798 2.2
      vertex -3.27177 -0.430736 2.2
    endloop
  endfacet
  facet normal 0 0 1
    outer loop
      vertex -6.56436 0 2.2
      vertex -3.27177 -0.430736 2.2
      vertex -3.29293 -0.21583 2.2
    endloop
  endfacet
  facet normal -0 0 1
    outer loop
      vertex -6.56436 0 2.2
      vertex -3.29293 -0.21583 2.2
      vertex -3.3 0 2.2
    endloop
  endfacet
  facet normal 0 0 1
    outer loop
      vertex -2.85788 -1.65 2.2
      vertex -6.56436 0 2.2
      vertex -3.28218 -5.6849 2.2
    endloop
  endfacet
  facet normal -0.995188 -0.0979878 0
    outer loop
      vertex 3.29293 0.21583 0
      vertex 3.27177 0.430736 2.2
      vertex 3.27177 0.430736 0
    endloop
  endfacet
  facet normal -0.995188 -0.0979878 0
    outer loop
      vertex 3.27177 0.430736 2.2
      vertex 3.29293 0.21583 0
      vertex 3.29293 0.21583 2.2
    endloop
  endfacet
  facet normal -0.999464 -0.0327397 0
    outer loop
      vertex 3.3 0 0
      vertex 3.29293 0.21583 2.2
      vertex 3.29293 0.21583 0
    endloop
  endfacet
  facet normal -0.999464 -0.0327397 0
    outer loop
      vertex 3.29293 0.21583 2.2
      vertex 3.3 0 0
      vertex 3.3 0 2.2
    endloop
  endfacet
  facet normal -0.986641 -0.16291 0
    outer loop
      vertex 3.27177 0.430736 0
      vertex 3.23659 0.643798 2.2
      vertex 3.23659 0.643798 0
    endloop
  endfacet
  facet normal -0.986641 -0.16291 0
    outer loop
      vertex 3.23659 0.643798 2.2
      vertex 3.27177 0.430736 0
      vertex 3.27177 0.430736 2.2
    endloop
  endfacet
  facet normal -0.973873 -0.227094 0
    outer loop
      vertex 3.23659 0.643798 0
      vertex 3.18755 0.854102 2.2
      vertex 3.18755 0.854102 0
    endloop
  endfacet
  facet normal -0.973873 -0.227094 0
    outer loop
      vertex 3.18755 0.854102 2.2
      vertex 3.23659 0.643798 0
      vertex 3.23659 0.643798 2.2
    endloop
  endfacet
  facet normal -0.91087 -0.412693 0
    outer loop
      vertex 3.0488 1.26285 0
      vertex 2.95968 1.45955 2.2
      vertex 2.95968 1.45955 0
    endloop
  endfacet
  facet normal -0.91087 -0.412693 0
    outer loop
      vertex 2.95968 1.45955 2.2
      vertex 3.0488 1.26285 0
      vertex 3.0488 1.26285 2.2
    endloop
  endfacet
  facet normal -0.471405 -0.881917 0
    outer loop
      vertex 1.45955 2.95968 0
      vertex 1.65 2.85788 2.2
      vertex 1.45955 2.95968 2.2
    endloop
  endfacet
  facet normal -0.471405 -0.881917 -0
    outer loop
      vertex 1.65 2.85788 2.2
      vertex 1.45955 2.95968 0
      vertex 1.65 2.85788 0
    endloop
  endfacet
  facet normal -0.471405 0.881917 0
    outer loop
      vertex 1.65 -2.85788 0
      vertex 1.45955 -2.95968 2.2
      vertex 1.65 -2.85788 2.2
    endloop
  endfacet
  facet normal -0.471405 0.881917 0
    outer loop
      vertex 1.45955 -2.95968 2.2
      vertex 1.65 -2.85788 0
      vertex 1.45955 -2.95968 0
    endloop
  endfacet
  facet normal -0.16291 0.986641 0
    outer loop
      vertex 0.643798 -3.23659 0
      vertex 0.430736 -3.27177 2.2
      vertex 0.643798 -3.23659 2.2
    endloop
  endfacet
  facet normal -0.16291 0.986641 0
    outer loop
      vertex 0.430736 -3.27177 2.2
      vertex 0.643798 -3.23659 0
      vertex 0.430736 -3.27177 0
    endloop
  endfacet
  facet normal -0.995188 0.0979878 0
    outer loop
      vertex 3.27177 -0.430736 0
      vertex 3.29293 -0.21583 2.2
      vertex 3.29293 -0.21583 0
    endloop
  endfacet
  facet normal -0.995188 0.0979878 0
    outer loop
      vertex 3.29293 -0.21583 2.2
      vertex 3.27177 -0.430736 0
      vertex 3.27177 -0.430736 2.2
    endloop
  endfacet
  facet normal -0.0979878 -0.995188 0
    outer loop
      vertex 0.21583 3.29293 0
      vertex 0.430736 3.27177 2.2
      vertex 0.21583 3.29293 2.2
    endloop
  endfacet
  facet normal -0.0979878 -0.995188 -0
    outer loop
      vertex 0.430736 3.27177 2.2
      vertex 0.21583 3.29293 0
      vertex 0.430736 3.27177 0
    endloop
  endfacet
  facet normal -0.528058 0.849208 0
    outer loop
      vertex 1.83338 -2.74385 0
      vertex 1.65 -2.85788 2.2
      vertex 1.83338 -2.74385 2.2
    endloop
  endfacet
  facet normal -0.528058 0.849208 0
    outer loop
      vertex 1.65 -2.85788 2.2
      vertex 1.83338 -2.74385 0
      vertex 1.65 -2.85788 0
    endloop
  endfacet
  facet normal -0.881917 -0.471405 0
    outer loop
      vertex 2.95968 1.45955 0
      vertex 2.85788 1.65 2.2
      vertex 2.85788 1.65 0
    endloop
  endfacet
  facet normal -0.881917 -0.471405 0
    outer loop
      vertex 2.85788 1.65 2.2
      vertex 2.95968 1.45955 0
      vertex 2.95968 1.45955 2.2
    endloop
  endfacet
  facet normal -0.935898 -0.35227 0
    outer loop
      vertex 3.12487 1.06075 0
      vertex 3.0488 1.26285 2.2
      vertex 3.0488 1.26285 0
    endloop
  endfacet
  facet normal -0.935898 -0.35227 0
    outer loop
      vertex 3.0488 1.26285 2.2
      vertex 3.12487 1.06075 0
      vertex 3.12487 1.06075 2.2
    endloop
  endfacet
  facet normal 0.634405 0.773001 -0
    outer loop
      vertex -2.00891 -2.61807 0
      vertex -2.17584 -2.48107 2.2
      vertex -2.00891 -2.61807 2.2
    endloop
  endfacet
  facet normal 0.634405 0.773001 0
    outer loop
      vertex -2.17584 -2.48107 2.2
      vertex -2.00891 -2.61807 0
      vertex -2.17584 -2.48107 0
    endloop
  endfacet
  facet normal 0.973873 -0.227094 0
    outer loop
      vertex -3.23659 0.643798 2.2
      vertex -3.18755 0.854102 0
      vertex -3.18755 0.854102 2.2
    endloop
  endfacet
  facet normal 0.973873 -0.227094 0
    outer loop
      vertex -3.18755 0.854102 0
      vertex -3.23659 0.643798 2.2
      vertex -3.23659 0.643798 0
    endloop
  endfacet
  facet normal -0.849208 -0.528058 0
    outer loop
      vertex 2.85788 1.65 0
      vertex 2.74385 1.83338 2.2
      vertex 2.74385 1.83338 0
    endloop
  endfacet
  facet normal -0.849208 -0.528058 0
    outer loop
      vertex 2.74385 1.83338 2.2
      vertex 2.85788 1.65 0
      vertex 2.85788 1.65 2.2
    endloop
  endfacet
  facet normal 0.956948 0.290259 0
    outer loop
      vertex -3.12487 -1.06075 2.2
      vertex -3.18755 -0.854102 0
      vertex -3.18755 -0.854102 2.2
    endloop
  endfacet
  facet normal 0.956948 0.290259 0
    outer loop
      vertex -3.18755 -0.854102 0
      vertex -3.12487 -1.06075 2.2
      vertex -3.12487 -1.06075 0
    endloop
  endfacet
  facet normal 0.729859 -0.683598 0
    outer loop
      vertex -2.48107 2.17584 2.2
      vertex -2.33345 2.33345 0
      vertex -2.33345 2.33345 2.2
    endloop
  endfacet
  facet normal 0.729859 -0.683598 0
    outer loop
      vertex -2.33345 2.33345 0
      vertex -2.48107 2.17584 2.2
      vertex -2.48107 2.17584 0
    endloop
  endfacet
  facet normal -0.582468 -0.812853 0
    outer loop
      vertex 1.83338 2.74385 0
      vertex 2.00891 2.61807 2.2
      vertex 1.83338 2.74385 2.2
    endloop
  endfacet
  facet normal -0.582468 -0.812853 -0
    outer loop
      vertex 2.00891 2.61807 2.2
      vertex 1.83338 2.74385 0
      vertex 2.00891 2.61807 0
    endloop
  endfacet
  facet normal 0.35227 -0.935898 0
    outer loop
      vertex -1.26285 3.0488 0
      vertex -1.06075 3.12487 2.2
      vertex -1.26285 3.0488 2.2
    endloop
  endfacet
  facet normal 0.35227 -0.935898 0
    outer loop
      vertex -1.06075 3.12487 2.2
      vertex -1.26285 3.0488 0
      vertex -1.06075 3.12487 0
    endloop
  endfacet
  facet normal 0.582468 -0.812853 0
    outer loop
      vertex -2.00891 2.61807 0
      vertex -1.83338 2.74385 2.2
      vertex -2.00891 2.61807 2.2
    endloop
  endfacet
  facet normal 0.582468 -0.812853 0
    outer loop
      vertex -1.83338 2.74385 2.2
      vertex -2.00891 2.61807 0
      vertex -1.83338 2.74385 0
    endloop
  endfacet
  facet normal 0.683598 0.729859 -0
    outer loop
      vertex -2.17584 -2.48107 0
      vertex -2.33345 -2.33345 2.2
      vertex -2.17584 -2.48107 2.2
    endloop
  endfacet
  facet normal 0.683598 0.729859 0
    outer loop
      vertex -2.33345 -2.33345 2.2
      vertex -2.17584 -2.48107 0
      vertex -2.33345 -2.33345 0
    endloop
  endfacet
  facet normal -0.956948 -0.290259 0
    outer loop
      vertex 3.18755 0.854102 0
      vertex 3.12487 1.06075 2.2
      vertex 3.12487 1.06075 0
    endloop
  endfacet
  facet normal -0.956948 -0.290259 0
    outer loop
      vertex 3.12487 1.06075 2.2
      vertex 3.18755 0.854102 0
      vertex 3.18755 0.854102 2.2
    endloop
  endfacet
  facet normal -0.0979878 0.995188 0
    outer loop
      vertex 0.430736 -3.27177 0
      vertex 0.21583 -3.29293 2.2
      vertex 0.430736 -3.27177 2.2
    endloop
  endfacet
  facet normal -0.0979878 0.995188 0
    outer loop
      vertex 0.21583 -3.29293 2.2
      vertex 0.430736 -3.27177 0
      vertex 0.21583 -3.29293 0
    endloop
  endfacet
  facet normal 0.683598 -0.729859 0
    outer loop
      vertex -2.33345 2.33345 0
      vertex -2.17584 2.48107 2.2
      vertex -2.33345 2.33345 2.2
    endloop
  endfacet
  facet normal 0.683598 -0.729859 0
    outer loop
      vertex -2.17584 2.48107 2.2
      vertex -2.33345 2.33345 0
      vertex -2.17584 2.48107 0
    endloop
  endfacet
  facet normal 0.986641 -0.16291 0
    outer loop
      vertex -3.27177 0.430736 2.2
      vertex -3.23659 0.643798 0
      vertex -3.23659 0.643798 2.2
    endloop
  endfacet
  facet normal 0.986641 -0.16291 0
    outer loop
      vertex -3.23659 0.643798 0
      vertex -3.27177 0.430736 2.2
      vertex -3.27177 0.430736 0
    endloop
  endfacet
  facet normal 0.91087 -0.412693 0
    outer loop
      vertex -3.0488 1.26285 2.2
      vertex -2.95968 1.45955 0
      vertex -2.95968 1.45955 2.2
    endloop
  endfacet
  facet normal 0.91087 -0.412693 0
    outer loop
      vertex -2.95968 1.45955 0
      vertex -3.0488 1.26285 2.2
      vertex -3.0488 1.26285 0
    endloop
  endfacet
  facet normal 0.0979878 0.995188 -0
    outer loop
      vertex -0.21583 -3.29293 0
      vertex -0.430736 -3.27177 2.2
      vertex -0.21583 -3.29293 2.2
    endloop
  endfacet
  facet normal 0.0979878 0.995188 0
    outer loop
      vertex -0.430736 -3.27177 2.2
      vertex -0.21583 -3.29293 0
      vertex -0.430736 -3.27177 0
    endloop
  endfacet
  facet normal -0.999464 0.0327397 0
    outer loop
      vertex 3.29293 -0.21583 0
      vertex 3.3 0 2.2
      vertex 3.3 0 0
    endloop
  endfacet
  facet normal -0.999464 0.0327397 0
    outer loop
      vertex 3.3 0 2.2
      vertex 3.29293 -0.21583 0
      vertex 3.29293 -0.21583 2.2
    endloop
  endfacet
  facet normal 0.812853 0.582468 0
    outer loop
      vertex -2.61807 -2.00891 2.2
      vertex -2.74385 -1.83338 0
      vertex -2.74385 -1.83338 2.2
    endloop
  endfacet
  facet normal 0.812853 0.582468 0
    outer loop
      vertex -2.74385 -1.83338 0
      vertex -2.61807 -2.00891 2.2
      vertex -2.61807 -2.00891 0
    endloop
  endfacet
  facet normal -0.881917 0.471405 0
    outer loop
      vertex 2.85788 -1.65 0
      vertex 2.95968 -1.45955 2.2
      vertex 2.95968 -1.45955 0
    endloop
  endfacet
  facet normal -0.881917 0.471405 0
    outer loop
      vertex 2.95968 -1.45955 2.2
      vertex 2.85788 -1.65 0
      vertex 2.85788 -1.65 2.2
    endloop
  endfacet
  facet normal -0.986641 0.16291 0
    outer loop
      vertex 3.23659 -0.643798 0
      vertex 3.27177 -0.430736 2.2
      vertex 3.27177 -0.430736 0
    endloop
  endfacet
  facet normal -0.986641 0.16291 0
    outer loop
      vertex 3.27177 -0.430736 2.2
      vertex 3.23659 -0.643798 0
      vertex 3.23659 -0.643798 2.2
    endloop
  endfacet
  facet normal -0.956948 0.290259 0
    outer loop
      vertex 3.12487 -1.06075 0
      vertex 3.18755 -0.854102 2.2
      vertex 3.18755 -0.854102 0
    endloop
  endfacet
  facet normal -0.956948 0.290259 0
    outer loop
      vertex 3.18755 -0.854102 2.2
      vertex 3.12487 -1.06075 0
      vertex 3.12487 -1.06075 2.2
    endloop
  endfacet
  facet normal 0.729859 0.683598 0
    outer loop
      vertex -2.33345 -2.33345 2.2
      vertex -2.48107 -2.17584 0
      vertex -2.48107 -2.17584 2.2
    endloop
  endfacet
  facet normal 0.729859 0.683598 0
    outer loop
      vertex -2.48107 -2.17584 0
      vertex -2.33345 -2.33345 2.2
      vertex -2.33345 -2.33345 0
    endloop
  endfacet
  facet normal 0.935898 -0.35227 0
    outer loop
      vertex -3.12487 1.06075 2.2
      vertex -3.0488 1.26285 0
      vertex -3.0488 1.26285 2.2
    endloop
  endfacet
  facet normal 0.935898 -0.35227 0
    outer loop
      vertex -3.0488 1.26285 0
      vertex -3.12487 1.06075 2.2
      vertex -3.12487 1.06075 0
    endloop
  endfacet
  facet normal 0.0327397 -0.999464 0
    outer loop
      vertex -0.21583 3.29293 0
      vertex 0 3.3 2.2
      vertex -0.21583 3.29293 2.2
    endloop
  endfacet
  facet normal 0.0327397 -0.999464 0
    outer loop
      vertex 0 3.3 2.2
      vertex -0.21583 3.29293 0
      vertex 0 3.3 0
    endloop
  endfacet
  facet normal -0.528058 -0.849208 0
    outer loop
      vertex 1.65 2.85788 0
      vertex 1.83338 2.74385 2.2
      vertex 1.65 2.85788 2.2
    endloop
  endfacet
  facet normal -0.528058 -0.849208 -0
    outer loop
      vertex 1.83338 2.74385 2.2
      vertex 1.65 2.85788 0
      vertex 1.83338 2.74385 0
    endloop
  endfacet
  facet normal -0.773001 0.634405 0
    outer loop
      vertex 2.48107 -2.17584 0
      vertex 2.61807 -2.00891 2.2
      vertex 2.61807 -2.00891 0
    endloop
  endfacet
  facet normal -0.773001 0.634405 0
    outer loop
      vertex 2.61807 -2.00891 2.2
      vertex 2.48107 -2.17584 0
      vertex 2.48107 -2.17584 2.2
    endloop
  endfacet
  facet normal -0.35227 -0.935898 0
    outer loop
      vertex 1.06075 3.12487 0
      vertex 1.26285 3.0488 2.2
      vertex 1.06075 3.12487 2.2
    endloop
  endfacet
  facet normal -0.35227 -0.935898 -0
    outer loop
      vertex 1.26285 3.0488 2.2
      vertex 1.06075 3.12487 0
      vertex 1.26285 3.0488 0
    endloop
  endfacet
  facet normal 0.528058 -0.849208 0
    outer loop
      vertex -1.83338 2.74385 0
      vertex -1.65 2.85788 2.2
      vertex -1.83338 2.74385 2.2
    endloop
  endfacet
  facet normal 0.528058 -0.849208 0
    outer loop
      vertex -1.65 2.85788 2.2
      vertex -1.83338 2.74385 0
      vertex -1.65 2.85788 0
    endloop
  endfacet
  facet normal 0.0327397 0.999464 -0
    outer loop
      vertex 0 -3.3 0
      vertex -0.21583 -3.29293 2.2
      vertex 0 -3.3 2.2
    endloop
  endfacet
  facet normal 0.0327397 0.999464 0
    outer loop
      vertex -0.21583 -3.29293 2.2
      vertex 0 -3.3 0
      vertex -0.21583 -3.29293 0
    endloop
  endfacet
  facet normal 0.227094 0.973873 -0
    outer loop
      vertex -0.643798 -3.23659 0
      vertex -0.854102 -3.18755 2.2
      vertex -0.643798 -3.23659 2.2
    endloop
  endfacet
  facet normal 0.227094 0.973873 0
    outer loop
      vertex -0.854102 -3.18755 2.2
      vertex -0.643798 -3.23659 0
      vertex -0.854102 -3.18755 0
    endloop
  endfacet
  facet normal 0.528058 0.849208 -0
    outer loop
      vertex -1.65 -2.85788 0
      vertex -1.83338 -2.74385 2.2
      vertex -1.65 -2.85788 2.2
    endloop
  endfacet
  facet normal 0.528058 0.849208 0
    outer loop
      vertex -1.83338 -2.74385 2.2
      vertex -1.65 -2.85788 0
      vertex -1.83338 -2.74385 0
    endloop
  endfacet
  facet normal -0.634405 -0.773001 0
    outer loop
      vertex 2.00891 2.61807 0
      vertex 2.17584 2.48107 2.2
      vertex 2.00891 2.61807 2.2
    endloop
  endfacet
  facet normal -0.634405 -0.773001 -0
    outer loop
      vertex 2.17584 2.48107 2.2
      vertex 2.00891 2.61807 0
      vertex 2.17584 2.48107 0
    endloop
  endfacet
  facet normal 0.16291 0.986641 -0
    outer loop
      vertex -0.430736 -3.27177 0
      vertex -0.643798 -3.23659 2.2
      vertex -0.430736 -3.27177 2.2
    endloop
  endfacet
  facet normal 0.16291 0.986641 0
    outer loop
      vertex -0.643798 -3.23659 2.2
      vertex -0.430736 -3.27177 0
      vertex -0.643798 -3.23659 0
    endloop
  endfacet
  facet normal 0.227094 -0.973873 0
    outer loop
      vertex -0.854102 3.18755 0
      vertex -0.643798 3.23659 2.2
      vertex -0.854102 3.18755 2.2
    endloop
  endfacet
  facet normal 0.227094 -0.973873 0
    outer loop
      vertex -0.643798 3.23659 2.2
      vertex -0.854102 3.18755 0
      vertex -0.643798 3.23659 0
    endloop
  endfacet
  facet normal 0.16291 -0.986641 0
    outer loop
      vertex -0.643798 3.23659 0
      vertex -0.430736 3.27177 2.2
      vertex -0.643798 3.23659 2.2
    endloop
  endfacet
  facet normal 0.16291 -0.986641 0
    outer loop
      vertex -0.430736 3.27177 2.2
      vertex -0.643798 3.23659 0
      vertex -0.430736 3.27177 0
    endloop
  endfacet
  facet normal -0.227094 0.973873 0
    outer loop
      vertex 0.854102 -3.18755 0
      vertex 0.643798 -3.23659 2.2
      vertex 0.854102 -3.18755 2.2
    endloop
  endfacet
  facet normal -0.227094 0.973873 0
    outer loop
      vertex 0.643798 -3.23659 2.2
      vertex 0.854102 -3.18755 0
      vertex 0.643798 -3.23659 0
    endloop
  endfacet
  facet normal -0.16291 -0.986641 0
    outer loop
      vertex 0.430736 3.27177 0
      vertex 0.643798 3.23659 2.2
      vertex 0.430736 3.27177 2.2
    endloop
  endfacet
  facet normal -0.16291 -0.986641 -0
    outer loop
      vertex 0.643798 3.23659 2.2
      vertex 0.430736 3.27177 0
      vertex 0.643798 3.23659 0
    endloop
  endfacet
  facet normal -0.35227 0.935898 0
    outer loop
      vertex 1.26285 -3.0488 0
      vertex 1.06075 -3.12487 2.2
      vertex 1.26285 -3.0488 2.2
    endloop
  endfacet
  facet normal -0.35227 0.935898 0
    outer loop
      vertex 1.06075 -3.12487 2.2
      vertex 1.26285 -3.0488 0
      vertex 1.06075 -3.12487 0
    endloop
  endfacet
  facet normal -0.290259 0.956948 0
    outer loop
      vertex 1.06075 -3.12487 0
      vertex 0.854102 -3.18755 2.2
      vertex 1.06075 -3.12487 2.2
    endloop
  endfacet
  facet normal -0.290259 0.956948 0
    outer loop
      vertex 0.854102 -3.18755 2.2
      vertex 1.06075 -3.12487 0
      vertex 0.854102 -3.18755 0
    endloop
  endfacet
  facet normal -0.683598 -0.729859 0
    outer loop
      vertex 2.17584 2.48107 0
      vertex 2.33345 2.33345 2.2
      vertex 2.17584 2.48107 2.2
    endloop
  endfacet
  facet normal -0.683598 -0.729859 -0
    outer loop
      vertex 2.33345 2.33345 2.2
      vertex 2.17584 2.48107 0
      vertex 2.33345 2.33345 0
    endloop
  endfacet
  facet normal 0.0979878 -0.995188 0
    outer loop
      vertex -0.430736 3.27177 0
      vertex -0.21583 3.29293 2.2
      vertex -0.430736 3.27177 2.2
    endloop
  endfacet
  facet normal 0.0979878 -0.995188 0
    outer loop
      vertex -0.21583 3.29293 2.2
      vertex -0.430736 3.27177 0
      vertex -0.21583 3.29293 0
    endloop
  endfacet
  facet normal 0.849208 -0.528058 0
    outer loop
      vertex -2.85788 1.65 2.2
      vertex -2.74385 1.83338 0
      vertex -2.74385 1.83338 2.2
    endloop
  endfacet
  facet normal 0.849208 -0.528058 0
    outer loop
      vertex -2.74385 1.83338 0
      vertex -2.85788 1.65 2.2
      vertex -2.85788 1.65 0
    endloop
  endfacet
  facet normal -0.412693 0.91087 0
    outer loop
      vertex 1.45955 -2.95968 0
      vertex 1.26285 -3.0488 2.2
      vertex 1.45955 -2.95968 2.2
    endloop
  endfacet
  facet normal -0.412693 0.91087 0
    outer loop
      vertex 1.26285 -3.0488 2.2
      vertex 1.45955 -2.95968 0
      vertex 1.26285 -3.0488 0
    endloop
  endfacet
  facet normal 0.986641 0.16291 0
    outer loop
      vertex -3.23659 -0.643798 2.2
      vertex -3.27177 -0.430736 0
      vertex -3.27177 -0.430736 2.2
    endloop
  endfacet
  facet normal 0.986641 0.16291 0
    outer loop
      vertex -3.27177 -0.430736 0
      vertex -3.23659 -0.643798 2.2
      vertex -3.23659 -0.643798 0
    endloop
  endfacet
  facet normal 0.412693 -0.91087 0
    outer loop
      vertex -1.45955 2.95968 0
      vertex -1.26285 3.0488 2.2
      vertex -1.45955 2.95968 2.2
    endloop
  endfacet
  facet normal 0.412693 -0.91087 0
    outer loop
      vertex -1.26285 3.0488 2.2
      vertex -1.45955 2.95968 0
      vertex -1.26285 3.0488 0
    endloop
  endfacet
  facet normal 0.935898 0.35227 0
    outer loop
      vertex -3.0488 -1.26285 2.2
      vertex -3.12487 -1.06075 0
      vertex -3.12487 -1.06075 2.2
    endloop
  endfacet
  facet normal 0.935898 0.35227 0
    outer loop
      vertex -3.12487 -1.06075 0
      vertex -3.0488 -1.26285 2.2
      vertex -3.0488 -1.26285 0
    endloop
  endfacet
  facet normal 0.773001 -0.634405 0
    outer loop
      vertex -2.61807 2.00891 2.2
      vertex -2.48107 2.17584 0
      vertex -2.48107 2.17584 2.2
    endloop
  endfacet
  facet normal 0.773001 -0.634405 0
    outer loop
      vertex -2.48107 2.17584 0
      vertex -2.61807 2.00891 2.2
      vertex -2.61807 2.00891 0
    endloop
  endfacet
  facet normal 0.290259 -0.956948 0
    outer loop
      vertex -1.06075 3.12487 0
      vertex -0.854102 3.18755 2.2
      vertex -1.06075 3.12487 2.2
    endloop
  endfacet
  facet normal 0.290259 -0.956948 0
    outer loop
      vertex -0.854102 3.18755 2.2
      vertex -1.06075 3.12487 0
      vertex -0.854102 3.18755 0
    endloop
  endfacet
  facet normal 0.999464 0.0327397 0
    outer loop
      vertex -3.29293 -0.21583 2.2
      vertex -3.3 0 0
      vertex -3.3 0 2.2
    endloop
  endfacet
  facet normal 0.999464 0.0327397 0
    outer loop
      vertex -3.3 0 0
      vertex -3.29293 -0.21583 2.2
      vertex -3.29293 -0.21583 0
    endloop
  endfacet
  facet normal 0.582468 0.812853 -0
    outer loop
      vertex -1.83338 -2.74385 0
      vertex -2.00891 -2.61807 2.2
      vertex -1.83338 -2.74385 2.2
    endloop
  endfacet
  facet normal 0.582468 0.812853 0
    outer loop
      vertex -2.00891 -2.61807 2.2
      vertex -1.83338 -2.74385 0
      vertex -2.00891 -2.61807 0
    endloop
  endfacet
  facet normal -0.290259 -0.956948 0
    outer loop
      vertex 0.854102 3.18755 0
      vertex 1.06075 3.12487 2.2
      vertex 0.854102 3.18755 2.2
    endloop
  endfacet
  facet normal -0.290259 -0.956948 -0
    outer loop
      vertex 1.06075 3.12487 2.2
      vertex 0.854102 3.18755 0
      vertex 1.06075 3.12487 0
    endloop
  endfacet
  facet normal -0.973873 0.227094 0
    outer loop
      vertex 3.18755 -0.854102 0
      vertex 3.23659 -0.643798 2.2
      vertex 3.23659 -0.643798 0
    endloop
  endfacet
  facet normal -0.973873 0.227094 0
    outer loop
      vertex 3.23659 -0.643798 2.2
      vertex 3.18755 -0.854102 0
      vertex 3.18755 -0.854102 2.2
    endloop
  endfacet
  facet normal -0.935898 0.35227 0
    outer loop
      vertex 3.0488 -1.26285 0
      vertex 3.12487 -1.06075 2.2
      vertex 3.12487 -1.06075 0
    endloop
  endfacet
  facet normal -0.935898 0.35227 0
    outer loop
      vertex 3.12487 -1.06075 2.2
      vertex 3.0488 -1.26285 0
      vertex 3.0488 -1.26285 2.2
    endloop
  endfacet
  facet normal -0.812853 -0.582468 0
    outer loop
      vertex 2.74385 1.83338 0
      vertex 2.61807 2.00891 2.2
      vertex 2.61807 2.00891 0
    endloop
  endfacet
  facet normal -0.812853 -0.582468 0
    outer loop
      vertex 2.61807 2.00891 2.2
      vertex 2.74385 1.83338 0
      vertex 2.74385 1.83338 2.2
    endloop
  endfacet
  facet normal 0.956948 -0.290259 0
    outer loop
      vertex -3.18755 0.854102 2.2
      vertex -3.12487 1.06075 0
      vertex -3.12487 1.06075 2.2
    endloop
  endfacet
  facet normal 0.956948 -0.290259 0
    outer loop
      vertex -3.12487 1.06075 0
      vertex -3.18755 0.854102 2.2
      vertex -3.18755 0.854102 0
    endloop
  endfacet
  facet normal 0.812853 -0.582468 0
    outer loop
      vertex -2.74385 1.83338 2.2
      vertex -2.61807 2.00891 0
      vertex -2.61807 2.00891 2.2
    endloop
  endfacet
  facet normal 0.812853 -0.582468 0
    outer loop
      vertex -2.61807 2.00891 0
      vertex -2.74385 1.83338 2.2
      vertex -2.74385 1.83338 0
    endloop
  endfacet
  facet normal 0.634405 -0.773001 0
    outer loop
      vertex -2.17584 2.48107 0
      vertex -2.00891 2.61807 2.2
      vertex -2.17584 2.48107 2.2
    endloop
  endfacet
  facet normal 0.634405 -0.773001 0
    outer loop
      vertex -2.00891 2.61807 2.2
      vertex -2.17584 2.48107 0
      vertex -2.00891 2.61807 0
    endloop
  endfacet
  facet normal -0.412693 -0.91087 0
    outer loop
      vertex 1.26285 3.0488 0
      vertex 1.45955 2.95968 2.2
      vertex 1.26285 3.0488 2.2
    endloop
  endfacet
  facet normal -0.412693 -0.91087 -0
    outer loop
      vertex 1.45955 2.95968 2.2
      vertex 1.26285 3.0488 0
      vertex 1.45955 2.95968 0
    endloop
  endfacet
  facet normal 0.849208 0.528058 0
    outer loop
      vertex -2.74385 -1.83338 2.2
      vertex -2.85788 -1.65 0
      vertex -2.85788 -1.65 2.2
    endloop
  endfacet
  facet normal 0.849208 0.528058 0
    outer loop
      vertex -2.85788 -1.65 0
      vertex -2.74385 -1.83338 2.2
      vertex -2.74385 -1.83338 0
    endloop
  endfacet
  facet normal 0.973873 0.227094 0
    outer loop
      vertex -3.18755 -0.854102 2.2
      vertex -3.23659 -0.643798 0
      vertex -3.23659 -0.643798 2.2
    endloop
  endfacet
  facet normal 0.973873 0.227094 0
    outer loop
      vertex -3.23659 -0.643798 0
      vertex -3.18755 -0.854102 2.2
      vertex -3.18755 -0.854102 0
    endloop
  endfacet
  facet normal -0.729859 0.683598 0
    outer loop
      vertex 2.33345 -2.33345 0
      vertex 2.48107 -2.17584 2.2
      vertex 2.48107 -2.17584 0
    endloop
  endfacet
  facet normal -0.729859 0.683598 0
    outer loop
      vertex 2.48107 -2.17584 2.2
      vertex 2.33345 -2.33345 0
      vertex 2.33345 -2.33345 2.2
    endloop
  endfacet
  facet normal 0.773001 0.634405 0
    outer loop
      vertex -2.48107 -2.17584 2.2
      vertex -2.61807 -2.00891 0
      vertex -2.61807 -2.00891 2.2
    endloop
  endfacet
  facet normal 0.773001 0.634405 0
    outer loop
      vertex -2.61807 -2.00891 0
      vertex -2.48107 -2.17584 2.2
      vertex -2.48107 -2.17584 0
    endloop
  endfacet
  facet normal 0.999464 -0.0327397 0
    outer loop
      vertex -3.3 0 2.2
      vertex -3.29293 0.21583 0
      vertex -3.29293 0.21583 2.2
    endloop
  endfacet
  facet normal 0.999464 -0.0327397 0
    outer loop
      vertex -3.29293 0.21583 0
      vertex -3.3 0 2.2
      vertex -3.3 0 0
    endloop
  endfacet
  facet normal -0.0327397 0.999464 0
    outer loop
      vertex 0.21583 -3.29293 0
      vertex 0 -3.3 2.2
      vertex 0.21583 -3.29293 2.2
    endloop
  endfacet
  facet normal -0.0327397 0.999464 0
    outer loop
      vertex 0 -3.3 2.2
      vertex 0.21583 -3.29293 0
      vertex 0 -3.3 0
    endloop
  endfacet
  facet normal 0.471405 0.881917 -0
    outer loop
      vertex -1.45955 -2.95968 0
      vertex -1.65 -2.85788 2.2
      vertex -1.45955 -2.95968 2.2
    endloop
  endfacet
  facet normal 0.471405 0.881917 0
    outer loop
      vertex -1.65 -2.85788 2.2
      vertex -1.45955 -2.95968 0
      vertex -1.65 -2.85788 0
    endloop
  endfacet
  facet normal -0.773001 -0.634405 0
    outer loop
      vertex 2.61807 2.00891 0
      vertex 2.48107 2.17584 2.2
      vertex 2.48107 2.17584 0
    endloop
  endfacet
  facet normal -0.773001 -0.634405 0
    outer loop
      vertex 2.48107 2.17584 2.2
      vertex 2.61807 2.00891 0
      vertex 2.61807 2.00891 2.2
    endloop
  endfacet
  facet normal -0.582468 0.812853 0
    outer loop
      vertex 2.00891 -2.61807 0
      vertex 1.83338 -2.74385 2.2
      vertex 2.00891 -2.61807 2.2
    endloop
  endfacet
  facet normal -0.582468 0.812853 0
    outer loop
      vertex 1.83338 -2.74385 2.2
      vertex 2.00891 -2.61807 0
      vertex 1.83338 -2.74385 0
    endloop
  endfacet
  facet normal 0.881917 0.471405 0
    outer loop
      vertex -2.85788 -1.65 2.2
      vertex -2.95968 -1.45955 0
      vertex -2.95968 -1.45955 2.2
    endloop
  endfacet
  facet normal 0.881917 0.471405 0
    outer loop
      vertex -2.95968 -1.45955 0
      vertex -2.85788 -1.65 2.2
      vertex -2.85788 -1.65 0
    endloop
  endfacet
  facet normal 0.995188 0.0979878 0
    outer loop
      vertex -3.27177 -0.430736 2.2
      vertex -3.29293 -0.21583 0
      vertex -3.29293 -0.21583 2.2
    endloop
  endfacet
  facet normal 0.995188 0.0979878 0
    outer loop
      vertex -3.29293 -0.21583 0
      vertex -3.27177 -0.430736 2.2
      vertex -3.27177 -0.430736 0
    endloop
  endfacet
  facet normal 0.91087 0.412693 0
    outer loop
      vertex -2.95968 -1.45955 2.2
      vertex -3.0488 -1.26285 0
      vertex -3.0488 -1.26285 2.2
    endloop
  endfacet
  facet normal 0.91087 0.412693 0
    outer loop
      vertex -3.0488 -1.26285 0
      vertex -2.95968 -1.45955 2.2
      vertex -2.95968 -1.45955 0
    endloop
  endfacet
  facet normal -0.91087 0.412693 0
    outer loop
      vertex 2.95968 -1.45955 0
      vertex 3.0488 -1.26285 2.2
      vertex 3.0488 -1.26285 0
    endloop
  endfacet
  facet normal -0.91087 0.412693 0
    outer loop
      vertex 3.0488 -1.26285 2.2
      vertex 2.95968 -1.45955 0
      vertex 2.95968 -1.45955 2.2
    endloop
  endfacet
  facet normal -0.0327397 -0.999464 0
    outer loop
      vertex 0 3.3 0
      vertex 0.21583 3.29293 2.2
      vertex 0 3.3 2.2
    endloop
  endfacet
  facet normal -0.0327397 -0.999464 -0
    outer loop
      vertex 0.21583 3.29293 2.2
      vertex 0 3.3 0
      vertex 0.21583 3.29293 0
    endloop
  endfacet
  facet normal 0.35227 0.935898 -0
    outer loop
      vertex -1.06075 -3.12487 0
      vertex -1.26285 -3.0488 2.2
      vertex -1.06075 -3.12487 2.2
    endloop
  endfacet
  facet normal 0.35227 0.935898 0
    outer loop
      vertex -1.26285 -3.0488 2.2
      vertex -1.06075 -3.12487 0
      vertex -1.26285 -3.0488 0
    endloop
  endfacet
  facet normal -0.729859 -0.683598 0
    outer loop
      vertex 2.48107 2.17584 0
      vertex 2.33345 2.33345 2.2
      vertex 2.33345 2.33345 0
    endloop
  endfacet
  facet normal -0.729859 -0.683598 0
    outer loop
      vertex 2.33345 2.33345 2.2
      vertex 2.48107 2.17584 0
      vertex 2.48107 2.17584 2.2
    endloop
  endfacet
  facet normal -0.849208 0.528058 0
    outer loop
      vertex 2.74385 -1.83338 0
      vertex 2.85788 -1.65 2.2
      vertex 2.85788 -1.65 0
    endloop
  endfacet
  facet normal -0.849208 0.528058 0
    outer loop
      vertex 2.85788 -1.65 2.2
      vertex 2.74385 -1.83338 0
      vertex 2.74385 -1.83338 2.2
    endloop
  endfacet
  facet normal -0.812853 0.582468 0
    outer loop
      vertex 2.61807 -2.00891 0
      vertex 2.74385 -1.83338 2.2
      vertex 2.74385 -1.83338 0
    endloop
  endfacet
  facet normal -0.812853 0.582468 0
    outer loop
      vertex 2.74385 -1.83338 2.2
      vertex 2.61807 -2.00891 0
      vertex 2.61807 -2.00891 2.2
    endloop
  endfacet
  facet normal 0.881917 -0.471405 0
    outer loop
      vertex -2.95968 1.45955 2.2
      vertex -2.85788 1.65 0
      vertex -2.85788 1.65 2.2
    endloop
  endfacet
  facet normal 0.881917 -0.471405 0
    outer loop
      vertex -2.85788 1.65 0
      vertex -2.95968 1.45955 2.2
      vertex -2.95968 1.45955 0
    endloop
  endfacet
  facet normal -0.683598 0.729859 0
    outer loop
      vertex 2.33345 -2.33345 0
      vertex 2.17584 -2.48107 2.2
      vertex 2.33345 -2.33345 2.2
    endloop
  endfacet
  facet normal -0.683598 0.729859 0
    outer loop
      vertex 2.17584 -2.48107 2.2
      vertex 2.33345 -2.33345 0
      vertex 2.17584 -2.48107 0
    endloop
  endfacet
  facet normal 0.412693 0.91087 -0
    outer loop
      vertex -1.26285 -3.0488 0
      vertex -1.45955 -2.95968 2.2
      vertex -1.26285 -3.0488 2.2
    endloop
  endfacet
  facet normal 0.412693 0.91087 0
    outer loop
      vertex -1.45955 -2.95968 2.2
      vertex -1.26285 -3.0488 0
      vertex -1.45955 -2.95968 0
    endloop
  endfacet
  facet normal 0.995188 -0.0979878 0
    outer loop
      vertex -3.29293 0.21583 2.2
      vertex -3.27177 0.430736 0
      vertex -3.27177 0.430736 2.2
    endloop
  endfacet
  facet normal 0.995188 -0.0979878 0
    outer loop
      vertex -3.27177 0.430736 0
      vertex -3.29293 0.21583 2.2
      vertex -3.29293 0.21583 0
    endloop
  endfacet
  facet normal -0.634405 0.773001 0
    outer loop
      vertex 2.17584 -2.48107 0
      vertex 2.00891 -2.61807 2.2
      vertex 2.17584 -2.48107 2.2
    endloop
  endfacet
  facet normal -0.634405 0.773001 0
    outer loop
      vertex 2.00891 -2.61807 2.2
      vertex 2.17584 -2.48107 0
      vertex 2.00891 -2.61807 0
    endloop
  endfacet
  facet normal 0.290259 0.956948 -0
    outer loop
      vertex -0.854102 -3.18755 0
      vertex -1.06075 -3.12487 2.2
      vertex -0.854102 -3.18755 2.2
    endloop
  endfacet
  facet normal 0.290259 0.956948 0
    outer loop
      vertex -1.06075 -3.12487 2.2
      vertex -0.854102 -3.18755 0
      vertex -1.06075 -3.12487 0
    endloop
  endfacet
  facet normal -0.227094 -0.973873 0
    outer loop
      vertex 0.643798 3.23659 0
      vertex 0.854102 3.18755 2.2
      vertex 0.643798 3.23659 2.2
    endloop
  endfacet
  facet normal -0.227094 -0.973873 -0
    outer loop
      vertex 0.854102 3.18755 2.2
      vertex 0.643798 3.23659 0
      vertex 0.854102 3.18755 0
    endloop
  endfacet
  facet normal 0.471405 -0.881917 0
    outer loop
      vertex -1.65 2.85788 0
      vertex -1.45955 2.95968 2.2
      vertex -1.65 2.85788 2.2
    endloop
  endfacet
  facet normal 0.471405 -0.881917 0
    outer loop
      vertex -1.45955 2.95968 2.2
      vertex -1.65 2.85788 0
      vertex -1.45955 2.95968 0
    endloop
  endfacet
  facet normal -0.995188 -0.0979823 0
    outer loop
      vertex 41.0891 0.333555 0
      vertex 41.0564 0.665683 3.19
      vertex 41.0564 0.665683 0
    endloop
  endfacet
  facet normal -0.995188 -0.0979823 0
    outer loop
      vertex 41.0564 0.665683 3.19
      vertex 41.0891 0.333555 0
      vertex 41.0891 0.333555 3.19
    endloop
  endfacet
  facet normal -0.999466 -0.0326608 0
    outer loop
      vertex 41.1 0 0
      vertex 41.0891 0.333555 3.19
      vertex 41.0891 0.333555 0
    endloop
  endfacet
  facet normal -0.999466 -0.0326608 0
    outer loop
      vertex 41.0891 0.333555 3.19
      vertex 41.1 0 0
      vertex 41.1 0 3.19
    endloop
  endfacet
  facet normal -0.986626 -0.163001 0
    outer loop
      vertex 41.0564 0.665683 0
      vertex 41.002 0.99496 3.19
      vertex 41.002 0.99496 0
    endloop
  endfacet
  facet normal -0.986626 -0.163001 0
    outer loop
      vertex 41.002 0.99496 3.19
      vertex 41.0564 0.665683 0
      vertex 41.0564 0.665683 3.19
    endloop
  endfacet
  facet normal 0.582436 0.812876 -0
    outer loop
      vertex 33.1666 -4.24049 0
      vertex 32.8953 -4.0461 3.19
      vertex 33.1666 -4.24049 3.19
    endloop
  endfacet
  facet normal 0.582436 0.812876 0
    outer loop
      vertex 32.8953 -4.0461 3.19
      vertex 33.1666 -4.24049 0
      vertex 32.8953 -4.0461 0
    endloop
  endfacet
  facet normal 0.881825 -0.471577 0
    outer loop
      vertex 31.4259 2.25567 3.19
      vertex 31.5833 2.55 0
      vertex 31.5833 2.55 3.19
    endloop
  endfacet
  facet normal 0.881825 -0.471577 0
    outer loop
      vertex 31.5833 2.55 0
      vertex 31.4259 2.25567 3.19
      vertex 31.4259 2.25567 0
    endloop
  endfacet
  facet normal -0.84925 -0.527991 0
    outer loop
      vertex 40.4167 2.55 0
      vertex 40.2405 2.83341 3.19
      vertex 40.2405 2.83341 0
    endloop
  endfacet
  facet normal -0.84925 -0.527991 0
    outer loop
      vertex 40.2405 2.83341 3.19
      vertex 40.4167 2.55 0
      vertex 40.4167 2.55 3.19
    endloop
  endfacet
  facet normal -0.812832 -0.582499 0
    outer loop
      vertex 40.2405 2.83341 0
      vertex 40.0461 3.10468 3.19
      vertex 40.0461 3.10468 0
    endloop
  endfacet
  facet normal -0.812832 -0.582499 0
    outer loop
      vertex 40.0461 3.10468 3.19
      vertex 40.2405 2.83341 0
      vertex 40.2405 2.83341 3.19
    endloop
  endfacet
  facet normal 0.412706 -0.910865 0
    outer loop
      vertex 33.7443 4.57405 0
      vertex 34.0483 4.71179 3.19
      vertex 33.7443 4.57405 3.19
    endloop
  endfacet
  facet normal 0.412706 -0.910865 0
    outer loop
      vertex 34.0483 4.71179 3.19
      vertex 33.7443 4.57405 0
      vertex 34.0483 4.71179 0
    endloop
  endfacet
  facet normal 0.471428 0.881905 -0
    outer loop
      vertex 33.7443 -4.57405 0
      vertex 33.45 -4.41673 3.19
      vertex 33.7443 -4.57405 3.19
    endloop
  endfacet
  facet normal 0.471428 0.881905 0
    outer loop
      vertex 33.45 -4.41673 3.19
      vertex 33.7443 -4.57405 0
      vertex 33.45 -4.41673 0
    endloop
  endfacet
  facet normal -0.973866 -0.227122 0
    outer loop
      vertex 41.002 0.99496 0
      vertex 40.9262 1.31998 3.19
      vertex 40.9262 1.31998 0
    endloop
  endfacet
  facet normal -0.973866 -0.227122 0
    outer loop
      vertex 40.9262 1.31998 3.19
      vertex 41.002 0.99496 0
      vertex 41.002 0.99496 3.19
    endloop
  endfacet
  facet normal -0.910904 -0.412617 0
    outer loop
      vertex 40.7118 1.95168 0
      vertex 40.5741 2.25567 3.19
      vertex 40.5741 2.25567 0
    endloop
  endfacet
  facet normal -0.910904 -0.412617 0
    outer loop
      vertex 40.5741 2.25567 3.19
      vertex 40.7118 1.95168 0
      vertex 40.7118 1.95168 3.19
    endloop
  endfacet
  facet normal 0.995188 -0.0979823 0
    outer loop
      vertex 30.9109 0.333555 3.19
      vertex 30.9436 0.665683 0
      vertex 30.9436 0.665683 3.19
    endloop
  endfacet
  facet normal 0.995188 -0.0979823 0
    outer loop
      vertex 30.9436 0.665683 0
      vertex 30.9109 0.333555 3.19
      vertex 30.9109 0.333555 0
    endloop
  endfacet
  facet normal 0.471428 -0.881905 0
    outer loop
      vertex 33.45 4.41673 0
      vertex 33.7443 4.57405 3.19
      vertex 33.45 4.41673 3.19
    endloop
  endfacet
  facet normal 0.471428 -0.881905 0
    outer loop
      vertex 33.7443 4.57405 3.19
      vertex 33.45 4.41673 0
      vertex 33.7443 4.57405 0
    endloop
  endfacet
  facet normal -0.683716 0.729748 0
    outer loop
      vertex 39.6062 -3.60624 0
      vertex 39.3627 -3.83438 3.19
      vertex 39.6062 -3.60624 3.19
    endloop
  endfacet
  facet normal -0.683716 0.729748 0
    outer loop
      vertex 39.3627 -3.83438 3.19
      vertex 39.6062 -3.60624 0
      vertex 39.3627 -3.83438 0
    endloop
  endfacet
  facet normal -0.729771 0.683692 0
    outer loop
      vertex 39.6062 -3.60624 0
      vertex 39.8344 -3.36266 3.19
      vertex 39.8344 -3.36266 0
    endloop
  endfacet
  facet normal -0.729771 0.683692 0
    outer loop
      vertex 39.8344 -3.36266 3.19
      vertex 39.6062 -3.60624 0
      vertex 39.6062 -3.60624 3.19
    endloop
  endfacet
  facet normal 0.812832 0.582499 0
    outer loop
      vertex 31.9539 -3.10468 3.19
      vertex 31.7595 -2.83341 0
      vertex 31.7595 -2.83341 3.19
    endloop
  endfacet
  facet normal 0.812832 0.582499 0
    outer loop
      vertex 31.7595 -2.83341 0
      vertex 31.9539 -3.10468 3.19
      vertex 31.9539 -3.10468 0
    endloop
  endfacet
  facet normal 0.773038 0.63436 0
    outer loop
      vertex 32.1656 -3.36266 3.19
      vertex 31.9539 -3.10468 0
      vertex 31.9539 -3.10468 3.19
    endloop
  endfacet
  facet normal 0.773038 0.63436 0
    outer loop
      vertex 31.9539 -3.10468 0
      vertex 32.1656 -3.36266 3.19
      vertex 32.1656 -3.36266 0
    endloop
  endfacet
  facet normal -0.956921 -0.290348 0
    outer loop
      vertex 40.9262 1.31998 0
      vertex 40.8293 1.63934 3.19
      vertex 40.8293 1.63934 0
    endloop
  endfacet
  facet normal -0.956921 -0.290348 0
    outer loop
      vertex 40.8293 1.63934 3.19
      vertex 40.9262 1.31998 0
      vertex 40.9262 1.31998 3.19
    endloop
  endfacet
  facet normal 0.973866 -0.227122 0
    outer loop
      vertex 30.998 0.99496 3.19
      vertex 31.0738 1.31998 0
      vertex 31.0738 1.31998 3.19
    endloop
  endfacet
  facet normal 0.973866 -0.227122 0
    outer loop
      vertex 31.0738 1.31998 0
      vertex 30.998 0.99496 3.19
      vertex 30.998 0.99496 0
    endloop
  endfacet
  facet normal 0.0980201 -0.995184 0
    outer loop
      vertex 35.3343 5.05637 0
      vertex 35.6664 5.08908 3.19
      vertex 35.3343 5.05637 3.19
    endloop
  endfacet
  facet normal 0.0980201 -0.995184 0
    outer loop
      vertex 35.6664 5.08908 3.19
      vertex 35.3343 5.05637 0
      vertex 35.6664 5.08908 0
    endloop
  endfacet
  facet normal -0.471428 0.881905 0
    outer loop
      vertex 38.55 -4.41673 0
      vertex 38.2557 -4.57405 3.19
      vertex 38.55 -4.41673 3.19
    endloop
  endfacet
  facet normal -0.471428 0.881905 0
    outer loop
      vertex 38.2557 -4.57405 3.19
      vertex 38.55 -4.41673 0
      vertex 38.2557 -4.57405 0
    endloop
  endfacet
  facet normal -0.528091 -0.849188 0
    outer loop
      vertex 38.55 4.41673 0
      vertex 38.8334 4.24049 3.19
      vertex 38.55 4.41673 3.19
    endloop
  endfacet
  facet normal -0.528091 -0.849188 -0
    outer loop
      vertex 38.8334 4.24049 3.19
      vertex 38.55 4.41673 0
      vertex 38.8334 4.24049 0
    endloop
  endfacet
  facet normal 0.84925 -0.527991 0
    outer loop
      vertex 31.5833 2.55 3.19
      vertex 31.7595 2.83341 0
      vertex 31.7595 2.83341 3.19
    endloop
  endfacet
  facet normal 0.84925 -0.527991 0
    outer loop
      vertex 31.7595 2.83341 0
      vertex 31.5833 2.55 3.19
      vertex 31.5833 2.55 0
    endloop
  endfacet
  facet normal -0.999466 0.0326608 0
    outer loop
      vertex 41.0891 -0.333555 0
      vertex 41.1 0 3.19
      vertex 41.1 0 0
    endloop
  endfacet
  facet normal -0.999466 0.0326608 0
    outer loop
      vertex 41.1 0 3.19
      vertex 41.0891 -0.333555 0
      vertex 41.0891 -0.333555 3.19
    endloop
  endfacet
  facet normal 0.683716 -0.729748 0
    outer loop
      vertex 32.3938 3.60624 0
      vertex 32.6373 3.83438 3.19
      vertex 32.3938 3.60624 3.19
    endloop
  endfacet
  facet normal 0.683716 -0.729748 0
    outer loop
      vertex 32.6373 3.83438 3.19
      vertex 32.3938 3.60624 0
      vertex 32.6373 3.83438 0
    endloop
  endfacet
  facet normal -0.227078 0.973877 0
    outer loop
      vertex 37.32 -4.92622 0
      vertex 36.995 -5.002 3.19
      vertex 37.32 -4.92622 3.19
    endloop
  endfacet
  facet normal -0.227078 0.973877 0
    outer loop
      vertex 36.995 -5.002 3.19
      vertex 37.32 -4.92622 0
      vertex 36.995 -5.002 0
    endloop
  endfacet
  facet normal 0.935962 0.352102 0
    outer loop
      vertex 31.2882 -1.95168 3.19
      vertex 31.1707 -1.63934 0
      vertex 31.1707 -1.63934 3.19
    endloop
  endfacet
  facet normal 0.935962 0.352102 0
    outer loop
      vertex 31.1707 -1.63934 0
      vertex 31.2882 -1.95168 3.19
      vertex 31.2882 -1.95168 0
    endloop
  endfacet
  facet normal 0.910904 -0.412617 0
    outer loop
      vertex 31.2882 1.95168 3.19
      vertex 31.4259 2.25567 0
      vertex 31.4259 2.25567 3.19
    endloop
  endfacet
  facet normal 0.910904 -0.412617 0
    outer loop
      vertex 31.4259 2.25567 0
      vertex 31.2882 1.95168 3.19
      vertex 31.2882 1.95168 0
    endloop
  endfacet
  facet normal -0.0327163 -0.999465 0
    outer loop
      vertex 36 5.1 0
      vertex 36.3336 5.08908 3.19
      vertex 36 5.1 3.19
    endloop
  endfacet
  facet normal -0.0327163 -0.999465 -0
    outer loop
      vertex 36.3336 5.08908 3.19
      vertex 36 5.1 0
      vertex 36.3336 5.08908 0
    endloop
  endfacet
  facet normal 0.729771 -0.683692 0
    outer loop
      vertex 32.1656 3.36266 3.19
      vertex 32.3938 3.60624 0
      vertex 32.3938 3.60624 3.19
    endloop
  endfacet
  facet normal 0.729771 -0.683692 0
    outer loop
      vertex 32.3938 3.60624 0
      vertex 32.1656 3.36266 3.19
      vertex 32.1656 3.36266 0
    endloop
  endfacet
  facet normal -0.634366 -0.773033 0
    outer loop
      vertex 39.1047 4.0461 0
      vertex 39.3627 3.83438 3.19
      vertex 39.1047 4.0461 3.19
    endloop
  endfacet
  facet normal -0.634366 -0.773033 -0
    outer loop
      vertex 39.3627 3.83438 3.19
      vertex 39.1047 4.0461 0
      vertex 39.3627 3.83438 0
    endloop
  endfacet
  facet normal -0.290343 0.956923 0
    outer loop
      vertex 37.6393 -4.82934 0
      vertex 37.32 -4.92622 3.19
      vertex 37.6393 -4.82934 3.19
    endloop
  endfacet
  facet normal -0.290343 0.956923 0
    outer loop
      vertex 37.32 -4.92622 3.19
      vertex 37.6393 -4.82934 0
      vertex 37.32 -4.92622 0
    endloop
  endfacet
  facet normal 0.162902 -0.986642 0
    outer loop
      vertex 35.005 5.002 0
      vertex 35.3343 5.05637 3.19
      vertex 35.005 5.002 3.19
    endloop
  endfacet
  facet normal 0.162902 -0.986642 0
    outer loop
      vertex 35.3343 5.05637 3.19
      vertex 35.005 5.002 0
      vertex 35.3343 5.05637 0
    endloop
  endfacet
  facet normal -0.881825 -0.471577 0
    outer loop
      vertex 40.5741 2.25567 0
      vertex 40.4167 2.55 3.19
      vertex 40.4167 2.55 0
    endloop
  endfacet
  facet normal -0.881825 -0.471577 0
    outer loop
      vertex 40.4167 2.55 3.19
      vertex 40.5741 2.25567 0
      vertex 40.5741 2.25567 3.19
    endloop
  endfacet
  facet normal -0.162902 0.986642 0
    outer loop
      vertex 36.995 -5.002 0
      vertex 36.6657 -5.05637 3.19
      vertex 36.995 -5.002 3.19
    endloop
  endfacet
  facet normal -0.162902 0.986642 0
    outer loop
      vertex 36.6657 -5.05637 3.19
      vertex 36.995 -5.002 0
      vertex 36.6657 -5.05637 0
    endloop
  endfacet
  facet normal 0.290343 0.956923 -0
    outer loop
      vertex 34.68 -4.92622 0
      vertex 34.3607 -4.82934 3.19
      vertex 34.68 -4.92622 3.19
    endloop
  endfacet
  facet normal 0.290343 0.956923 0
    outer loop
      vertex 34.3607 -4.82934 3.19
      vertex 34.68 -4.92622 0
      vertex 34.3607 -4.82934 0
    endloop
  endfacet
  facet normal -0.582436 -0.812876 0
    outer loop
      vertex 38.8334 4.24049 0
      vertex 39.1047 4.0461 3.19
      vertex 38.8334 4.24049 3.19
    endloop
  endfacet
  facet normal -0.582436 -0.812876 -0
    outer loop
      vertex 39.1047 4.0461 3.19
      vertex 38.8334 4.24049 0
      vertex 39.1047 4.0461 0
    endloop
  endfacet
  facet normal -0.995188 0.0979823 0
    outer loop
      vertex 41.0564 -0.665683 0
      vertex 41.0891 -0.333555 3.19
      vertex 41.0891 -0.333555 0
    endloop
  endfacet
  facet normal -0.995188 0.0979823 0
    outer loop
      vertex 41.0891 -0.333555 3.19
      vertex 41.0564 -0.665683 0
      vertex 41.0564 -0.665683 3.19
    endloop
  endfacet
  facet normal 0.0327163 -0.999465 0
    outer loop
      vertex 35.6664 5.08908 0
      vertex 36 5.1 3.19
      vertex 35.6664 5.08908 3.19
    endloop
  endfacet
  facet normal 0.0327163 -0.999465 0
    outer loop
      vertex 36 5.1 3.19
      vertex 35.6664 5.08908 0
      vertex 36 5.1 0
    endloop
  endfacet
  facet normal -0.582436 0.812876 0
    outer loop
      vertex 39.1047 -4.0461 0
      vertex 38.8334 -4.24049 3.19
      vertex 39.1047 -4.0461 3.19
    endloop
  endfacet
  facet normal -0.582436 0.812876 0
    outer loop
      vertex 38.8334 -4.24049 3.19
      vertex 39.1047 -4.0461 0
      vertex 38.8334 -4.24049 0
    endloop
  endfacet
  facet normal 0.956921 -0.290348 0
    outer loop
      vertex 31.0738 1.31998 3.19
      vertex 31.1707 1.63934 0
      vertex 31.1707 1.63934 3.19
    endloop
  endfacet
  facet normal 0.956921 -0.290348 0
    outer loop
      vertex 31.1707 1.63934 0
      vertex 31.0738 1.31998 3.19
      vertex 31.0738 1.31998 0
    endloop
  endfacet
  facet normal 0.227078 -0.973877 0
    outer loop
      vertex 34.68 4.92622 0
      vertex 35.005 5.002 3.19
      vertex 34.68 4.92622 3.19
    endloop
  endfacet
  facet normal 0.227078 -0.973877 0
    outer loop
      vertex 35.005 5.002 3.19
      vertex 34.68 4.92622 0
      vertex 35.005 5.002 0
    endloop
  endfacet
  facet normal -0.935962 -0.352102 0
    outer loop
      vertex 40.8293 1.63934 0
      vertex 40.7118 1.95168 3.19
      vertex 40.7118 1.95168 0
    endloop
  endfacet
  facet normal -0.935962 -0.352102 0
    outer loop
      vertex 40.7118 1.95168 3.19
      vertex 40.8293 1.63934 0
      vertex 40.8293 1.63934 3.19
    endloop
  endfacet
  facet normal -0.0327163 0.999465 0
    outer loop
      vertex 36.3336 -5.08908 0
      vertex 36 -5.1 3.19
      vertex 36.3336 -5.08908 3.19
    endloop
  endfacet
  facet normal -0.0327163 0.999465 0
    outer loop
      vertex 36 -5.1 3.19
      vertex 36.3336 -5.08908 0
      vertex 36 -5.1 0
    endloop
  endfacet
  facet normal -0.352174 0.935935 0
    outer loop
      vertex 37.9517 -4.71179 0
      vertex 37.6393 -4.82934 3.19
      vertex 37.9517 -4.71179 3.19
    endloop
  endfacet
  facet normal -0.352174 0.935935 0
    outer loop
      vertex 37.6393 -4.82934 3.19
      vertex 37.9517 -4.71179 0
      vertex 37.6393 -4.82934 0
    endloop
  endfacet
  facet normal -0.84925 0.527991 0
    outer loop
      vertex 40.2405 -2.83341 0
      vertex 40.4167 -2.55 3.19
      vertex 40.4167 -2.55 0
    endloop
  endfacet
  facet normal -0.84925 0.527991 0
    outer loop
      vertex 40.4167 -2.55 3.19
      vertex 40.2405 -2.83341 0
      vertex 40.2405 -2.83341 3.19
    endloop
  endfacet
  facet normal 0.227078 0.973877 -0
    outer loop
      vertex 35.005 -5.002 0
      vertex 34.68 -4.92622 3.19
      vertex 35.005 -5.002 3.19
    endloop
  endfacet
  facet normal 0.227078 0.973877 0
    outer loop
      vertex 34.68 -4.92622 3.19
      vertex 35.005 -5.002 0
      vertex 34.68 -4.92622 0
    endloop
  endfacet
  facet normal -0.773038 -0.63436 0
    outer loop
      vertex 40.0461 3.10468 0
      vertex 39.8344 3.36266 3.19
      vertex 39.8344 3.36266 0
    endloop
  endfacet
  facet normal -0.773038 -0.63436 0
    outer loop
      vertex 39.8344 3.36266 3.19
      vertex 40.0461 3.10468 0
      vertex 40.0461 3.10468 3.19
    endloop
  endfacet
  facet normal 0.986626 0.163001 0
    outer loop
      vertex 30.998 -0.99496 3.19
      vertex 30.9436 -0.665683 0
      vertex 30.9436 -0.665683 3.19
    endloop
  endfacet
  facet normal 0.986626 0.163001 0
    outer loop
      vertex 30.9436 -0.665683 0
      vertex 30.998 -0.99496 3.19
      vertex 30.998 -0.99496 0
    endloop
  endfacet
  facet normal -0.412706 -0.910865 0
    outer loop
      vertex 37.9517 4.71179 0
      vertex 38.2557 4.57405 3.19
      vertex 37.9517 4.71179 3.19
    endloop
  endfacet
  facet normal -0.412706 -0.910865 -0
    outer loop
      vertex 38.2557 4.57405 3.19
      vertex 37.9517 4.71179 0
      vertex 38.2557 4.57405 0
    endloop
  endfacet
  facet normal -0.812832 0.582499 0
    outer loop
      vertex 40.0461 -3.10468 0
      vertex 40.2405 -2.83341 3.19
      vertex 40.2405 -2.83341 0
    endloop
  endfacet
  facet normal -0.812832 0.582499 0
    outer loop
      vertex 40.2405 -2.83341 3.19
      vertex 40.0461 -3.10468 0
      vertex 40.0461 -3.10468 3.19
    endloop
  endfacet
  facet normal -0.290343 -0.956923 0
    outer loop
      vertex 37.32 4.92622 0
      vertex 37.6393 4.82934 3.19
      vertex 37.32 4.92622 3.19
    endloop
  endfacet
  facet normal -0.290343 -0.956923 -0
    outer loop
      vertex 37.6393 4.82934 3.19
      vertex 37.32 4.92622 0
      vertex 37.6393 4.82934 0
    endloop
  endfacet
  facet normal -0.773038 0.63436 0
    outer loop
      vertex 39.8344 -3.36266 0
      vertex 40.0461 -3.10468 3.19
      vertex 40.0461 -3.10468 0
    endloop
  endfacet
  facet normal -0.773038 0.63436 0
    outer loop
      vertex 40.0461 -3.10468 3.19
      vertex 39.8344 -3.36266 0
      vertex 39.8344 -3.36266 3.19
    endloop
  endfacet
  facet normal -0.0980201 -0.995184 0
    outer loop
      vertex 36.3336 5.08908 0
      vertex 36.6657 5.05637 3.19
      vertex 36.3336 5.08908 3.19
    endloop
  endfacet
  facet normal -0.0980201 -0.995184 -0
    outer loop
      vertex 36.6657 5.05637 3.19
      vertex 36.3336 5.08908 0
      vertex 36.6657 5.05637 0
    endloop
  endfacet
  facet normal 0.528091 -0.849188 0
    outer loop
      vertex 33.1666 4.24049 0
      vertex 33.45 4.41673 3.19
      vertex 33.1666 4.24049 3.19
    endloop
  endfacet
  facet normal 0.528091 -0.849188 0
    outer loop
      vertex 33.45 4.41673 3.19
      vertex 33.1666 4.24049 0
      vertex 33.45 4.41673 0
    endloop
  endfacet
  facet normal 0.729771 0.683692 0
    outer loop
      vertex 32.3938 -3.60624 3.19
      vertex 32.1656 -3.36266 0
      vertex 32.1656 -3.36266 3.19
    endloop
  endfacet
  facet normal 0.729771 0.683692 0
    outer loop
      vertex 32.1656 -3.36266 0
      vertex 32.3938 -3.60624 3.19
      vertex 32.3938 -3.60624 0
    endloop
  endfacet
  facet normal 0.528091 0.849188 -0
    outer loop
      vertex 33.45 -4.41673 0
      vertex 33.1666 -4.24049 3.19
      vertex 33.45 -4.41673 3.19
    endloop
  endfacet
  facet normal 0.528091 0.849188 0
    outer loop
      vertex 33.1666 -4.24049 3.19
      vertex 33.45 -4.41673 0
      vertex 33.1666 -4.24049 0
    endloop
  endfacet
  facet normal 0.352174 0.935935 -0
    outer loop
      vertex 34.3607 -4.82934 0
      vertex 34.0483 -4.71179 3.19
      vertex 34.3607 -4.82934 3.19
    endloop
  endfacet
  facet normal 0.352174 0.935935 0
    outer loop
      vertex 34.0483 -4.71179 3.19
      vertex 34.3607 -4.82934 0
      vertex 34.0483 -4.71179 0
    endloop
  endfacet
  facet normal 0.0327163 0.999465 -0
    outer loop
      vertex 36 -5.1 0
      vertex 35.6664 -5.08908 3.19
      vertex 36 -5.1 3.19
    endloop
  endfacet
  facet normal 0.0327163 0.999465 0
    outer loop
      vertex 35.6664 -5.08908 3.19
      vertex 36 -5.1 0
      vertex 35.6664 -5.08908 0
    endloop
  endfacet
  facet normal 0.999466 0.0326608 0
    outer loop
      vertex 30.9109 -0.333555 3.19
      vertex 30.9 0 0
      vertex 30.9 0 3.19
    endloop
  endfacet
  facet normal 0.999466 0.0326608 0
    outer loop
      vertex 30.9 0 0
      vertex 30.9109 -0.333555 3.19
      vertex 30.9109 -0.333555 0
    endloop
  endfacet
  facet normal -0.471428 -0.881905 0
    outer loop
      vertex 38.2557 4.57405 0
      vertex 38.55 4.41673 3.19
      vertex 38.2557 4.57405 3.19
    endloop
  endfacet
  facet normal -0.471428 -0.881905 -0
    outer loop
      vertex 38.55 4.41673 3.19
      vertex 38.2557 4.57405 0
      vertex 38.55 4.41673 0
    endloop
  endfacet
  facet normal 0.973866 0.227122 0
    outer loop
      vertex 31.0738 -1.31998 3.19
      vertex 30.998 -0.99496 0
      vertex 30.998 -0.99496 3.19
    endloop
  endfacet
  facet normal 0.973866 0.227122 0
    outer loop
      vertex 30.998 -0.99496 0
      vertex 31.0738 -1.31998 3.19
      vertex 31.0738 -1.31998 0
    endloop
  endfacet
  facet normal 0.0980201 0.995184 -0
    outer loop
      vertex 35.6664 -5.08908 0
      vertex 35.3343 -5.05637 3.19
      vertex 35.6664 -5.08908 3.19
    endloop
  endfacet
  facet normal 0.0980201 0.995184 0
    outer loop
      vertex 35.3343 -5.05637 3.19
      vertex 35.6664 -5.08908 0
      vertex 35.3343 -5.05637 0
    endloop
  endfacet
  facet normal -0.935962 0.352102 0
    outer loop
      vertex 40.7118 -1.95168 0
      vertex 40.8293 -1.63934 3.19
      vertex 40.8293 -1.63934 0
    endloop
  endfacet
  facet normal -0.935962 0.352102 0
    outer loop
      vertex 40.8293 -1.63934 3.19
      vertex 40.7118 -1.95168 0
      vertex 40.7118 -1.95168 3.19
    endloop
  endfacet
  facet normal 0.956921 0.290348 0
    outer loop
      vertex 31.1707 -1.63934 3.19
      vertex 31.0738 -1.31998 0
      vertex 31.0738 -1.31998 3.19
    endloop
  endfacet
  facet normal 0.956921 0.290348 0
    outer loop
      vertex 31.0738 -1.31998 0
      vertex 31.1707 -1.63934 3.19
      vertex 31.1707 -1.63934 0
    endloop
  endfacet
  facet normal -0.352174 -0.935935 0
    outer loop
      vertex 37.6393 4.82934 0
      vertex 37.9517 4.71179 3.19
      vertex 37.6393 4.82934 3.19
    endloop
  endfacet
  facet normal -0.352174 -0.935935 -0
    outer loop
      vertex 37.9517 4.71179 3.19
      vertex 37.6393 4.82934 0
      vertex 37.9517 4.71179 0
    endloop
  endfacet
  facet normal -0.881825 0.471577 0
    outer loop
      vertex 40.4167 -2.55 0
      vertex 40.5741 -2.25567 3.19
      vertex 40.5741 -2.25567 0
    endloop
  endfacet
  facet normal -0.881825 0.471577 0
    outer loop
      vertex 40.5741 -2.25567 3.19
      vertex 40.4167 -2.55 0
      vertex 40.4167 -2.55 3.19
    endloop
  endfacet
  facet normal 0.162902 0.986642 -0
    outer loop
      vertex 35.3343 -5.05637 0
      vertex 35.005 -5.002 3.19
      vertex 35.3343 -5.05637 3.19
    endloop
  endfacet
  facet normal 0.162902 0.986642 0
    outer loop
      vertex 35.005 -5.002 3.19
      vertex 35.3343 -5.05637 0
      vertex 35.005 -5.002 0
    endloop
  endfacet
  facet normal -0.0980201 0.995184 0
    outer loop
      vertex 36.6657 -5.05637 0
      vertex 36.3336 -5.08908 3.19
      vertex 36.6657 -5.05637 3.19
    endloop
  endfacet
  facet normal -0.0980201 0.995184 0
    outer loop
      vertex 36.3336 -5.08908 3.19
      vertex 36.6657 -5.05637 0
      vertex 36.3336 -5.08908 0
    endloop
  endfacet
  facet normal 0.910904 0.412617 0
    outer loop
      vertex 31.4259 -2.25567 3.19
      vertex 31.2882 -1.95168 0
      vertex 31.2882 -1.95168 3.19
    endloop
  endfacet
  facet normal 0.910904 0.412617 0
    outer loop
      vertex 31.2882 -1.95168 0
      vertex 31.4259 -2.25567 3.19
      vertex 31.4259 -2.25567 0
    endloop
  endfacet
  facet normal 0.352174 -0.935935 0
    outer loop
      vertex 34.0483 4.71179 0
      vertex 34.3607 4.82934 3.19
      vertex 34.0483 4.71179 3.19
    endloop
  endfacet
  facet normal 0.352174 -0.935935 0
    outer loop
      vertex 34.3607 4.82934 3.19
      vertex 34.0483 4.71179 0
      vertex 34.3607 4.82934 0
    endloop
  endfacet
  facet normal 0.582436 -0.812876 0
    outer loop
      vertex 32.8953 4.0461 0
      vertex 33.1666 4.24049 3.19
      vertex 32.8953 4.0461 3.19
    endloop
  endfacet
  facet normal 0.582436 -0.812876 0
    outer loop
      vertex 33.1666 4.24049 3.19
      vertex 32.8953 4.0461 0
      vertex 33.1666 4.24049 0
    endloop
  endfacet
  facet normal 0.290343 -0.956923 0
    outer loop
      vertex 34.3607 4.82934 0
      vertex 34.68 4.92622 3.19
      vertex 34.3607 4.82934 3.19
    endloop
  endfacet
  facet normal 0.290343 -0.956923 0
    outer loop
      vertex 34.68 4.92622 3.19
      vertex 34.3607 4.82934 0
      vertex 34.68 4.92622 0
    endloop
  endfacet
  facet normal 0.412706 0.910865 -0
    outer loop
      vertex 34.0483 -4.71179 0
      vertex 33.7443 -4.57405 3.19
      vertex 34.0483 -4.71179 3.19
    endloop
  endfacet
  facet normal 0.412706 0.910865 0
    outer loop
      vertex 33.7443 -4.57405 3.19
      vertex 34.0483 -4.71179 0
      vertex 33.7443 -4.57405 0
    endloop
  endfacet
  facet normal 0.683716 0.729748 -0
    outer loop
      vertex 32.6373 -3.83438 0
      vertex 32.3938 -3.60624 3.19
      vertex 32.6373 -3.83438 3.19
    endloop
  endfacet
  facet normal 0.683716 0.729748 0
    outer loop
      vertex 32.3938 -3.60624 3.19
      vertex 32.6373 -3.83438 0
      vertex 32.3938 -3.60624 0
    endloop
  endfacet
  facet normal -0.683716 -0.729748 0
    outer loop
      vertex 39.3627 3.83438 0
      vertex 39.6062 3.60624 3.19
      vertex 39.3627 3.83438 3.19
    endloop
  endfacet
  facet normal -0.683716 -0.729748 -0
    outer loop
      vertex 39.6062 3.60624 3.19
      vertex 39.3627 3.83438 0
      vertex 39.6062 3.60624 0
    endloop
  endfacet
  facet normal 0.935962 -0.352102 0
    outer loop
      vertex 31.1707 1.63934 3.19
      vertex 31.2882 1.95168 0
      vertex 31.2882 1.95168 3.19
    endloop
  endfacet
  facet normal 0.935962 -0.352102 0
    outer loop
      vertex 31.2882 1.95168 0
      vertex 31.1707 1.63934 3.19
      vertex 31.1707 1.63934 0
    endloop
  endfacet
  facet normal -0.412706 0.910865 0
    outer loop
      vertex 38.2557 -4.57405 0
      vertex 37.9517 -4.71179 3.19
      vertex 38.2557 -4.57405 3.19
    endloop
  endfacet
  facet normal -0.412706 0.910865 0
    outer loop
      vertex 37.9517 -4.71179 3.19
      vertex 38.2557 -4.57405 0
      vertex 37.9517 -4.71179 0
    endloop
  endfacet
  facet normal -0.956921 0.290348 0
    outer loop
      vertex 40.8293 -1.63934 0
      vertex 40.9262 -1.31998 3.19
      vertex 40.9262 -1.31998 0
    endloop
  endfacet
  facet normal -0.956921 0.290348 0
    outer loop
      vertex 40.9262 -1.31998 3.19
      vertex 40.8293 -1.63934 0
      vertex 40.8293 -1.63934 3.19
    endloop
  endfacet
  facet normal -0.729771 -0.683692 0
    outer loop
      vertex 39.8344 3.36266 0
      vertex 39.6062 3.60624 3.19
      vertex 39.6062 3.60624 0
    endloop
  endfacet
  facet normal -0.729771 -0.683692 0
    outer loop
      vertex 39.6062 3.60624 3.19
      vertex 39.8344 3.36266 0
      vertex 39.8344 3.36266 3.19
    endloop
  endfacet
  facet normal -0.973866 0.227122 0
    outer loop
      vertex 40.9262 -1.31998 0
      vertex 41.002 -0.99496 3.19
      vertex 41.002 -0.99496 0
    endloop
  endfacet
  facet normal -0.973866 0.227122 0
    outer loop
      vertex 41.002 -0.99496 3.19
      vertex 40.9262 -1.31998 0
      vertex 40.9262 -1.31998 3.19
    endloop
  endfacet
  facet normal 0.999466 -0.0326608 0
    outer loop
      vertex 30.9 0 3.19
      vertex 30.9109 0.333555 0
      vertex 30.9109 0.333555 3.19
    endloop
  endfacet
  facet normal 0.999466 -0.0326608 0
    outer loop
      vertex 30.9109 0.333555 0
      vertex 30.9 0 3.19
      vertex 30.9 0 0
    endloop
  endfacet
  facet normal 0.881825 0.471577 0
    outer loop
      vertex 31.5833 -2.55 3.19
      vertex 31.4259 -2.25567 0
      vertex 31.4259 -2.25567 3.19
    endloop
  endfacet
  facet normal 0.881825 0.471577 0
    outer loop
      vertex 31.4259 -2.25567 0
      vertex 31.5833 -2.55 3.19
      vertex 31.5833 -2.55 0
    endloop
  endfacet
  facet normal 0.84925 0.527991 0
    outer loop
      vertex 31.7595 -2.83341 3.19
      vertex 31.5833 -2.55 0
      vertex 31.5833 -2.55 3.19
    endloop
  endfacet
  facet normal 0.84925 0.527991 0
    outer loop
      vertex 31.5833 -2.55 0
      vertex 31.7595 -2.83341 3.19
      vertex 31.7595 -2.83341 0
    endloop
  endfacet
  facet normal -0.986626 0.163001 0
    outer loop
      vertex 41.002 -0.99496 0
      vertex 41.0564 -0.665683 3.19
      vertex 41.0564 -0.665683 0
    endloop
  endfacet
  facet normal -0.986626 0.163001 0
    outer loop
      vertex 41.0564 -0.665683 3.19
      vertex 41.002 -0.99496 0
      vertex 41.002 -0.99496 3.19
    endloop
  endfacet
  facet normal -0.162902 -0.986642 0
    outer loop
      vertex 36.6657 5.05637 0
      vertex 36.995 5.002 3.19
      vertex 36.6657 5.05637 3.19
    endloop
  endfacet
  facet normal -0.162902 -0.986642 -0
    outer loop
      vertex 36.995 5.002 3.19
      vertex 36.6657 5.05637 0
      vertex 36.995 5.002 0
    endloop
  endfacet
  facet normal -0.634366 0.773033 0
    outer loop
      vertex 39.3627 -3.83438 0
      vertex 39.1047 -4.0461 3.19
      vertex 39.3627 -3.83438 3.19
    endloop
  endfacet
  facet normal -0.634366 0.773033 0
    outer loop
      vertex 39.1047 -4.0461 3.19
      vertex 39.3627 -3.83438 0
      vertex 39.1047 -4.0461 0
    endloop
  endfacet
  facet normal 0.995188 0.0979823 0
    outer loop
      vertex 30.9436 -0.665683 3.19
      vertex 30.9109 -0.333555 0
      vertex 30.9109 -0.333555 3.19
    endloop
  endfacet
  facet normal 0.995188 0.0979823 0
    outer loop
      vertex 30.9109 -0.333555 0
      vertex 30.9436 -0.665683 3.19
      vertex 30.9436 -0.665683 0
    endloop
  endfacet
  facet normal -0.528091 0.849188 0
    outer loop
      vertex 38.8334 -4.24049 0
      vertex 38.55 -4.41673 3.19
      vertex 38.8334 -4.24049 3.19
    endloop
  endfacet
  facet normal -0.528091 0.849188 0
    outer loop
      vertex 38.55 -4.41673 3.19
      vertex 38.8334 -4.24049 0
      vertex 38.55 -4.41673 0
    endloop
  endfacet
  facet normal -0.227078 -0.973877 0
    outer loop
      vertex 36.995 5.002 0
      vertex 37.32 4.92622 3.19
      vertex 36.995 5.002 3.19
    endloop
  endfacet
  facet normal -0.227078 -0.973877 -0
    outer loop
      vertex 37.32 4.92622 3.19
      vertex 36.995 5.002 0
      vertex 37.32 4.92622 0
    endloop
  endfacet
  facet normal 0 0 -1
    outer loop
      vertex 41.0891 -0.333555 3.19
      vertex 41.0891 0.333555 3.19
      vertex 41.1 0 3.19
    endloop
  endfacet
  facet normal 0 0 -1
    outer loop
      vertex 41.0564 -0.665683 3.19
      vertex 41.0891 0.333555 3.19
      vertex 41.0891 -0.333555 3.19
    endloop
  endfacet
  facet normal 0 0 -1
    outer loop
      vertex 41.0564 -0.665683 3.19
      vertex 41.0564 0.665683 3.19
      vertex 41.0891 0.333555 3.19
    endloop
  endfacet
  facet normal 0 0 -1
    outer loop
      vertex 41.002 -0.99496 3.19
      vertex 41.0564 0.665683 3.19
      vertex 41.0564 -0.665683 3.19
    endloop
  endfacet
  facet normal 0 0 -1
    outer loop
      vertex 41.002 -0.99496 3.19
      vertex 41.002 0.99496 3.19
      vertex 41.0564 0.665683 3.19
    endloop
  endfacet
  facet normal 0 0 -1
    outer loop
      vertex 40.9262 -1.31998 3.19
      vertex 41.002 0.99496 3.19
      vertex 41.002 -0.99496 3.19
    endloop
  endfacet
  facet normal 0 0 -1
    outer loop
      vertex 40.9262 -1.31998 3.19
      vertex 40.9262 1.31998 3.19
      vertex 41.002 0.99496 3.19
    endloop
  endfacet
  facet normal 0 0 -1
    outer loop
      vertex 40.8293 -1.63934 3.19
      vertex 40.9262 1.31998 3.19
      vertex 40.9262 -1.31998 3.19
    endloop
  endfacet
  facet normal 0 0 -1
    outer loop
      vertex 40.8293 -1.63934 3.19
      vertex 40.8293 1.63934 3.19
      vertex 40.9262 1.31998 3.19
    endloop
  endfacet
  facet normal 0 0 -1
    outer loop
      vertex 40.7118 -1.95168 3.19
      vertex 40.8293 1.63934 3.19
      vertex 40.8293 -1.63934 3.19
    endloop
  endfacet
  facet normal 0 0 -1
    outer loop
      vertex 40.7118 -1.95168 3.19
      vertex 40.7118 1.95168 3.19
      vertex 40.8293 1.63934 3.19
    endloop
  endfacet
  facet normal 0 0 -1
    outer loop
      vertex 40.5741 -2.25567 3.19
      vertex 40.7118 1.95168 3.19
      vertex 40.7118 -1.95168 3.19
    endloop
  endfacet
  facet normal 0 0 -1
    outer loop
      vertex 40.5741 -2.25567 3.19
      vertex 40.5741 2.25567 3.19
      vertex 40.7118 1.95168 3.19
    endloop
  endfacet
  facet normal 0 0 -1
    outer loop
      vertex 40.4167 -2.55 3.19
      vertex 40.5741 2.25567 3.19
      vertex 40.5741 -2.25567 3.19
    endloop
  endfacet
  facet normal 0 0 -1
    outer loop
      vertex 40.4167 -2.55 3.19
      vertex 40.4167 2.55 3.19
      vertex 40.5741 2.25567 3.19
    endloop
  endfacet
  facet normal 0 0 -1
    outer loop
      vertex 40.2405 -2.83341 3.19
      vertex 40.4167 2.55 3.19
      vertex 40.4167 -2.55 3.19
    endloop
  endfacet
  facet normal 0 0 -1
    outer loop
      vertex 40.2405 -2.83341 3.19
      vertex 40.2405 2.83341 3.19
      vertex 40.4167 2.55 3.19
    endloop
  endfacet
  facet normal 0 0 -1
    outer loop
      vertex 40.0461 -3.10468 3.19
      vertex 40.2405 2.83341 3.19
      vertex 40.2405 -2.83341 3.19
    endloop
  endfacet
  facet normal 0 0 -1
    outer loop
      vertex 40.0461 -3.10468 3.19
      vertex 40.0461 3.10468 3.19
      vertex 40.2405 2.83341 3.19
    endloop
  endfacet
  facet normal 0 0 -1
    outer loop
      vertex 39.8344 -3.36266 3.19
      vertex 40.0461 3.10468 3.19
      vertex 40.0461 -3.10468 3.19
    endloop
  endfacet
  facet normal 0 0 -1
    outer loop
      vertex 39.8344 -3.36266 3.19
      vertex 39.8344 3.36266 3.19
      vertex 40.0461 3.10468 3.19
    endloop
  endfacet
  facet normal 0 0 -1
    outer loop
      vertex 39.6062 -3.60624 3.19
      vertex 39.8344 3.36266 3.19
      vertex 39.8344 -3.36266 3.19
    endloop
  endfacet
  facet normal 0 0 -1
    outer loop
      vertex 39.6062 -3.60624 3.19
      vertex 39.6062 3.60624 3.19
      vertex 39.8344 3.36266 3.19
    endloop
  endfacet
  facet normal 0 0 -1
    outer loop
      vertex 39.3627 -3.83438 3.19
      vertex 39.6062 3.60624 3.19
      vertex 39.6062 -3.60624 3.19
    endloop
  endfacet
  facet normal 0 0 -1
    outer loop
      vertex 39.3627 -3.83438 3.19
      vertex 39.3627 3.83438 3.19
      vertex 39.6062 3.60624 3.19
    endloop
  endfacet
  facet normal 0 0 -1
    outer loop
      vertex 39.1047 -4.0461 3.19
      vertex 39.3627 3.83438 3.19
      vertex 39.3627 -3.83438 3.19
    endloop
  endfacet
  facet normal 0 0 -1
    outer loop
      vertex 39.1047 -4.0461 3.19
      vertex 39.1047 4.0461 3.19
      vertex 39.3627 3.83438 3.19
    endloop
  endfacet
  facet normal 0 0 -1
    outer loop
      vertex 38.8334 -4.24049 3.19
      vertex 39.1047 4.0461 3.19
      vertex 39.1047 -4.0461 3.19
    endloop
  endfacet
  facet normal 0 0 -1
    outer loop
      vertex 38.8334 -4.24049 3.19
      vertex 38.8334 4.24049 3.19
      vertex 39.1047 4.0461 3.19
    endloop
  endfacet
  facet normal 0 0 -1
    outer loop
      vertex 38.55 -4.41673 3.19
      vertex 38.8334 4.24049 3.19
      vertex 38.8334 -4.24049 3.19
    endloop
  endfacet
  facet normal 0 0 -1
    outer loop
      vertex 38.55 -4.41673 3.19
      vertex 38.55 4.41673 3.19
      vertex 38.8334 4.24049 3.19
    endloop
  endfacet
  facet normal 0 0 -1
    outer loop
      vertex 38.2557 -4.57405 3.19
      vertex 38.55 4.41673 3.19
      vertex 38.55 -4.41673 3.19
    endloop
  endfacet
  facet normal 0 0 -1
    outer loop
      vertex 38.2557 -4.57405 3.19
      vertex 38.2557 4.57405 3.19
      vertex 38.55 4.41673 3.19
    endloop
  endfacet
  facet normal 0 0 -1
    outer loop
      vertex 37.9517 -4.71179 3.19
      vertex 38.2557 4.57405 3.19
      vertex 38.2557 -4.57405 3.19
    endloop
  endfacet
  facet normal 0 0 -1
    outer loop
      vertex 37.9517 -4.71179 3.19
      vertex 37.9517 4.71179 3.19
      vertex 38.2557 4.57405 3.19
    endloop
  endfacet
  facet normal 0 0 -1
    outer loop
      vertex 37.6393 -4.82934 3.19
      vertex 37.9517 4.71179 3.19
      vertex 37.9517 -4.71179 3.19
    endloop
  endfacet
  facet normal 0 0 -1
    outer loop
      vertex 37.6393 -4.82934 3.19
      vertex 37.6393 4.82934 3.19
      vertex 37.9517 4.71179 3.19
    endloop
  endfacet
  facet normal 0 0 -1
    outer loop
      vertex 37.32 -4.92622 3.19
      vertex 37.6393 4.82934 3.19
      vertex 37.6393 -4.82934 3.19
    endloop
  endfacet
  facet normal 0 0 -1
    outer loop
      vertex 37.32 -4.92622 3.19
      vertex 37.32 4.92622 3.19
      vertex 37.6393 4.82934 3.19
    endloop
  endfacet
  facet normal 0 0 -1
    outer loop
      vertex 36.995 -5.002 3.19
      vertex 37.32 4.92622 3.19
      vertex 37.32 -4.92622 3.19
    endloop
  endfacet
  facet normal 0 0 -1
    outer loop
      vertex 36.995 -5.002 3.19
      vertex 36.995 5.002 3.19
      vertex 37.32 4.92622 3.19
    endloop
  endfacet
  facet normal 0 0 -1
    outer loop
      vertex 36.6657 -5.05637 3.19
      vertex 36.995 5.002 3.19
      vertex 36.995 -5.002 3.19
    endloop
  endfacet
  facet normal 0 0 -1
    outer loop
      vertex 36.6657 -5.05637 3.19
      vertex 36.6657 5.05637 3.19
      vertex 36.995 5.002 3.19
    endloop
  endfacet
  facet normal 0 0 -1
    outer loop
      vertex 36.3336 -5.08908 3.19
      vertex 36.6657 5.05637 3.19
      vertex 36.6657 -5.05637 3.19
    endloop
  endfacet
  facet normal 0 0 -1
    outer loop
      vertex 36.3336 -5.08908 3.19
      vertex 36.3336 5.08908 3.19
      vertex 36.6657 5.05637 3.19
    endloop
  endfacet
  facet normal 0 0 -1
    outer loop
      vertex 36 -5.1 3.19
      vertex 36.3336 5.08908 3.19
      vertex 36.3336 -5.08908 3.19
    endloop
  endfacet
  facet normal 0 0 -1
    outer loop
      vertex 36 -5.1 3.19
      vertex 36 5.1 3.19
      vertex 36.3336 5.08908 3.19
    endloop
  endfacet
  facet normal 0 0 -1
    outer loop
      vertex 35.6664 -5.08908 3.19
      vertex 36 5.1 3.19
      vertex 36 -5.1 3.19
    endloop
  endfacet
  facet normal 0 0 -1
    outer loop
      vertex 35.6664 -5.08908 3.19
      vertex 35.6664 5.08908 3.19
      vertex 36 5.1 3.19
    endloop
  endfacet
  facet normal 0 0 -1
    outer loop
      vertex 35.3343 -5.05637 3.19
      vertex 35.6664 5.08908 3.19
      vertex 35.6664 -5.08908 3.19
    endloop
  endfacet
  facet normal 0 0 -1
    outer loop
      vertex 35.3343 -5.05637 3.19
      vertex 35.3343 5.05637 3.19
      vertex 35.6664 5.08908 3.19
    endloop
  endfacet
  facet normal 0 0 -1
    outer loop
      vertex 35.005 -5.002 3.19
      vertex 35.3343 5.05637 3.19
      vertex 35.3343 -5.05637 3.19
    endloop
  endfacet
  facet normal 0 0 -1
    outer loop
      vertex 35.005 -5.002 3.19
      vertex 35.005 5.002 3.19
      vertex 35.3343 5.05637 3.19
    endloop
  endfacet
  facet normal 0 0 -1
    outer loop
      vertex 34.68 -4.92622 3.19
      vertex 35.005 5.002 3.19
      vertex 35.005 -5.002 3.19
    endloop
  endfacet
  facet normal 0 0 -1
    outer loop
      vertex 34.68 -4.92622 3.19
      vertex 34.68 4.92622 3.19
      vertex 35.005 5.002 3.19
    endloop
  endfacet
  facet normal 0 0 -1
    outer loop
      vertex 34.3607 -4.82934 3.19
      vertex 34.68 4.92622 3.19
      vertex 34.68 -4.92622 3.19
    endloop
  endfacet
  facet normal 0 0 -1
    outer loop
      vertex 34.3607 -4.82934 3.19
      vertex 34.3607 4.82934 3.19
      vertex 34.68 4.92622 3.19
    endloop
  endfacet
  facet normal 0 0 -1
    outer loop
      vertex 34.0483 -4.71179 3.19
      vertex 34.3607 4.82934 3.19
      vertex 34.3607 -4.82934 3.19
    endloop
  endfacet
  facet normal 0 0 -1
    outer loop
      vertex 34.0483 -4.71179 3.19
      vertex 34.0483 4.71179 3.19
      vertex 34.3607 4.82934 3.19
    endloop
  endfacet
  facet normal 0 0 -1
    outer loop
      vertex 33.7443 -4.57405 3.19
      vertex 34.0483 4.71179 3.19
      vertex 34.0483 -4.71179 3.19
    endloop
  endfacet
  facet normal 0 0 -1
    outer loop
      vertex 33.7443 -4.57405 3.19
      vertex 33.7443 4.57405 3.19
      vertex 34.0483 4.71179 3.19
    endloop
  endfacet
  facet normal 0 0 -1
    outer loop
      vertex 33.45 -4.41673 3.19
      vertex 33.7443 4.57405 3.19
      vertex 33.7443 -4.57405 3.19
    endloop
  endfacet
  facet normal 0 0 -1
    outer loop
      vertex 33.45 -4.41673 3.19
      vertex 33.45 4.41673 3.19
      vertex 33.7443 4.57405 3.19
    endloop
  endfacet
  facet normal 0 0 -1
    outer loop
      vertex 33.1666 -4.24049 3.19
      vertex 33.45 4.41673 3.19
      vertex 33.45 -4.41673 3.19
    endloop
  endfacet
  facet normal 0 0 -1
    outer loop
      vertex 33.1666 -4.24049 3.19
      vertex 33.1666 4.24049 3.19
      vertex 33.45 4.41673 3.19
    endloop
  endfacet
  facet normal 0 0 -1
    outer loop
      vertex 32.8953 -4.0461 3.19
      vertex 33.1666 4.24049 3.19
      vertex 33.1666 -4.24049 3.19
    endloop
  endfacet
  facet normal 0 0 -1
    outer loop
      vertex 32.8953 -4.0461 3.19
      vertex 32.8953 4.0461 3.19
      vertex 33.1666 4.24049 3.19
    endloop
  endfacet
  facet normal 0 0 -1
    outer loop
      vertex 32.6373 -3.83438 3.19
      vertex 32.8953 4.0461 3.19
      vertex 32.8953 -4.0461 3.19
    endloop
  endfacet
  facet normal 0 0 -1
    outer loop
      vertex 32.6373 -3.83438 3.19
      vertex 32.6373 3.83438 3.19
      vertex 32.8953 4.0461 3.19
    endloop
  endfacet
  facet normal 0 0 -1
    outer loop
      vertex 32.3938 -3.60624 3.19
      vertex 32.6373 3.83438 3.19
      vertex 32.6373 -3.83438 3.19
    endloop
  endfacet
  facet normal 0 0 -1
    outer loop
      vertex 32.3938 -3.60624 3.19
      vertex 32.3938 3.60624 3.19
      vertex 32.6373 3.83438 3.19
    endloop
  endfacet
  facet normal 0 0 -1
    outer loop
      vertex 32.1656 -3.36266 3.19
      vertex 32.3938 3.60624 3.19
      vertex 32.3938 -3.60624 3.19
    endloop
  endfacet
  facet normal 0 0 -1
    outer loop
      vertex 32.1656 -3.36266 3.19
      vertex 32.1656 3.36266 3.19
      vertex 32.3938 3.60624 3.19
    endloop
  endfacet
  facet normal 0 0 -1
    outer loop
      vertex 31.9539 -3.10468 3.19
      vertex 32.1656 3.36266 3.19
      vertex 32.1656 -3.36266 3.19
    endloop
  endfacet
  facet normal 0 0 -1
    outer loop
      vertex 31.9539 -3.10468 3.19
      vertex 31.9539 3.10468 3.19
      vertex 32.1656 3.36266 3.19
    endloop
  endfacet
  facet normal 0 0 -1
    outer loop
      vertex 31.7595 -2.83341 3.19
      vertex 31.9539 3.10468 3.19
      vertex 31.9539 -3.10468 3.19
    endloop
  endfacet
  facet normal 0 0 -1
    outer loop
      vertex 31.7595 -2.83341 3.19
      vertex 31.7595 2.83341 3.19
      vertex 31.9539 3.10468 3.19
    endloop
  endfacet
  facet normal 0 0 -1
    outer loop
      vertex 31.5833 -2.55 3.19
      vertex 31.7595 2.83341 3.19
      vertex 31.7595 -2.83341 3.19
    endloop
  endfacet
  facet normal 0 0 -1
    outer loop
      vertex 31.5833 -2.55 3.19
      vertex 31.5833 2.55 3.19
      vertex 31.7595 2.83341 3.19
    endloop
  endfacet
  facet normal 0 0 -1
    outer loop
      vertex 31.4259 -2.25567 3.19
      vertex 31.5833 2.55 3.19
      vertex 31.5833 -2.55 3.19
    endloop
  endfacet
  facet normal 0 0 -1
    outer loop
      vertex 31.4259 -2.25567 3.19
      vertex 31.4259 2.25567 3.19
      vertex 31.5833 2.55 3.19
    endloop
  endfacet
  facet normal 0 0 -1
    outer loop
      vertex 31.2882 -1.95168 3.19
      vertex 31.4259 2.25567 3.19
      vertex 31.4259 -2.25567 3.19
    endloop
  endfacet
  facet normal 0 0 -1
    outer loop
      vertex 31.2882 -1.95168 3.19
      vertex 31.2882 1.95168 3.19
      vertex 31.4259 2.25567 3.19
    endloop
  endfacet
  facet normal 0 0 -1
    outer loop
      vertex 31.1707 -1.63934 3.19
      vertex 31.2882 1.95168 3.19
      vertex 31.2882 -1.95168 3.19
    endloop
  endfacet
  facet normal 0 0 -1
    outer loop
      vertex 31.1707 -1.63934 3.19
      vertex 31.1707 1.63934 3.19
      vertex 31.2882 1.95168 3.19
    endloop
  endfacet
  facet normal 0 0 -1
    outer loop
      vertex 31.0738 -1.31998 3.19
      vertex 31.1707 1.63934 3.19
      vertex 31.1707 -1.63934 3.19
    endloop
  endfacet
  facet normal 0 0 -1
    outer loop
      vertex 31.0738 -1.31998 3.19
      vertex 31.0738 1.31998 3.19
      vertex 31.1707 1.63934 3.19
    endloop
  endfacet
  facet normal 0 0 -1
    outer loop
      vertex 30.998 -0.99496 3.19
      vertex 31.0738 1.31998 3.19
      vertex 31.0738 -1.31998 3.19
    endloop
  endfacet
  facet normal 0 0 -1
    outer loop
      vertex 30.998 -0.99496 3.19
      vertex 30.998 0.99496 3.19
      vertex 31.0738 1.31998 3.19
    endloop
  endfacet
  facet normal 0 0 -1
    outer loop
      vertex 30.9436 -0.665683 3.19
      vertex 30.998 0.99496 3.19
      vertex 30.998 -0.99496 3.19
    endloop
  endfacet
  facet normal 0 0 -1
    outer loop
      vertex 30.9436 -0.665683 3.19
      vertex 30.9436 0.665683 3.19
      vertex 30.998 0.99496 3.19
    endloop
  endfacet
  facet normal 0 0 -1
    outer loop
      vertex 30.9109 -0.333555 3.19
      vertex 30.9436 0.665683 3.19
      vertex 30.9436 -0.665683 3.19
    endloop
  endfacet
  facet normal 0 0 -1
    outer loop
      vertex 30.9109 -0.333555 3.19
      vertex 30.9109 0.333555 3.19
      vertex 30.9436 0.665683 3.19
    endloop
  endfacet
  facet normal 0 -0 -1
    outer loop
      vertex 30.9109 0.333555 3.19
      vertex 30.9109 -0.333555 3.19
      vertex 30.9 0 3.19
    endloop
  endfacet
  facet normal 0.634366 0.773033 -0
    outer loop
      vertex 32.8953 -4.0461 0
      vertex 32.6373 -3.83438 3.19
      vertex 32.8953 -4.0461 3.19
    endloop
  endfacet
  facet normal 0.634366 0.773033 0
    outer loop
      vertex 32.6373 -3.83438 3.19
      vertex 32.8953 -4.0461 0
      vertex 32.6373 -3.83438 0
    endloop
  endfacet
  facet normal 0.773038 -0.63436 0
    outer loop
      vertex 31.9539 3.10468 3.19
      vertex 32.1656 3.36266 0
      vertex 32.1656 3.36266 3.19
    endloop
  endfacet
  facet normal 0.773038 -0.63436 0
    outer loop
      vertex 32.1656 3.36266 0
      vertex 31.9539 3.10468 3.19
      vertex 31.9539 3.10468 0
    endloop
  endfacet
  facet normal 0.986626 -0.163001 0
    outer loop
      vertex 30.9436 0.665683 3.19
      vertex 30.998 0.99496 0
      vertex 30.998 0.99496 3.19
    endloop
  endfacet
  facet normal 0.986626 -0.163001 0
    outer loop
      vertex 30.998 0.99496 0
      vertex 30.9436 0.665683 3.19
      vertex 30.9436 0.665683 0
    endloop
  endfacet
  facet normal 0.812832 -0.582499 0
    outer loop
      vertex 31.7595 2.83341 3.19
      vertex 31.9539 3.10468 0
      vertex 31.9539 3.10468 3.19
    endloop
  endfacet
  facet normal 0.812832 -0.582499 0
    outer loop
      vertex 31.9539 3.10468 0
      vertex 31.7595 2.83341 3.19
      vertex 31.7595 2.83341 0
    endloop
  endfacet
  facet normal 0.634366 -0.773033 0
    outer loop
      vertex 32.6373 3.83438 0
      vertex 32.8953 4.0461 3.19
      vertex 32.6373 3.83438 3.19
    endloop
  endfacet
  facet normal 0.634366 -0.773033 0
    outer loop
      vertex 32.8953 4.0461 3.19
      vertex 32.6373 3.83438 0
      vertex 32.8953 4.0461 0
    endloop
  endfacet
  facet normal -0.910904 0.412617 0
    outer loop
      vertex 40.5741 -2.25567 0
      vertex 40.7118 -1.95168 3.19
      vertex 40.7118 -1.95168 0
    endloop
  endfacet
  facet normal -0.910904 0.412617 0
    outer loop
      vertex 40.7118 -1.95168 3.19
      vertex 40.5741 -2.25567 0
      vertex 40.5741 -2.25567 3.19
    endloop
  endfacet
  facet normal 0.0979823 -0.995188 0
    outer loop
      vertex -0.665683 41.0564 0
      vertex -0.333555 41.0891 3.19
      vertex -0.665683 41.0564 3.19
    endloop
  endfacet
  facet normal 0.0979823 -0.995188 0
    outer loop
      vertex -0.333555 41.0891 3.19
      vertex -0.665683 41.0564 0
      vertex -0.333555 41.0891 0
    endloop
  endfacet
  facet normal 0.0326608 -0.999466 0
    outer loop
      vertex -0.333555 41.0891 0
      vertex 0 41.1 3.19
      vertex -0.333555 41.0891 3.19
    endloop
  endfacet
  facet normal 0.0326608 -0.999466 0
    outer loop
      vertex 0 41.1 3.19
      vertex -0.333555 41.0891 0
      vertex 0 41.1 0
    endloop
  endfacet
  facet normal 0.163001 -0.986626 0
    outer loop
      vertex -0.99496 41.002 0
      vertex -0.665683 41.0564 3.19
      vertex -0.99496 41.002 3.19
    endloop
  endfacet
  facet normal 0.163001 -0.986626 0
    outer loop
      vertex -0.665683 41.0564 3.19
      vertex -0.99496 41.002 0
      vertex -0.665683 41.0564 0
    endloop
  endfacet
  facet normal -0.812876 0.582436 0
    outer loop
      vertex 4.0461 32.8953 0
      vertex 4.24049 33.1666 3.19
      vertex 4.24049 33.1666 0
    endloop
  endfacet
  facet normal -0.812876 0.582436 0
    outer loop
      vertex 4.24049 33.1666 3.19
      vertex 4.0461 32.8953 0
      vertex 4.0461 32.8953 3.19
    endloop
  endfacet
  facet normal 0.527991 -0.84925 0
    outer loop
      vertex -2.83341 40.2405 0
      vertex -2.55 40.4167 3.19
      vertex -2.83341 40.2405 3.19
    endloop
  endfacet
  facet normal 0.527991 -0.84925 0
    outer loop
      vertex -2.55 40.4167 3.19
      vertex -2.83341 40.2405 0
      vertex -2.55 40.4167 0
    endloop
  endfacet
  facet normal 0.582499 -0.812832 0
    outer loop
      vertex -3.10468 40.0461 0
      vertex -2.83341 40.2405 3.19
      vertex -3.10468 40.0461 3.19
    endloop
  endfacet
  facet normal 0.582499 -0.812832 0
    outer loop
      vertex -2.83341 40.2405 3.19
      vertex -3.10468 40.0461 0
      vertex -2.83341 40.2405 0
    endloop
  endfacet
  facet normal -0.881905 0.471428 0
    outer loop
      vertex 4.41673 33.45 0
      vertex 4.57405 33.7443 3.19
      vertex 4.57405 33.7443 0
    endloop
  endfacet
  facet normal -0.881905 0.471428 0
    outer loop
      vertex 4.57405 33.7443 3.19
      vertex 4.41673 33.45 0
      vertex 4.41673 33.45 3.19
    endloop
  endfacet
  facet normal 0.935935 0.352174 0
    outer loop
      vertex -4.71179 34.0483 3.19
      vertex -4.82934 34.3607 0
      vertex -4.82934 34.3607 3.19
    endloop
  endfacet
  facet normal 0.935935 0.352174 0
    outer loop
      vertex -4.82934 34.3607 0
      vertex -4.71179 34.0483 3.19
      vertex -4.71179 34.0483 0
    endloop
  endfacet
  facet normal 0.227122 -0.973866 0
    outer loop
      vertex -1.31998 40.9262 0
      vertex -0.99496 41.002 3.19
      vertex -1.31998 40.9262 3.19
    endloop
  endfacet
  facet normal 0.227122 -0.973866 0
    outer loop
      vertex -0.99496 41.002 3.19
      vertex -1.31998 40.9262 0
      vertex -0.99496 41.002 0
    endloop
  endfacet
  facet normal 0.412617 -0.910904 0
    outer loop
      vertex -2.25567 40.5741 0
      vertex -1.95168 40.7118 3.19
      vertex -2.25567 40.5741 3.19
    endloop
  endfacet
  facet normal 0.412617 -0.910904 0
    outer loop
      vertex -1.95168 40.7118 3.19
      vertex -2.25567 40.5741 0
      vertex -1.95168 40.7118 0
    endloop
  endfacet
  facet normal 0.0979823 0.995188 -0
    outer loop
      vertex -0.333555 30.9109 0
      vertex -0.665683 30.9436 3.19
      vertex -0.333555 30.9109 3.19
    endloop
  endfacet
  facet normal 0.0979823 0.995188 0
    outer loop
      vertex -0.665683 30.9436 3.19
      vertex -0.333555 30.9109 0
      vertex -0.665683 30.9436 0
    endloop
  endfacet
  facet normal -0.683692 -0.729771 0
    outer loop
      vertex 3.36266 39.8344 0
      vertex 3.60624 39.6062 3.19
      vertex 3.36266 39.8344 3.19
    endloop
  endfacet
  facet normal -0.683692 -0.729771 -0
    outer loop
      vertex 3.60624 39.6062 3.19
      vertex 3.36266 39.8344 0
      vertex 3.60624 39.6062 0
    endloop
  endfacet
  facet normal -0.582499 0.812832 0
    outer loop
      vertex 3.10468 31.9539 0
      vertex 2.83341 31.7595 3.19
      vertex 3.10468 31.9539 3.19
    endloop
  endfacet
  facet normal -0.582499 0.812832 0
    outer loop
      vertex 2.83341 31.7595 3.19
      vertex 3.10468 31.9539 0
      vertex 2.83341 31.7595 0
    endloop
  endfacet
  facet normal -0.63436 0.773038 0
    outer loop
      vertex 3.36266 32.1656 0
      vertex 3.10468 31.9539 3.19
      vertex 3.36266 32.1656 3.19
    endloop
  endfacet
  facet normal -0.63436 0.773038 0
    outer loop
      vertex 3.10468 31.9539 3.19
      vertex 3.36266 32.1656 0
      vertex 3.10468 31.9539 0
    endloop
  endfacet
  facet normal 0.290348 -0.956921 0
    outer loop
      vertex -1.63934 40.8293 0
      vertex -1.31998 40.9262 3.19
      vertex -1.63934 40.8293 3.19
    endloop
  endfacet
  facet normal 0.290348 -0.956921 0
    outer loop
      vertex -1.31998 40.9262 3.19
      vertex -1.63934 40.8293 0
      vertex -1.31998 40.9262 0
    endloop
  endfacet
  facet normal 0.227122 0.973866 -0
    outer loop
      vertex -0.99496 30.998 0
      vertex -1.31998 31.0738 3.19
      vertex -0.99496 30.998 3.19
    endloop
  endfacet
  facet normal 0.227122 0.973866 0
    outer loop
      vertex -1.31998 31.0738 3.19
      vertex -0.99496 30.998 0
      vertex -1.31998 31.0738 0
    endloop
  endfacet
  facet normal 0.729748 0.683716 0
    outer loop
      vertex -3.60624 32.3938 3.19
      vertex -3.83438 32.6373 0
      vertex -3.83438 32.6373 3.19
    endloop
  endfacet
  facet normal 0.729748 0.683716 0
    outer loop
      vertex -3.83438 32.6373 0
      vertex -3.60624 32.3938 3.19
      vertex -3.60624 32.3938 0
    endloop
  endfacet
  facet normal 0.995184 0.0980201 0
    outer loop
      vertex -5.05637 35.3343 3.19
      vertex -5.08908 35.6664 0
      vertex -5.08908 35.6664 3.19
    endloop
  endfacet
  facet normal 0.995184 0.0980201 0
    outer loop
      vertex -5.08908 35.6664 0
      vertex -5.05637 35.3343 3.19
      vertex -5.05637 35.3343 0
    endloop
  endfacet
  facet normal -0.881905 -0.471428 0
    outer loop
      vertex 4.57405 38.2557 0
      vertex 4.41673 38.55 3.19
      vertex 4.41673 38.55 0
    endloop
  endfacet
  facet normal -0.881905 -0.471428 0
    outer loop
      vertex 4.41673 38.55 3.19
      vertex 4.57405 38.2557 0
      vertex 4.57405 38.2557 3.19
    endloop
  endfacet
  facet normal 0.849188 -0.528091 0
    outer loop
      vertex -4.41673 38.55 3.19
      vertex -4.24049 38.8334 0
      vertex -4.24049 38.8334 3.19
    endloop
  endfacet
  facet normal 0.849188 -0.528091 0
    outer loop
      vertex -4.24049 38.8334 0
      vertex -4.41673 38.55 3.19
      vertex -4.41673 38.55 0
    endloop
  endfacet
  facet normal 0.527991 0.84925 -0
    outer loop
      vertex -2.55 31.5833 0
      vertex -2.83341 31.7595 3.19
      vertex -2.55 31.5833 3.19
    endloop
  endfacet
  facet normal 0.527991 0.84925 0
    outer loop
      vertex -2.83341 31.7595 3.19
      vertex -2.55 31.5833 0
      vertex -2.83341 31.7595 0
    endloop
  endfacet
  facet normal 0.471577 0.881825 -0
    outer loop
      vertex -2.25567 31.4259 0
      vertex -2.55 31.5833 3.19
      vertex -2.25567 31.4259 3.19
    endloop
  endfacet
  facet normal 0.471577 0.881825 0
    outer loop
      vertex -2.55 31.5833 3.19
      vertex -2.25567 31.4259 0
      vertex -2.55 31.5833 0
    endloop
  endfacet
  facet normal -0.0326608 -0.999466 0
    outer loop
      vertex 0 41.1 0
      vertex 0.333555 41.0891 3.19
      vertex 0 41.1 3.19
    endloop
  endfacet
  facet normal -0.0326608 -0.999466 -0
    outer loop
      vertex 0.333555 41.0891 3.19
      vertex 0 41.1 0
      vertex 0.333555 41.0891 0
    endloop
  endfacet
  facet normal -0.973877 -0.227078 0
    outer loop
      vertex 5.002 36.995 0
      vertex 4.92622 37.32 3.19
      vertex 4.92622 37.32 0
    endloop
  endfacet
  facet normal -0.973877 -0.227078 0
    outer loop
      vertex 4.92622 37.32 3.19
      vertex 5.002 36.995 0
      vertex 5.002 36.995 3.19
    endloop
  endfacet
  facet normal 0.352102 0.935962 -0
    outer loop
      vertex -1.63934 31.1707 0
      vertex -1.95168 31.2882 3.19
      vertex -1.63934 31.1707 3.19
    endloop
  endfacet
  facet normal 0.352102 0.935962 0
    outer loop
      vertex -1.95168 31.2882 3.19
      vertex -1.63934 31.1707 0
      vertex -1.95168 31.2882 0
    endloop
  endfacet
  facet normal -0.352102 0.935962 0
    outer loop
      vertex 1.95168 31.2882 0
      vertex 1.63934 31.1707 3.19
      vertex 1.95168 31.2882 3.19
    endloop
  endfacet
  facet normal -0.352102 0.935962 0
    outer loop
      vertex 1.63934 31.1707 3.19
      vertex 1.95168 31.2882 0
      vertex 1.63934 31.1707 0
    endloop
  endfacet
  facet normal 0.412617 0.910904 -0
    outer loop
      vertex -1.95168 31.2882 0
      vertex -2.25567 31.4259 3.19
      vertex -1.95168 31.2882 3.19
    endloop
  endfacet
  facet normal 0.412617 0.910904 0
    outer loop
      vertex -2.25567 31.4259 3.19
      vertex -1.95168 31.2882 0
      vertex -2.25567 31.4259 0
    endloop
  endfacet
  facet normal -0.290348 -0.956921 0
    outer loop
      vertex 1.31998 40.9262 0
      vertex 1.63934 40.8293 3.19
      vertex 1.31998 40.9262 3.19
    endloop
  endfacet
  facet normal -0.290348 -0.956921 -0
    outer loop
      vertex 1.63934 40.8293 3.19
      vertex 1.31998 40.9262 0
      vertex 1.63934 40.8293 0
    endloop
  endfacet
  facet normal 0.999465 -0.0327163 0
    outer loop
      vertex -5.1 36 3.19
      vertex -5.08908 36.3336 0
      vertex -5.08908 36.3336 3.19
    endloop
  endfacet
  facet normal 0.999465 -0.0327163 0
    outer loop
      vertex -5.08908 36.3336 0
      vertex -5.1 36 3.19
      vertex -5.1 36 0
    endloop
  endfacet
  facet normal 0.683692 0.729771 -0
    outer loop
      vertex -3.36266 32.1656 0
      vertex -3.60624 32.3938 3.19
      vertex -3.36266 32.1656 3.19
    endloop
  endfacet
  facet normal 0.683692 0.729771 0
    outer loop
      vertex -3.60624 32.3938 3.19
      vertex -3.36266 32.1656 0
      vertex -3.60624 32.3938 0
    endloop
  endfacet
  facet normal 0.773033 -0.634366 0
    outer loop
      vertex -4.0461 39.1047 3.19
      vertex -3.83438 39.3627 0
      vertex -3.83438 39.3627 3.19
    endloop
  endfacet
  facet normal 0.773033 -0.634366 0
    outer loop
      vertex -3.83438 39.3627 0
      vertex -4.0461 39.1047 3.19
      vertex -4.0461 39.1047 0
    endloop
  endfacet
  facet normal 0.471577 -0.881825 0
    outer loop
      vertex -2.55 40.4167 0
      vertex -2.25567 40.5741 3.19
      vertex -2.55 40.4167 3.19
    endloop
  endfacet
  facet normal 0.471577 -0.881825 0
    outer loop
      vertex -2.25567 40.5741 3.19
      vertex -2.55 40.4167 0
      vertex -2.25567 40.5741 0
    endloop
  endfacet
  facet normal -0.956923 0.290343 0
    outer loop
      vertex 4.82934 34.3607 0
      vertex 4.92622 34.68 3.19
      vertex 4.92622 34.68 0
    endloop
  endfacet
  facet normal -0.956923 0.290343 0
    outer loop
      vertex 4.92622 34.68 3.19
      vertex 4.82934 34.3607 0
      vertex 4.82934 34.3607 3.19
    endloop
  endfacet
  facet normal 0.812876 -0.582436 0
    outer loop
      vertex -4.24049 38.8334 3.19
      vertex -4.0461 39.1047 0
      vertex -4.0461 39.1047 3.19
    endloop
  endfacet
  facet normal 0.812876 -0.582436 0
    outer loop
      vertex -4.0461 39.1047 0
      vertex -4.24049 38.8334 3.19
      vertex -4.24049 38.8334 0
    endloop
  endfacet
  facet normal -0.773033 -0.634366 0
    outer loop
      vertex 4.0461 39.1047 0
      vertex 3.83438 39.3627 3.19
      vertex 3.83438 39.3627 0
    endloop
  endfacet
  facet normal -0.773033 -0.634366 0
    outer loop
      vertex 3.83438 39.3627 3.19
      vertex 4.0461 39.1047 0
      vertex 4.0461 39.1047 3.19
    endloop
  endfacet
  facet normal -0.812876 -0.582436 0
    outer loop
      vertex 4.24049 38.8334 0
      vertex 4.0461 39.1047 3.19
      vertex 4.0461 39.1047 0
    endloop
  endfacet
  facet normal -0.812876 -0.582436 0
    outer loop
      vertex 4.0461 39.1047 3.19
      vertex 4.24049 38.8334 0
      vertex 4.24049 38.8334 3.19
    endloop
  endfacet
  facet normal -0.0979823 -0.995188 0
    outer loop
      vertex 0.333555 41.0891 0
      vertex 0.665683 41.0564 3.19
      vertex 0.333555 41.0891 3.19
    endloop
  endfacet
  facet normal -0.0979823 -0.995188 -0
    outer loop
      vertex 0.665683 41.0564 3.19
      vertex 0.333555 41.0891 0
      vertex 0.665683 41.0564 0
    endloop
  endfacet
  facet normal 0.999465 0.0327163 0
    outer loop
      vertex -5.08908 35.6664 3.19
      vertex -5.1 36 0
      vertex -5.1 36 3.19
    endloop
  endfacet
  facet normal 0.999465 0.0327163 0
    outer loop
      vertex -5.1 36 0
      vertex -5.08908 35.6664 3.19
      vertex -5.08908 35.6664 0
    endloop
  endfacet
  facet normal 0.290348 0.956921 -0
    outer loop
      vertex -1.31998 31.0738 0
      vertex -1.63934 31.1707 3.19
      vertex -1.31998 31.0738 3.19
    endloop
  endfacet
  facet normal 0.290348 0.956921 0
    outer loop
      vertex -1.63934 31.1707 3.19
      vertex -1.31998 31.0738 0
      vertex -1.63934 31.1707 0
    endloop
  endfacet
  facet normal 0.973877 0.227078 0
    outer loop
      vertex -4.92622 34.68 3.19
      vertex -5.002 35.005 0
      vertex -5.002 35.005 3.19
    endloop
  endfacet
  facet normal 0.973877 0.227078 0
    outer loop
      vertex -5.002 35.005 0
      vertex -4.92622 34.68 3.19
      vertex -4.92622 34.68 0
    endloop
  endfacet
  facet normal 0.352102 -0.935962 0
    outer loop
      vertex -1.95168 40.7118 0
      vertex -1.63934 40.8293 3.19
      vertex -1.95168 40.7118 3.19
    endloop
  endfacet
  facet normal 0.352102 -0.935962 0
    outer loop
      vertex -1.63934 40.8293 3.19
      vertex -1.95168 40.7118 0
      vertex -1.63934 40.8293 0
    endloop
  endfacet
  facet normal -0.999465 -0.0327163 0
    outer loop
      vertex 5.1 36 0
      vertex 5.08908 36.3336 3.19
      vertex 5.08908 36.3336 0
    endloop
  endfacet
  facet normal -0.999465 -0.0327163 0
    outer loop
      vertex 5.08908 36.3336 3.19
      vertex 5.1 36 0
      vertex 5.1 36 3.19
    endloop
  endfacet
  facet normal -0.935935 -0.352174 0
    outer loop
      vertex 4.82934 37.6393 0
      vertex 4.71179 37.9517 3.19
      vertex 4.71179 37.9517 0
    endloop
  endfacet
  facet normal -0.935935 -0.352174 0
    outer loop
      vertex 4.71179 37.9517 3.19
      vertex 4.82934 37.6393 0
      vertex 4.82934 37.6393 3.19
    endloop
  endfacet
  facet normal -0.527991 -0.84925 0
    outer loop
      vertex 2.55 40.4167 0
      vertex 2.83341 40.2405 3.19
      vertex 2.55 40.4167 3.19
    endloop
  endfacet
  facet normal -0.527991 -0.84925 -0
    outer loop
      vertex 2.83341 40.2405 3.19
      vertex 2.55 40.4167 0
      vertex 2.83341 40.2405 0
    endloop
  endfacet
  facet normal -0.973877 0.227078 0
    outer loop
      vertex 4.92622 34.68 0
      vertex 5.002 35.005 3.19
      vertex 5.002 35.005 0
    endloop
  endfacet
  facet normal -0.973877 0.227078 0
    outer loop
      vertex 5.002 35.005 3.19
      vertex 4.92622 34.68 0
      vertex 4.92622 34.68 3.19
    endloop
  endfacet
  facet normal 0.986642 0.162902 0
    outer loop
      vertex -5.002 35.005 3.19
      vertex -5.05637 35.3343 0
      vertex -5.05637 35.3343 3.19
    endloop
  endfacet
  facet normal 0.986642 0.162902 0
    outer loop
      vertex -5.05637 35.3343 0
      vertex -5.002 35.005 3.19
      vertex -5.002 35.005 0
    endloop
  endfacet
  facet normal 0.63436 -0.773038 0
    outer loop
      vertex -3.36266 39.8344 0
      vertex -3.10468 40.0461 3.19
      vertex -3.36266 39.8344 3.19
    endloop
  endfacet
  facet normal 0.63436 -0.773038 0
    outer loop
      vertex -3.10468 40.0461 3.19
      vertex -3.36266 39.8344 0
      vertex -3.10468 40.0461 0
    endloop
  endfacet
  facet normal -0.163001 0.986626 0
    outer loop
      vertex 0.99496 30.998 0
      vertex 0.665683 30.9436 3.19
      vertex 0.99496 30.998 3.19
    endloop
  endfacet
  facet normal -0.163001 0.986626 0
    outer loop
      vertex 0.665683 30.9436 3.19
      vertex 0.99496 30.998 0
      vertex 0.665683 30.9436 0
    endloop
  endfacet
  facet normal 0.910865 -0.412706 0
    outer loop
      vertex -4.71179 37.9517 3.19
      vertex -4.57405 38.2557 0
      vertex -4.57405 38.2557 3.19
    endloop
  endfacet
  facet normal 0.910865 -0.412706 0
    outer loop
      vertex -4.57405 38.2557 0
      vertex -4.71179 37.9517 3.19
      vertex -4.71179 37.9517 0
    endloop
  endfacet
  facet normal -0.582499 -0.812832 0
    outer loop
      vertex 2.83341 40.2405 0
      vertex 3.10468 40.0461 3.19
      vertex 2.83341 40.2405 3.19
    endloop
  endfacet
  facet normal -0.582499 -0.812832 -0
    outer loop
      vertex 3.10468 40.0461 3.19
      vertex 2.83341 40.2405 0
      vertex 3.10468 40.0461 0
    endloop
  endfacet
  facet normal 0.956923 -0.290343 0
    outer loop
      vertex -4.92622 37.32 3.19
      vertex -4.82934 37.6393 0
      vertex -4.82934 37.6393 3.19
    endloop
  endfacet
  facet normal 0.956923 -0.290343 0
    outer loop
      vertex -4.82934 37.6393 0
      vertex -4.92622 37.32 3.19
      vertex -4.92622 37.32 0
    endloop
  endfacet
  facet normal 0.163001 0.986626 -0
    outer loop
      vertex -0.665683 30.9436 0
      vertex -0.99496 30.998 3.19
      vertex -0.665683 30.9436 3.19
    endloop
  endfacet
  facet normal 0.163001 0.986626 0
    outer loop
      vertex -0.99496 30.998 3.19
      vertex -0.665683 30.9436 0
      vertex -0.99496 30.998 0
    endloop
  endfacet
  facet normal -0.412617 0.910904 0
    outer loop
      vertex 2.25567 31.4259 0
      vertex 1.95168 31.2882 3.19
      vertex 2.25567 31.4259 3.19
    endloop
  endfacet
  facet normal -0.412617 0.910904 0
    outer loop
      vertex 1.95168 31.2882 3.19
      vertex 2.25567 31.4259 0
      vertex 1.95168 31.2882 0
    endloop
  endfacet
  facet normal 0.995184 -0.0980201 0
    outer loop
      vertex -5.08908 36.3336 3.19
      vertex -5.05637 36.6657 0
      vertex -5.05637 36.6657 3.19
    endloop
  endfacet
  facet normal 0.995184 -0.0980201 0
    outer loop
      vertex -5.05637 36.6657 0
      vertex -5.08908 36.3336 3.19
      vertex -5.08908 36.3336 0
    endloop
  endfacet
  facet normal -0.412617 -0.910904 0
    outer loop
      vertex 1.95168 40.7118 0
      vertex 2.25567 40.5741 3.19
      vertex 1.95168 40.7118 3.19
    endloop
  endfacet
  facet normal -0.412617 -0.910904 -0
    outer loop
      vertex 2.25567 40.5741 3.19
      vertex 1.95168 40.7118 0
      vertex 2.25567 40.5741 0
    endloop
  endfacet
  facet normal 0.910865 0.412706 0
    outer loop
      vertex -4.57405 33.7443 3.19
      vertex -4.71179 34.0483 0
      vertex -4.71179 34.0483 3.19
    endloop
  endfacet
  facet normal 0.910865 0.412706 0
    outer loop
      vertex -4.71179 34.0483 0
      vertex -4.57405 33.7443 3.19
      vertex -4.57405 33.7443 0
    endloop
  endfacet
  facet normal 0.849188 0.528091 0
    outer loop
      vertex -4.24049 33.1666 3.19
      vertex -4.41673 33.45 0
      vertex -4.41673 33.45 3.19
    endloop
  endfacet
  facet normal 0.849188 0.528091 0
    outer loop
      vertex -4.41673 33.45 0
      vertex -4.24049 33.1666 3.19
      vertex -4.24049 33.1666 0
    endloop
  endfacet
  facet normal -0.683692 0.729771 0
    outer loop
      vertex 3.60624 32.3938 0
      vertex 3.36266 32.1656 3.19
      vertex 3.60624 32.3938 3.19
    endloop
  endfacet
  facet normal -0.683692 0.729771 0
    outer loop
      vertex 3.36266 32.1656 3.19
      vertex 3.60624 32.3938 0
      vertex 3.36266 32.1656 0
    endloop
  endfacet
  facet normal -0.849188 0.528091 0
    outer loop
      vertex 4.24049 33.1666 0
      vertex 4.41673 33.45 3.19
      vertex 4.41673 33.45 0
    endloop
  endfacet
  facet normal -0.849188 0.528091 0
    outer loop
      vertex 4.41673 33.45 3.19
      vertex 4.24049 33.1666 0
      vertex 4.24049 33.1666 3.19
    endloop
  endfacet
  facet normal -0.935935 0.352174 0
    outer loop
      vertex 4.71179 34.0483 0
      vertex 4.82934 34.3607 3.19
      vertex 4.82934 34.3607 0
    endloop
  endfacet
  facet normal -0.935935 0.352174 0
    outer loop
      vertex 4.82934 34.3607 3.19
      vertex 4.71179 34.0483 0
      vertex 4.71179 34.0483 3.19
    endloop
  endfacet
  facet normal -0.999465 0.0327163 0
    outer loop
      vertex 5.08908 35.6664 0
      vertex 5.1 36 3.19
      vertex 5.1 36 0
    endloop
  endfacet
  facet normal -0.999465 0.0327163 0
    outer loop
      vertex 5.1 36 3.19
      vertex 5.08908 35.6664 0
      vertex 5.08908 35.6664 3.19
    endloop
  endfacet
  facet normal -0.0326608 0.999466 0
    outer loop
      vertex 0.333555 30.9109 0
      vertex 0 30.9 3.19
      vertex 0.333555 30.9109 3.19
    endloop
  endfacet
  facet normal -0.0326608 0.999466 0
    outer loop
      vertex 0 30.9 3.19
      vertex 0.333555 30.9109 0
      vertex 0 30.9 0
    endloop
  endfacet
  facet normal -0.986642 -0.162902 0
    outer loop
      vertex 5.05637 36.6657 0
      vertex 5.002 36.995 3.19
      vertex 5.002 36.995 0
    endloop
  endfacet
  facet normal -0.986642 -0.162902 0
    outer loop
      vertex 5.002 36.995 3.19
      vertex 5.05637 36.6657 0
      vertex 5.05637 36.6657 3.19
    endloop
  endfacet
  facet normal 0.881905 -0.471428 0
    outer loop
      vertex -4.57405 38.2557 3.19
      vertex -4.41673 38.55 0
      vertex -4.41673 38.55 3.19
    endloop
  endfacet
  facet normal 0.881905 -0.471428 0
    outer loop
      vertex -4.41673 38.55 0
      vertex -4.57405 38.2557 3.19
      vertex -4.57405 38.2557 0
    endloop
  endfacet
  facet normal -0.729748 -0.683716 0
    outer loop
      vertex 3.83438 39.3627 0
      vertex 3.60624 39.6062 3.19
      vertex 3.60624 39.6062 0
    endloop
  endfacet
  facet normal -0.729748 -0.683716 0
    outer loop
      vertex 3.60624 39.6062 3.19
      vertex 3.83438 39.3627 0
      vertex 3.83438 39.3627 3.19
    endloop
  endfacet
  facet normal -0.227122 0.973866 0
    outer loop
      vertex 1.31998 31.0738 0
      vertex 0.99496 30.998 3.19
      vertex 1.31998 31.0738 3.19
    endloop
  endfacet
  facet normal -0.227122 0.973866 0
    outer loop
      vertex 0.99496 30.998 3.19
      vertex 1.31998 31.0738 0
      vertex 0.99496 30.998 0
    endloop
  endfacet
  facet normal -0.995184 0.0980201 0
    outer loop
      vertex 5.05637 35.3343 0
      vertex 5.08908 35.6664 3.19
      vertex 5.08908 35.6664 0
    endloop
  endfacet
  facet normal -0.995184 0.0980201 0
    outer loop
      vertex 5.08908 35.6664 3.19
      vertex 5.05637 35.3343 0
      vertex 5.05637 35.3343 3.19
    endloop
  endfacet
  facet normal -0.352102 -0.935962 0
    outer loop
      vertex 1.63934 40.8293 0
      vertex 1.95168 40.7118 3.19
      vertex 1.63934 40.8293 3.19
    endloop
  endfacet
  facet normal -0.352102 -0.935962 -0
    outer loop
      vertex 1.95168 40.7118 3.19
      vertex 1.63934 40.8293 0
      vertex 1.95168 40.7118 0
    endloop
  endfacet
  facet normal -0.290348 0.956921 0
    outer loop
      vertex 1.63934 31.1707 0
      vertex 1.31998 31.0738 3.19
      vertex 1.63934 31.1707 3.19
    endloop
  endfacet
  facet normal -0.290348 0.956921 0
    outer loop
      vertex 1.31998 31.0738 3.19
      vertex 1.63934 31.1707 0
      vertex 1.31998 31.0738 0
    endloop
  endfacet
  facet normal 0.935935 -0.352174 0
    outer loop
      vertex -4.82934 37.6393 3.19
      vertex -4.71179 37.9517 0
      vertex -4.71179 37.9517 3.19
    endloop
  endfacet
  facet normal 0.935935 -0.352174 0
    outer loop
      vertex -4.71179 37.9517 0
      vertex -4.82934 37.6393 3.19
      vertex -4.82934 37.6393 0
    endloop
  endfacet
  facet normal -0.63436 -0.773038 0
    outer loop
      vertex 3.10468 40.0461 0
      vertex 3.36266 39.8344 3.19
      vertex 3.10468 40.0461 3.19
    endloop
  endfacet
  facet normal -0.63436 -0.773038 -0
    outer loop
      vertex 3.36266 39.8344 3.19
      vertex 3.10468 40.0461 0
      vertex 3.36266 39.8344 0
    endloop
  endfacet
  facet normal 0.773033 0.634366 0
    outer loop
      vertex -3.83438 32.6373 3.19
      vertex -4.0461 32.8953 0
      vertex -4.0461 32.8953 3.19
    endloop
  endfacet
  facet normal 0.773033 0.634366 0
    outer loop
      vertex -4.0461 32.8953 0
      vertex -3.83438 32.6373 3.19
      vertex -3.83438 32.6373 0
    endloop
  endfacet
  facet normal -0.471577 -0.881825 0
    outer loop
      vertex 2.25567 40.5741 0
      vertex 2.55 40.4167 3.19
      vertex 2.25567 40.5741 3.19
    endloop
  endfacet
  facet normal -0.471577 -0.881825 -0
    outer loop
      vertex 2.55 40.4167 3.19
      vertex 2.25567 40.5741 0
      vertex 2.55 40.4167 0
    endloop
  endfacet
  facet normal -0.986642 0.162902 0
    outer loop
      vertex 5.002 35.005 0
      vertex 5.05637 35.3343 3.19
      vertex 5.05637 35.3343 0
    endloop
  endfacet
  facet normal -0.986642 0.162902 0
    outer loop
      vertex 5.05637 35.3343 3.19
      vertex 5.002 35.005 0
      vertex 5.002 35.005 3.19
    endloop
  endfacet
  facet normal -0.995184 -0.0980201 0
    outer loop
      vertex 5.08908 36.3336 0
      vertex 5.05637 36.6657 3.19
      vertex 5.05637 36.6657 0
    endloop
  endfacet
  facet normal -0.995184 -0.0980201 0
    outer loop
      vertex 5.05637 36.6657 3.19
      vertex 5.08908 36.3336 0
      vertex 5.08908 36.3336 3.19
    endloop
  endfacet
  facet normal 0.881905 0.471428 0
    outer loop
      vertex -4.41673 33.45 3.19
      vertex -4.57405 33.7443 0
      vertex -4.57405 33.7443 3.19
    endloop
  endfacet
  facet normal 0.881905 0.471428 0
    outer loop
      vertex -4.57405 33.7443 0
      vertex -4.41673 33.45 3.19
      vertex -4.41673 33.45 0
    endloop
  endfacet
  facet normal 0.956923 0.290343 0
    outer loop
      vertex -4.82934 34.3607 3.19
      vertex -4.92622 34.68 0
      vertex -4.92622 34.68 3.19
    endloop
  endfacet
  facet normal 0.956923 0.290343 0
    outer loop
      vertex -4.92622 34.68 0
      vertex -4.82934 34.3607 3.19
      vertex -4.82934 34.3607 0
    endloop
  endfacet
  facet normal -0.910865 0.412706 0
    outer loop
      vertex 4.57405 33.7443 0
      vertex 4.71179 34.0483 3.19
      vertex 4.71179 34.0483 0
    endloop
  endfacet
  facet normal -0.910865 0.412706 0
    outer loop
      vertex 4.71179 34.0483 3.19
      vertex 4.57405 33.7443 0
      vertex 4.57405 33.7443 3.19
    endloop
  endfacet
  facet normal -0.729748 0.683716 0
    outer loop
      vertex 3.60624 32.3938 0
      vertex 3.83438 32.6373 3.19
      vertex 3.83438 32.6373 0
    endloop
  endfacet
  facet normal -0.729748 0.683716 0
    outer loop
      vertex 3.83438 32.6373 3.19
      vertex 3.60624 32.3938 0
      vertex 3.60624 32.3938 3.19
    endloop
  endfacet
  facet normal 0.729748 -0.683716 0
    outer loop
      vertex -3.83438 39.3627 3.19
      vertex -3.60624 39.6062 0
      vertex -3.60624 39.6062 3.19
    endloop
  endfacet
  facet normal 0.729748 -0.683716 0
    outer loop
      vertex -3.60624 39.6062 0
      vertex -3.83438 39.3627 3.19
      vertex -3.83438 39.3627 0
    endloop
  endfacet
  facet normal -0.910865 -0.412706 0
    outer loop
      vertex 4.71179 37.9517 0
      vertex 4.57405 38.2557 3.19
      vertex 4.57405 38.2557 0
    endloop
  endfacet
  facet normal -0.910865 -0.412706 0
    outer loop
      vertex 4.57405 38.2557 3.19
      vertex 4.71179 37.9517 0
      vertex 4.71179 37.9517 3.19
    endloop
  endfacet
  facet normal 0.683692 -0.729771 0
    outer loop
      vertex -3.60624 39.6062 0
      vertex -3.36266 39.8344 3.19
      vertex -3.60624 39.6062 3.19
    endloop
  endfacet
  facet normal 0.683692 -0.729771 0
    outer loop
      vertex -3.36266 39.8344 3.19
      vertex -3.60624 39.6062 0
      vertex -3.36266 39.8344 0
    endloop
  endfacet
  facet normal -0.227122 -0.973866 0
    outer loop
      vertex 0.99496 41.002 0
      vertex 1.31998 40.9262 3.19
      vertex 0.99496 41.002 3.19
    endloop
  endfacet
  facet normal -0.227122 -0.973866 -0
    outer loop
      vertex 1.31998 40.9262 3.19
      vertex 0.99496 41.002 0
      vertex 1.31998 40.9262 0
    endloop
  endfacet
  facet normal -0.956923 -0.290343 0
    outer loop
      vertex 4.92622 37.32 0
      vertex 4.82934 37.6393 3.19
      vertex 4.82934 37.6393 0
    endloop
  endfacet
  facet normal -0.956923 -0.290343 0
    outer loop
      vertex 4.82934 37.6393 3.19
      vertex 4.92622 37.32 0
      vertex 4.92622 37.32 3.19
    endloop
  endfacet
  facet normal 0.0326608 0.999466 -0
    outer loop
      vertex 0 30.9 0
      vertex -0.333555 30.9109 3.19
      vertex 0 30.9 3.19
    endloop
  endfacet
  facet normal 0.0326608 0.999466 0
    outer loop
      vertex -0.333555 30.9109 3.19
      vertex 0 30.9 0
      vertex -0.333555 30.9109 0
    endloop
  endfacet
  facet normal -0.471577 0.881825 0
    outer loop
      vertex 2.55 31.5833 0
      vertex 2.25567 31.4259 3.19
      vertex 2.55 31.5833 3.19
    endloop
  endfacet
  facet normal -0.471577 0.881825 0
    outer loop
      vertex 2.25567 31.4259 3.19
      vertex 2.55 31.5833 0
      vertex 2.25567 31.4259 0
    endloop
  endfacet
  facet normal -0.527991 0.84925 0
    outer loop
      vertex 2.83341 31.7595 0
      vertex 2.55 31.5833 3.19
      vertex 2.83341 31.7595 3.19
    endloop
  endfacet
  facet normal -0.527991 0.84925 0
    outer loop
      vertex 2.55 31.5833 3.19
      vertex 2.83341 31.7595 0
      vertex 2.55 31.5833 0
    endloop
  endfacet
  facet normal -0.163001 -0.986626 0
    outer loop
      vertex 0.665683 41.0564 0
      vertex 0.99496 41.002 3.19
      vertex 0.665683 41.0564 3.19
    endloop
  endfacet
  facet normal -0.163001 -0.986626 -0
    outer loop
      vertex 0.99496 41.002 3.19
      vertex 0.665683 41.0564 0
      vertex 0.99496 41.002 0
    endloop
  endfacet
  facet normal 0.986642 -0.162902 0
    outer loop
      vertex -5.05637 36.6657 3.19
      vertex -5.002 36.995 0
      vertex -5.002 36.995 3.19
    endloop
  endfacet
  facet normal 0.986642 -0.162902 0
    outer loop
      vertex -5.002 36.995 0
      vertex -5.05637 36.6657 3.19
      vertex -5.05637 36.6657 0
    endloop
  endfacet
  facet normal -0.0979823 0.995188 0
    outer loop
      vertex 0.665683 30.9436 0
      vertex 0.333555 30.9109 3.19
      vertex 0.665683 30.9436 3.19
    endloop
  endfacet
  facet normal -0.0979823 0.995188 0
    outer loop
      vertex 0.333555 30.9109 3.19
      vertex 0.665683 30.9436 0
      vertex 0.333555 30.9109 0
    endloop
  endfacet
  facet normal -0.849188 -0.528091 0
    outer loop
      vertex 4.41673 38.55 0
      vertex 4.24049 38.8334 3.19
      vertex 4.24049 38.8334 0
    endloop
  endfacet
  facet normal -0.849188 -0.528091 0
    outer loop
      vertex 4.24049 38.8334 3.19
      vertex 4.41673 38.55 0
      vertex 4.41673 38.55 3.19
    endloop
  endfacet
  facet normal 0.973877 -0.227078 0
    outer loop
      vertex -5.002 36.995 3.19
      vertex -4.92622 37.32 0
      vertex -4.92622 37.32 3.19
    endloop
  endfacet
  facet normal 0.973877 -0.227078 0
    outer loop
      vertex -4.92622 37.32 0
      vertex -5.002 36.995 3.19
      vertex -5.002 36.995 0
    endloop
  endfacet
  facet normal 0.812876 0.582436 0
    outer loop
      vertex -4.0461 32.8953 3.19
      vertex -4.24049 33.1666 0
      vertex -4.24049 33.1666 3.19
    endloop
  endfacet
  facet normal 0.812876 0.582436 0
    outer loop
      vertex -4.24049 33.1666 0
      vertex -4.0461 32.8953 3.19
      vertex -4.0461 32.8953 0
    endloop
  endfacet
  facet normal -0.773033 0.634366 0
    outer loop
      vertex 3.83438 32.6373 0
      vertex 4.0461 32.8953 3.19
      vertex 4.0461 32.8953 0
    endloop
  endfacet
  facet normal -0.773033 0.634366 0
    outer loop
      vertex 4.0461 32.8953 3.19
      vertex 3.83438 32.6373 0
      vertex 3.83438 32.6373 3.19
    endloop
  endfacet
  facet normal 0.63436 0.773038 -0
    outer loop
      vertex -3.10468 31.9539 0
      vertex -3.36266 32.1656 3.19
      vertex -3.10468 31.9539 3.19
    endloop
  endfacet
  facet normal 0.63436 0.773038 0
    outer loop
      vertex -3.36266 32.1656 3.19
      vertex -3.10468 31.9539 0
      vertex -3.36266 32.1656 0
    endloop
  endfacet
  facet normal 0.582499 0.812832 -0
    outer loop
      vertex -2.83341 31.7595 0
      vertex -3.10468 31.9539 3.19
      vertex -2.83341 31.7595 3.19
    endloop
  endfacet
  facet normal 0.582499 0.812832 0
    outer loop
      vertex -3.10468 31.9539 3.19
      vertex -2.83341 31.7595 0
      vertex -3.10468 31.9539 0
    endloop
  endfacet
  facet normal 0 0 -1
    outer loop
      vertex 5.08908 35.6664 3.19
      vertex 5.08908 36.3336 3.19
      vertex 5.1 36 3.19
    endloop
  endfacet
  facet normal 0 0 -1
    outer loop
      vertex 5.05637 35.3343 3.19
      vertex 5.08908 36.3336 3.19
      vertex 5.08908 35.6664 3.19
    endloop
  endfacet
  facet normal 0 0 -1
    outer loop
      vertex 5.05637 35.3343 3.19
      vertex 5.05637 36.6657 3.19
      vertex 5.08908 36.3336 3.19
    endloop
  endfacet
  facet normal 0 0 -1
    outer loop
      vertex 5.002 35.005 3.19
      vertex 5.05637 36.6657 3.19
      vertex 5.05637 35.3343 3.19
    endloop
  endfacet
  facet normal 0 0 -1
    outer loop
      vertex 5.002 35.005 3.19
      vertex 5.002 36.995 3.19
      vertex 5.05637 36.6657 3.19
    endloop
  endfacet
  facet normal 0 0 -1
    outer loop
      vertex 4.92622 34.68 3.19
      vertex 5.002 36.995 3.19
      vertex 5.002 35.005 3.19
    endloop
  endfacet
  facet normal 0 0 -1
    outer loop
      vertex 4.92622 34.68 3.19
      vertex 4.92622 37.32 3.19
      vertex 5.002 36.995 3.19
    endloop
  endfacet
  facet normal 0 0 -1
    outer loop
      vertex 4.82934 34.3607 3.19
      vertex 4.92622 37.32 3.19
      vertex 4.92622 34.68 3.19
    endloop
  endfacet
  facet normal 0 0 -1
    outer loop
      vertex 4.82934 34.3607 3.19
      vertex 4.82934 37.6393 3.19
      vertex 4.92622 37.32 3.19
    endloop
  endfacet
  facet normal 0 0 -1
    outer loop
      vertex 4.71179 34.0483 3.19
      vertex 4.82934 37.6393 3.19
      vertex 4.82934 34.3607 3.19
    endloop
  endfacet
  facet normal 0 0 -1
    outer loop
      vertex 4.71179 34.0483 3.19
      vertex 4.71179 37.9517 3.19
      vertex 4.82934 37.6393 3.19
    endloop
  endfacet
  facet normal 0 0 -1
    outer loop
      vertex 4.57405 33.7443 3.19
      vertex 4.71179 37.9517 3.19
      vertex 4.71179 34.0483 3.19
    endloop
  endfacet
  facet normal 0 0 -1
    outer loop
      vertex 4.57405 33.7443 3.19
      vertex 4.57405 38.2557 3.19
      vertex 4.71179 37.9517 3.19
    endloop
  endfacet
  facet normal 0 0 -1
    outer loop
      vertex 4.41673 33.45 3.19
      vertex 4.57405 38.2557 3.19
      vertex 4.57405 33.7443 3.19
    endloop
  endfacet
  facet normal 0 0 -1
    outer loop
      vertex 4.41673 33.45 3.19
      vertex 4.41673 38.55 3.19
      vertex 4.57405 38.2557 3.19
    endloop
  endfacet
  facet normal 0 0 -1
    outer loop
      vertex 4.24049 33.1666 3.19
      vertex 4.41673 38.55 3.19
      vertex 4.41673 33.45 3.19
    endloop
  endfacet
  facet normal 0 0 -1
    outer loop
      vertex 4.24049 33.1666 3.19
      vertex 4.24049 38.8334 3.19
      vertex 4.41673 38.55 3.19
    endloop
  endfacet
  facet normal 0 0 -1
    outer loop
      vertex 4.0461 32.8953 3.19
      vertex 4.24049 38.8334 3.19
      vertex 4.24049 33.1666 3.19
    endloop
  endfacet
  facet normal 0 0 -1
    outer loop
      vertex 4.0461 32.8953 3.19
      vertex 4.0461 39.1047 3.19
      vertex 4.24049 38.8334 3.19
    endloop
  endfacet
  facet normal 0 0 -1
    outer loop
      vertex 3.83438 32.6373 3.19
      vertex 4.0461 39.1047 3.19
      vertex 4.0461 32.8953 3.19
    endloop
  endfacet
  facet normal 0 0 -1
    outer loop
      vertex 3.83438 32.6373 3.19
      vertex 3.83438 39.3627 3.19
      vertex 4.0461 39.1047 3.19
    endloop
  endfacet
  facet normal 0 0 -1
    outer loop
      vertex 3.60624 32.3938 3.19
      vertex 3.83438 39.3627 3.19
      vertex 3.83438 32.6373 3.19
    endloop
  endfacet
  facet normal 0 0 -1
    outer loop
      vertex 3.60624 32.3938 3.19
      vertex 3.60624 39.6062 3.19
      vertex 3.83438 39.3627 3.19
    endloop
  endfacet
  facet normal 0 0 -1
    outer loop
      vertex 3.36266 32.1656 3.19
      vertex 3.60624 39.6062 3.19
      vertex 3.60624 32.3938 3.19
    endloop
  endfacet
  facet normal 0 0 -1
    outer loop
      vertex 3.36266 32.1656 3.19
      vertex 3.36266 39.8344 3.19
      vertex 3.60624 39.6062 3.19
    endloop
  endfacet
  facet normal 0 0 -1
    outer loop
      vertex 3.10468 31.9539 3.19
      vertex 3.36266 39.8344 3.19
      vertex 3.36266 32.1656 3.19
    endloop
  endfacet
  facet normal 0 0 -1
    outer loop
      vertex 3.10468 31.9539 3.19
      vertex 3.10468 40.0461 3.19
      vertex 3.36266 39.8344 3.19
    endloop
  endfacet
  facet normal 0 0 -1
    outer loop
      vertex 2.83341 31.7595 3.19
      vertex 3.10468 40.0461 3.19
      vertex 3.10468 31.9539 3.19
    endloop
  endfacet
  facet normal 0 0 -1
    outer loop
      vertex 2.83341 31.7595 3.19
      vertex 2.83341 40.2405 3.19
      vertex 3.10468 40.0461 3.19
    endloop
  endfacet
  facet normal 0 0 -1
    outer loop
      vertex 2.55 31.5833 3.19
      vertex 2.83341 40.2405 3.19
      vertex 2.83341 31.7595 3.19
    endloop
  endfacet
  facet normal 0 0 -1
    outer loop
      vertex 2.55 31.5833 3.19
      vertex 2.55 40.4167 3.19
      vertex 2.83341 40.2405 3.19
    endloop
  endfacet
  facet normal 0 0 -1
    outer loop
      vertex 2.25567 31.4259 3.19
      vertex 2.55 40.4167 3.19
      vertex 2.55 31.5833 3.19
    endloop
  endfacet
  facet normal 0 0 -1
    outer loop
      vertex 2.25567 31.4259 3.19
      vertex 2.25567 40.5741 3.19
      vertex 2.55 40.4167 3.19
    endloop
  endfacet
  facet normal 0 0 -1
    outer loop
      vertex 1.95168 31.2882 3.19
      vertex 2.25567 40.5741 3.19
      vertex 2.25567 31.4259 3.19
    endloop
  endfacet
  facet normal 0 0 -1
    outer loop
      vertex 1.95168 31.2882 3.19
      vertex 1.95168 40.7118 3.19
      vertex 2.25567 40.5741 3.19
    endloop
  endfacet
  facet normal 0 0 -1
    outer loop
      vertex 1.63934 31.1707 3.19
      vertex 1.95168 40.7118 3.19
      vertex 1.95168 31.2882 3.19
    endloop
  endfacet
  facet normal 0 0 -1
    outer loop
      vertex 1.63934 31.1707 3.19
      vertex 1.63934 40.8293 3.19
      vertex 1.95168 40.7118 3.19
    endloop
  endfacet
  facet normal 0 0 -1
    outer loop
      vertex 1.31998 31.0738 3.19
      vertex 1.63934 40.8293 3.19
      vertex 1.63934 31.1707 3.19
    endloop
  endfacet
  facet normal 0 0 -1
    outer loop
      vertex 1.31998 31.0738 3.19
      vertex 1.31998 40.9262 3.19
      vertex 1.63934 40.8293 3.19
    endloop
  endfacet
  facet normal 0 0 -1
    outer loop
      vertex 0.99496 30.998 3.19
      vertex 1.31998 40.9262 3.19
      vertex 1.31998 31.0738 3.19
    endloop
  endfacet
  facet normal 0 0 -1
    outer loop
      vertex 0.99496 30.998 3.19
      vertex 0.99496 41.002 3.19
      vertex 1.31998 40.9262 3.19
    endloop
  endfacet
  facet normal 0 0 -1
    outer loop
      vertex 0.665683 30.9436 3.19
      vertex 0.99496 41.002 3.19
      vertex 0.99496 30.998 3.19
    endloop
  endfacet
  facet normal 0 0 -1
    outer loop
      vertex 0.665683 30.9436 3.19
      vertex 0.665683 41.0564 3.19
      vertex 0.99496 41.002 3.19
    endloop
  endfacet
  facet normal 0 0 -1
    outer loop
      vertex 0.333555 30.9109 3.19
      vertex 0.665683 41.0564 3.19
      vertex 0.665683 30.9436 3.19
    endloop
  endfacet
  facet normal 0 0 -1
    outer loop
      vertex 0.333555 30.9109 3.19
      vertex 0.333555 41.0891 3.19
      vertex 0.665683 41.0564 3.19
    endloop
  endfacet
  facet normal 0 0 -1
    outer loop
      vertex 0 30.9 3.19
      vertex 0.333555 41.0891 3.19
      vertex 0.333555 30.9109 3.19
    endloop
  endfacet
  facet normal 0 0 -1
    outer loop
      vertex 0 30.9 3.19
      vertex 0 41.1 3.19
      vertex 0.333555 41.0891 3.19
    endloop
  endfacet
  facet normal 0 0 -1
    outer loop
      vertex -0.333555 30.9109 3.19
      vertex 0 41.1 3.19
      vertex 0 30.9 3.19
    endloop
  endfacet
  facet normal 0 0 -1
    outer loop
      vertex -0.333555 30.9109 3.19
      vertex -0.333555 41.0891 3.19
      vertex 0 41.1 3.19
    endloop
  endfacet
  facet normal 0 0 -1
    outer loop
      vertex -0.665683 30.9436 3.19
      vertex -0.333555 41.0891 3.19
      vertex -0.333555 30.9109 3.19
    endloop
  endfacet
  facet normal 0 0 -1
    outer loop
      vertex -0.665683 30.9436 3.19
      vertex -0.665683 41.0564 3.19
      vertex -0.333555 41.0891 3.19
    endloop
  endfacet
  facet normal 0 0 -1
    outer loop
      vertex -0.99496 30.998 3.19
      vertex -0.665683 41.0564 3.19
      vertex -0.665683 30.9436 3.19
    endloop
  endfacet
  facet normal 0 0 -1
    outer loop
      vertex -0.99496 30.998 3.19
      vertex -0.99496 41.002 3.19
      vertex -0.665683 41.0564 3.19
    endloop
  endfacet
  facet normal 0 0 -1
    outer loop
      vertex -1.31998 31.0738 3.19
      vertex -0.99496 41.002 3.19
      vertex -0.99496 30.998 3.19
    endloop
  endfacet
  facet normal 0 0 -1
    outer loop
      vertex -1.31998 31.0738 3.19
      vertex -1.31998 40.9262 3.19
      vertex -0.99496 41.002 3.19
    endloop
  endfacet
  facet normal 0 0 -1
    outer loop
      vertex -1.63934 31.1707 3.19
      vertex -1.31998 40.9262 3.19
      vertex -1.31998 31.0738 3.19
    endloop
  endfacet
  facet normal 0 0 -1
    outer loop
      vertex -1.63934 31.1707 3.19
      vertex -1.63934 40.8293 3.19
      vertex -1.31998 40.9262 3.19
    endloop
  endfacet
  facet normal 0 0 -1
    outer loop
      vertex -1.95168 31.2882 3.19
      vertex -1.63934 40.8293 3.19
      vertex -1.63934 31.1707 3.19
    endloop
  endfacet
  facet normal 0 0 -1
    outer loop
      vertex -1.95168 31.2882 3.19
      vertex -1.95168 40.7118 3.19
      vertex -1.63934 40.8293 3.19
    endloop
  endfacet
  facet normal 0 0 -1
    outer loop
      vertex -2.25567 31.4259 3.19
      vertex -1.95168 40.7118 3.19
      vertex -1.95168 31.2882 3.19
    endloop
  endfacet
  facet normal 0 0 -1
    outer loop
      vertex -2.25567 31.4259 3.19
      vertex -2.25567 40.5741 3.19
      vertex -1.95168 40.7118 3.19
    endloop
  endfacet
  facet normal 0 0 -1
    outer loop
      vertex -2.55 31.5833 3.19
      vertex -2.25567 40.5741 3.19
      vertex -2.25567 31.4259 3.19
    endloop
  endfacet
  facet normal 0 0 -1
    outer loop
      vertex -2.55 31.5833 3.19
      vertex -2.55 40.4167 3.19
      vertex -2.25567 40.5741 3.19
    endloop
  endfacet
  facet normal 0 0 -1
    outer loop
      vertex -2.83341 31.7595 3.19
      vertex -2.55 40.4167 3.19
      vertex -2.55 31.5833 3.19
    endloop
  endfacet
  facet normal 0 0 -1
    outer loop
      vertex -2.83341 31.7595 3.19
      vertex -2.83341 40.2405 3.19
      vertex -2.55 40.4167 3.19
    endloop
  endfacet
  facet normal 0 0 -1
    outer loop
      vertex -3.10468 31.9539 3.19
      vertex -2.83341 40.2405 3.19
      vertex -2.83341 31.7595 3.19
    endloop
  endfacet
  facet normal 0 0 -1
    outer loop
      vertex -3.10468 31.9539 3.19
      vertex -3.10468 40.0461 3.19
      vertex -2.83341 40.2405 3.19
    endloop
  endfacet
  facet normal 0 0 -1
    outer loop
      vertex -3.36266 32.1656 3.19
      vertex -3.10468 40.0461 3.19
      vertex -3.10468 31.9539 3.19
    endloop
  endfacet
  facet normal 0 0 -1
    outer loop
      vertex -3.36266 32.1656 3.19
      vertex -3.36266 39.8344 3.19
      vertex -3.10468 40.0461 3.19
    endloop
  endfacet
  facet normal 0 0 -1
    outer loop
      vertex -3.60624 32.3938 3.19
      vertex -3.36266 39.8344 3.19
      vertex -3.36266 32.1656 3.19
    endloop
  endfacet
  facet normal 0 0 -1
    outer loop
      vertex -3.60624 32.3938 3.19
      vertex -3.60624 39.6062 3.19
      vertex -3.36266 39.8344 3.19
    endloop
  endfacet
  facet normal 0 0 -1
    outer loop
      vertex -3.83438 32.6373 3.19
      vertex -3.60624 39.6062 3.19
      vertex -3.60624 32.3938 3.19
    endloop
  endfacet
  facet normal 0 0 -1
    outer loop
      vertex -3.83438 32.6373 3.19
      vertex -3.83438 39.3627 3.19
      vertex -3.60624 39.6062 3.19
    endloop
  endfacet
  facet normal 0 0 -1
    outer loop
      vertex -4.0461 32.8953 3.19
      vertex -3.83438 39.3627 3.19
      vertex -3.83438 32.6373 3.19
    endloop
  endfacet
  facet normal 0 0 -1
    outer loop
      vertex -4.0461 32.8953 3.19
      vertex -4.0461 39.1047 3.19
      vertex -3.83438 39.3627 3.19
    endloop
  endfacet
  facet normal 0 0 -1
    outer loop
      vertex -4.24049 33.1666 3.19
      vertex -4.0461 39.1047 3.19
      vertex -4.0461 32.8953 3.19
    endloop
  endfacet
  facet normal 0 0 -1
    outer loop
      vertex -4.24049 33.1666 3.19
      vertex -4.24049 38.8334 3.19
      vertex -4.0461 39.1047 3.19
    endloop
  endfacet
  facet normal 0 0 -1
    outer loop
      vertex -4.41673 33.45 3.19
      vertex -4.24049 38.8334 3.19
      vertex -4.24049 33.1666 3.19
    endloop
  endfacet
  facet normal 0 0 -1
    outer loop
      vertex -4.41673 33.45 3.19
      vertex -4.41673 38.55 3.19
      vertex -4.24049 38.8334 3.19
    endloop
  endfacet
  facet normal 0 0 -1
    outer loop
      vertex -4.57405 33.7443 3.19
      vertex -4.41673 38.55 3.19
      vertex -4.41673 33.45 3.19
    endloop
  endfacet
  facet normal 0 0 -1
    outer loop
      vertex -4.57405 33.7443 3.19
      vertex -4.57405 38.2557 3.19
      vertex -4.41673 38.55 3.19
    endloop
  endfacet
  facet normal 0 0 -1
    outer loop
      vertex -4.71179 34.0483 3.19
      vertex -4.57405 38.2557 3.19
      vertex -4.57405 33.7443 3.19
    endloop
  endfacet
  facet normal 0 0 -1
    outer loop
      vertex -4.71179 34.0483 3.19
      vertex -4.71179 37.9517 3.19
      vertex -4.57405 38.2557 3.19
    endloop
  endfacet
  facet normal 0 0 -1
    outer loop
      vertex -4.82934 34.3607 3.19
      vertex -4.71179 37.9517 3.19
      vertex -4.71179 34.0483 3.19
    endloop
  endfacet
  facet normal 0 0 -1
    outer loop
      vertex -4.82934 34.3607 3.19
      vertex -4.82934 37.6393 3.19
      vertex -4.71179 37.9517 3.19
    endloop
  endfacet
  facet normal 0 0 -1
    outer loop
      vertex -4.92622 34.68 3.19
      vertex -4.82934 37.6393 3.19
      vertex -4.82934 34.3607 3.19
    endloop
  endfacet
  facet normal 0 0 -1
    outer loop
      vertex -4.92622 34.68 3.19
      vertex -4.92622 37.32 3.19
      vertex -4.82934 37.6393 3.19
    endloop
  endfacet
  facet normal 0 0 -1
    outer loop
      vertex -5.002 35.005 3.19
      vertex -4.92622 37.32 3.19
      vertex -4.92622 34.68 3.19
    endloop
  endfacet
  facet normal 0 0 -1
    outer loop
      vertex -5.002 35.005 3.19
      vertex -5.002 36.995 3.19
      vertex -4.92622 37.32 3.19
    endloop
  endfacet
  facet normal 0 0 -1
    outer loop
      vertex -5.05637 35.3343 3.19
      vertex -5.002 36.995 3.19
      vertex -5.002 35.005 3.19
    endloop
  endfacet
  facet normal 0 0 -1
    outer loop
      vertex -5.05637 35.3343 3.19
      vertex -5.05637 36.6657 3.19
      vertex -5.002 36.995 3.19
    endloop
  endfacet
  facet normal 0 0 -1
    outer loop
      vertex -5.08908 35.6664 3.19
      vertex -5.05637 36.6657 3.19
      vertex -5.05637 35.3343 3.19
    endloop
  endfacet
  facet normal 0 0 -1
    outer loop
      vertex -5.08908 35.6664 3.19
      vertex -5.08908 36.3336 3.19
      vertex -5.05637 36.6657 3.19
    endloop
  endfacet
  facet normal 0 -0 -1
    outer loop
      vertex -5.08908 36.3336 3.19
      vertex -5.08908 35.6664 3.19
      vertex -5.1 36 3.19
    endloop
  endfacet
  facet normal -0.0979823 0.995188 0
    outer loop
      vertex 0.665683 -41.0564 0
      vertex 0.333555 -41.0891 3.19
      vertex 0.665683 -41.0564 3.19
    endloop
  endfacet
  facet normal -0.0979823 0.995188 0
    outer loop
      vertex 0.333555 -41.0891 3.19
      vertex 0.665683 -41.0564 0
      vertex 0.333555 -41.0891 0
    endloop
  endfacet
  facet normal -0.163001 0.986626 0
    outer loop
      vertex 0.99496 -41.002 0
      vertex 0.665683 -41.0564 3.19
      vertex 0.99496 -41.002 3.19
    endloop
  endfacet
  facet normal -0.163001 0.986626 0
    outer loop
      vertex 0.665683 -41.0564 3.19
      vertex 0.99496 -41.002 0
      vertex 0.665683 -41.0564 0
    endloop
  endfacet
  facet normal 0.812876 -0.582436 0
    outer loop
      vertex -4.24049 -33.1666 3.19
      vertex -4.0461 -32.8953 0
      vertex -4.0461 -32.8953 3.19
    endloop
  endfacet
  facet normal 0.812876 -0.582436 0
    outer loop
      vertex -4.0461 -32.8953 0
      vertex -4.24049 -33.1666 3.19
      vertex -4.24049 -33.1666 0
    endloop
  endfacet
  facet normal -0.471577 -0.881825 0
    outer loop
      vertex 2.25567 -31.4259 0
      vertex 2.55 -31.5833 3.19
      vertex 2.25567 -31.4259 3.19
    endloop
  endfacet
  facet normal -0.471577 -0.881825 -0
    outer loop
      vertex 2.55 -31.5833 3.19
      vertex 2.25567 -31.4259 0
      vertex 2.55 -31.5833 0
    endloop
  endfacet
  facet normal 0.582499 -0.812832 0
    outer loop
      vertex -3.10468 -31.9539 0
      vertex -2.83341 -31.7595 3.19
      vertex -3.10468 -31.9539 3.19
    endloop
  endfacet
  facet normal 0.582499 -0.812832 0
    outer loop
      vertex -2.83341 -31.7595 3.19
      vertex -3.10468 -31.9539 0
      vertex -2.83341 -31.7595 0
    endloop
  endfacet
  facet normal 0 0 -1
    outer loop
      vertex 5.08908 -36.3336 3.19
      vertex 5.08908 -35.6664 3.19
      vertex 5.1 -36 3.19
    endloop
  endfacet
  facet normal 0 0 -1
    outer loop
      vertex 5.05637 -36.6657 3.19
      vertex 5.08908 -35.6664 3.19
      vertex 5.08908 -36.3336 3.19
    endloop
  endfacet
  facet normal 0 0 -1
    outer loop
      vertex 5.05637 -36.6657 3.19
      vertex 5.05637 -35.3343 3.19
      vertex 5.08908 -35.6664 3.19
    endloop
  endfacet
  facet normal 0 0 -1
    outer loop
      vertex 5.002 -36.995 3.19
      vertex 5.05637 -35.3343 3.19
      vertex 5.05637 -36.6657 3.19
    endloop
  endfacet
  facet normal 0 0 -1
    outer loop
      vertex 5.002 -36.995 3.19
      vertex 5.002 -35.005 3.19
      vertex 5.05637 -35.3343 3.19
    endloop
  endfacet
  facet normal 0 0 -1
    outer loop
      vertex 4.92622 -37.32 3.19
      vertex 5.002 -35.005 3.19
      vertex 5.002 -36.995 3.19
    endloop
  endfacet
  facet normal 0 0 -1
    outer loop
      vertex 4.92622 -37.32 3.19
      vertex 4.92622 -34.68 3.19
      vertex 5.002 -35.005 3.19
    endloop
  endfacet
  facet normal 0 0 -1
    outer loop
      vertex 4.82934 -37.6393 3.19
      vertex 4.92622 -34.68 3.19
      vertex 4.92622 -37.32 3.19
    endloop
  endfacet
  facet normal 0 0 -1
    outer loop
      vertex 4.82934 -37.6393 3.19
      vertex 4.82934 -34.3607 3.19
      vertex 4.92622 -34.68 3.19
    endloop
  endfacet
  facet normal 0 0 -1
    outer loop
      vertex 4.71179 -37.9517 3.19
      vertex 4.82934 -34.3607 3.19
      vertex 4.82934 -37.6393 3.19
    endloop
  endfacet
  facet normal 0 0 -1
    outer loop
      vertex 4.71179 -37.9517 3.19
      vertex 4.71179 -34.0483 3.19
      vertex 4.82934 -34.3607 3.19
    endloop
  endfacet
  facet normal 0 0 -1
    outer loop
      vertex 4.57405 -38.2557 3.19
      vertex 4.71179 -34.0483 3.19
      vertex 4.71179 -37.9517 3.19
    endloop
  endfacet
  facet normal 0 0 -1
    outer loop
      vertex 4.57405 -38.2557 3.19
      vertex 4.57405 -33.7443 3.19
      vertex 4.71179 -34.0483 3.19
    endloop
  endfacet
  facet normal 0 0 -1
    outer loop
      vertex 4.41673 -38.55 3.19
      vertex 4.57405 -33.7443 3.19
      vertex 4.57405 -38.2557 3.19
    endloop
  endfacet
  facet normal 0 0 -1
    outer loop
      vertex 4.41673 -38.55 3.19
      vertex 4.41673 -33.45 3.19
      vertex 4.57405 -33.7443 3.19
    endloop
  endfacet
  facet normal 0 0 -1
    outer loop
      vertex 4.24049 -38.8334 3.19
      vertex 4.41673 -33.45 3.19
      vertex 4.41673 -38.55 3.19
    endloop
  endfacet
  facet normal 0 0 -1
    outer loop
      vertex 4.24049 -38.8334 3.19
      vertex 4.24049 -33.1666 3.19
      vertex 4.41673 -33.45 3.19
    endloop
  endfacet
  facet normal 0 0 -1
    outer loop
      vertex 4.0461 -39.1047 3.19
      vertex 4.24049 -33.1666 3.19
      vertex 4.24049 -38.8334 3.19
    endloop
  endfacet
  facet normal 0 0 -1
    outer loop
      vertex 4.0461 -39.1047 3.19
      vertex 4.0461 -32.8953 3.19
      vertex 4.24049 -33.1666 3.19
    endloop
  endfacet
  facet normal 0 0 -1
    outer loop
      vertex 3.83438 -39.3627 3.19
      vertex 4.0461 -32.8953 3.19
      vertex 4.0461 -39.1047 3.19
    endloop
  endfacet
  facet normal 0 0 -1
    outer loop
      vertex 3.83438 -39.3627 3.19
      vertex 3.83438 -32.6373 3.19
      vertex 4.0461 -32.8953 3.19
    endloop
  endfacet
  facet normal 0 0 -1
    outer loop
      vertex 3.60624 -39.6062 3.19
      vertex 3.83438 -32.6373 3.19
      vertex 3.83438 -39.3627 3.19
    endloop
  endfacet
  facet normal 0 0 -1
    outer loop
      vertex 3.60624 -39.6062 3.19
      vertex 3.60624 -32.3938 3.19
      vertex 3.83438 -32.6373 3.19
    endloop
  endfacet
  facet normal 0 0 -1
    outer loop
      vertex 3.36266 -39.8344 3.19
      vertex 3.60624 -32.3938 3.19
      vertex 3.60624 -39.6062 3.19
    endloop
  endfacet
  facet normal 0 0 -1
    outer loop
      vertex 3.36266 -39.8344 3.19
      vertex 3.36266 -32.1656 3.19
      vertex 3.60624 -32.3938 3.19
    endloop
  endfacet
  facet normal 0 0 -1
    outer loop
      vertex 3.10468 -40.0461 3.19
      vertex 3.36266 -32.1656 3.19
      vertex 3.36266 -39.8344 3.19
    endloop
  endfacet
  facet normal 0 0 -1
    outer loop
      vertex 3.10468 -40.0461 3.19
      vertex 3.10468 -31.9539 3.19
      vertex 3.36266 -32.1656 3.19
    endloop
  endfacet
  facet normal 0 0 -1
    outer loop
      vertex 2.83341 -40.2405 3.19
      vertex 3.10468 -31.9539 3.19
      vertex 3.10468 -40.0461 3.19
    endloop
  endfacet
  facet normal 0 0 -1
    outer loop
      vertex 2.83341 -40.2405 3.19
      vertex 2.83341 -31.7595 3.19
      vertex 3.10468 -31.9539 3.19
    endloop
  endfacet
  facet normal 0 0 -1
    outer loop
      vertex 2.55 -40.4167 3.19
      vertex 2.83341 -31.7595 3.19
      vertex 2.83341 -40.2405 3.19
    endloop
  endfacet
  facet normal 0 0 -1
    outer loop
      vertex 2.55 -40.4167 3.19
      vertex 2.55 -31.5833 3.19
      vertex 2.83341 -31.7595 3.19
    endloop
  endfacet
  facet normal 0 0 -1
    outer loop
      vertex 2.25567 -40.5741 3.19
      vertex 2.55 -31.5833 3.19
      vertex 2.55 -40.4167 3.19
    endloop
  endfacet
  facet normal 0 0 -1
    outer loop
      vertex 2.25567 -40.5741 3.19
      vertex 2.25567 -31.4259 3.19
      vertex 2.55 -31.5833 3.19
    endloop
  endfacet
  facet normal 0 0 -1
    outer loop
      vertex 1.95168 -40.7118 3.19
      vertex 2.25567 -31.4259 3.19
      vertex 2.25567 -40.5741 3.19
    endloop
  endfacet
  facet normal 0 0 -1
    outer loop
      vertex 1.95168 -40.7118 3.19
      vertex 1.95168 -31.2882 3.19
      vertex 2.25567 -31.4259 3.19
    endloop
  endfacet
  facet normal 0 0 -1
    outer loop
      vertex 1.63934 -40.8293 3.19
      vertex 1.95168 -31.2882 3.19
      vertex 1.95168 -40.7118 3.19
    endloop
  endfacet
  facet normal 0 0 -1
    outer loop
      vertex 1.63934 -40.8293 3.19
      vertex 1.63934 -31.1707 3.19
      vertex 1.95168 -31.2882 3.19
    endloop
  endfacet
  facet normal 0 0 -1
    outer loop
      vertex 1.31998 -40.9262 3.19
      vertex 1.63934 -31.1707 3.19
      vertex 1.63934 -40.8293 3.19
    endloop
  endfacet
  facet normal 0 0 -1
    outer loop
      vertex 1.31998 -40.9262 3.19
      vertex 1.31998 -31.0738 3.19
      vertex 1.63934 -31.1707 3.19
    endloop
  endfacet
  facet normal 0 0 -1
    outer loop
      vertex 0.99496 -41.002 3.19
      vertex 1.31998 -31.0738 3.19
      vertex 1.31998 -40.9262 3.19
    endloop
  endfacet
  facet normal 0 0 -1
    outer loop
      vertex 0.99496 -41.002 3.19
      vertex 0.99496 -30.998 3.19
      vertex 1.31998 -31.0738 3.19
    endloop
  endfacet
  facet normal 0 0 -1
    outer loop
      vertex 0.665683 -41.0564 3.19
      vertex 0.99496 -30.998 3.19
      vertex 0.99496 -41.002 3.19
    endloop
  endfacet
  facet normal 0 0 -1
    outer loop
      vertex 0.665683 -41.0564 3.19
      vertex 0.665683 -30.9436 3.19
      vertex 0.99496 -30.998 3.19
    endloop
  endfacet
  facet normal 0 0 -1
    outer loop
      vertex 0.333555 -41.0891 3.19
      vertex 0.665683 -30.9436 3.19
      vertex 0.665683 -41.0564 3.19
    endloop
  endfacet
  facet normal 0 0 -1
    outer loop
      vertex 0.333555 -41.0891 3.19
      vertex 0.333555 -30.9109 3.19
      vertex 0.665683 -30.9436 3.19
    endloop
  endfacet
  facet normal 0 0 -1
    outer loop
      vertex 0 -41.1 3.19
      vertex 0.333555 -30.9109 3.19
      vertex 0.333555 -41.0891 3.19
    endloop
  endfacet
  facet normal 0 0 -1
    outer loop
      vertex 0 -41.1 3.19
      vertex 0 -30.9 3.19
      vertex 0.333555 -30.9109 3.19
    endloop
  endfacet
  facet normal 0 0 -1
    outer loop
      vertex -0.333555 -41.0891 3.19
      vertex 0 -30.9 3.19
      vertex 0 -41.1 3.19
    endloop
  endfacet
  facet normal 0 0 -1
    outer loop
      vertex -0.333555 -41.0891 3.19
      vertex -0.333555 -30.9109 3.19
      vertex 0 -30.9 3.19
    endloop
  endfacet
  facet normal 0 0 -1
    outer loop
      vertex -0.665683 -41.0564 3.19
      vertex -0.333555 -30.9109 3.19
      vertex -0.333555 -41.0891 3.19
    endloop
  endfacet
  facet normal 0 0 -1
    outer loop
      vertex -0.665683 -41.0564 3.19
      vertex -0.665683 -30.9436 3.19
      vertex -0.333555 -30.9109 3.19
    endloop
  endfacet
  facet normal 0 0 -1
    outer loop
      vertex -0.99496 -41.002 3.19
      vertex -0.665683 -30.9436 3.19
      vertex -0.665683 -41.0564 3.19
    endloop
  endfacet
  facet normal 0 0 -1
    outer loop
      vertex -0.99496 -41.002 3.19
      vertex -0.99496 -30.998 3.19
      vertex -0.665683 -30.9436 3.19
    endloop
  endfacet
  facet normal 0 0 -1
    outer loop
      vertex -1.31998 -40.9262 3.19
      vertex -0.99496 -30.998 3.19
      vertex -0.99496 -41.002 3.19
    endloop
  endfacet
  facet normal 0 0 -1
    outer loop
      vertex -1.31998 -40.9262 3.19
      vertex -1.31998 -31.0738 3.19
      vertex -0.99496 -30.998 3.19
    endloop
  endfacet
  facet normal 0 0 -1
    outer loop
      vertex -1.63934 -40.8293 3.19
      vertex -1.31998 -31.0738 3.19
      vertex -1.31998 -40.9262 3.19
    endloop
  endfacet
  facet normal 0 0 -1
    outer loop
      vertex -1.63934 -40.8293 3.19
      vertex -1.63934 -31.1707 3.19
      vertex -1.31998 -31.0738 3.19
    endloop
  endfacet
  facet normal 0 0 -1
    outer loop
      vertex -1.95168 -40.7118 3.19
      vertex -1.63934 -31.1707 3.19
      vertex -1.63934 -40.8293 3.19
    endloop
  endfacet
  facet normal 0 0 -1
    outer loop
      vertex -1.95168 -40.7118 3.19
      vertex -1.95168 -31.2882 3.19
      vertex -1.63934 -31.1707 3.19
    endloop
  endfacet
  facet normal 0 0 -1
    outer loop
      vertex -2.25567 -40.5741 3.19
      vertex -1.95168 -31.2882 3.19
      vertex -1.95168 -40.7118 3.19
    endloop
  endfacet
  facet normal 0 0 -1
    outer loop
      vertex -2.25567 -40.5741 3.19
      vertex -2.25567 -31.4259 3.19
      vertex -1.95168 -31.2882 3.19
    endloop
  endfacet
  facet normal 0 0 -1
    outer loop
      vertex -2.55 -40.4167 3.19
      vertex -2.25567 -31.4259 3.19
      vertex -2.25567 -40.5741 3.19
    endloop
  endfacet
  facet normal 0 0 -1
    outer loop
      vertex -2.55 -40.4167 3.19
      vertex -2.55 -31.5833 3.19
      vertex -2.25567 -31.4259 3.19
    endloop
  endfacet
  facet normal 0 0 -1
    outer loop
      vertex -2.83341 -40.2405 3.19
      vertex -2.55 -31.5833 3.19
      vertex -2.55 -40.4167 3.19
    endloop
  endfacet
  facet normal 0 0 -1
    outer loop
      vertex -2.83341 -40.2405 3.19
      vertex -2.83341 -31.7595 3.19
      vertex -2.55 -31.5833 3.19
    endloop
  endfacet
  facet normal 0 0 -1
    outer loop
      vertex -3.10468 -40.0461 3.19
      vertex -2.83341 -31.7595 3.19
      vertex -2.83341 -40.2405 3.19
    endloop
  endfacet
  facet normal 0 0 -1
    outer loop
      vertex -3.10468 -40.0461 3.19
      vertex -3.10468 -31.9539 3.19
      vertex -2.83341 -31.7595 3.19
    endloop
  endfacet
  facet normal 0 0 -1
    outer loop
      vertex -3.36266 -39.8344 3.19
      vertex -3.10468 -31.9539 3.19
      vertex -3.10468 -40.0461 3.19
    endloop
  endfacet
  facet normal 0 0 -1
    outer loop
      vertex -3.36266 -39.8344 3.19
      vertex -3.36266 -32.1656 3.19
      vertex -3.10468 -31.9539 3.19
    endloop
  endfacet
  facet normal 0 0 -1
    outer loop
      vertex -3.60624 -39.6062 3.19
      vertex -3.36266 -32.1656 3.19
      vertex -3.36266 -39.8344 3.19
    endloop
  endfacet
  facet normal 0 0 -1
    outer loop
      vertex -3.60624 -39.6062 3.19
      vertex -3.60624 -32.3938 3.19
      vertex -3.36266 -32.1656 3.19
    endloop
  endfacet
  facet normal 0 0 -1
    outer loop
      vertex -3.83438 -39.3627 3.19
      vertex -3.60624 -32.3938 3.19
      vertex -3.60624 -39.6062 3.19
    endloop
  endfacet
  facet normal 0 0 -1
    outer loop
      vertex -3.83438 -39.3627 3.19
      vertex -3.83438 -32.6373 3.19
      vertex -3.60624 -32.3938 3.19
    endloop
  endfacet
  facet normal 0 0 -1
    outer loop
      vertex -4.0461 -39.1047 3.19
      vertex -3.83438 -32.6373 3.19
      vertex -3.83438 -39.3627 3.19
    endloop
  endfacet
  facet normal 0 0 -1
    outer loop
      vertex -4.0461 -39.1047 3.19
      vertex -4.0461 -32.8953 3.19
      vertex -3.83438 -32.6373 3.19
    endloop
  endfacet
  facet normal 0 0 -1
    outer loop
      vertex -4.24049 -38.8334 3.19
      vertex -4.0461 -32.8953 3.19
      vertex -4.0461 -39.1047 3.19
    endloop
  endfacet
  facet normal 0 0 -1
    outer loop
      vertex -4.24049 -38.8334 3.19
      vertex -4.24049 -33.1666 3.19
      vertex -4.0461 -32.8953 3.19
    endloop
  endfacet
  facet normal 0 0 -1
    outer loop
      vertex -4.41673 -38.55 3.19
      vertex -4.24049 -33.1666 3.19
      vertex -4.24049 -38.8334 3.19
    endloop
  endfacet
  facet normal 0 0 -1
    outer loop
      vertex -4.41673 -38.55 3.19
      vertex -4.41673 -33.45 3.19
      vertex -4.24049 -33.1666 3.19
    endloop
  endfacet
  facet normal 0 0 -1
    outer loop
      vertex -4.57405 -38.2557 3.19
      vertex -4.41673 -33.45 3.19
      vertex -4.41673 -38.55 3.19
    endloop
  endfacet
  facet normal 0 0 -1
    outer loop
      vertex -4.57405 -38.2557 3.19
      vertex -4.57405 -33.7443 3.19
      vertex -4.41673 -33.45 3.19
    endloop
  endfacet
  facet normal 0 0 -1
    outer loop
      vertex -4.71179 -37.9517 3.19
      vertex -4.57405 -33.7443 3.19
      vertex -4.57405 -38.2557 3.19
    endloop
  endfacet
  facet normal 0 0 -1
    outer loop
      vertex -4.71179 -37.9517 3.19
      vertex -4.71179 -34.0483 3.19
      vertex -4.57405 -33.7443 3.19
    endloop
  endfacet
  facet normal 0 0 -1
    outer loop
      vertex -4.82934 -37.6393 3.19
      vertex -4.71179 -34.0483 3.19
      vertex -4.71179 -37.9517 3.19
    endloop
  endfacet
  facet normal 0 0 -1
    outer loop
      vertex -4.82934 -37.6393 3.19
      vertex -4.82934 -34.3607 3.19
      vertex -4.71179 -34.0483 3.19
    endloop
  endfacet
  facet normal 0 0 -1
    outer loop
      vertex -4.92622 -37.32 3.19
      vertex -4.82934 -34.3607 3.19
      vertex -4.82934 -37.6393 3.19
    endloop
  endfacet
  facet normal 0 0 -1
    outer loop
      vertex -4.92622 -37.32 3.19
      vertex -4.92622 -34.68 3.19
      vertex -4.82934 -34.3607 3.19
    endloop
  endfacet
  facet normal 0 0 -1
    outer loop
      vertex -5.002 -36.995 3.19
      vertex -4.92622 -34.68 3.19
      vertex -4.92622 -37.32 3.19
    endloop
  endfacet
  facet normal 0 0 -1
    outer loop
      vertex -5.002 -36.995 3.19
      vertex -5.002 -35.005 3.19
      vertex -4.92622 -34.68 3.19
    endloop
  endfacet
  facet normal 0 0 -1
    outer loop
      vertex -5.05637 -36.6657 3.19
      vertex -5.002 -35.005 3.19
      vertex -5.002 -36.995 3.19
    endloop
  endfacet
  facet normal 0 0 -1
    outer loop
      vertex -5.05637 -36.6657 3.19
      vertex -5.05637 -35.3343 3.19
      vertex -5.002 -35.005 3.19
    endloop
  endfacet
  facet normal 0 0 -1
    outer loop
      vertex -5.08908 -36.3336 3.19
      vertex -5.05637 -35.3343 3.19
      vertex -5.05637 -36.6657 3.19
    endloop
  endfacet
  facet normal 0 0 -1
    outer loop
      vertex -5.08908 -36.3336 3.19
      vertex -5.08908 -35.6664 3.19
      vertex -5.05637 -35.3343 3.19
    endloop
  endfacet
  facet normal 0 -0 -1
    outer loop
      vertex -5.08908 -35.6664 3.19
      vertex -5.08908 -36.3336 3.19
      vertex -5.1 -36 3.19
    endloop
  endfacet
  facet normal -0.910865 -0.412706 0
    outer loop
      vertex 4.71179 -34.0483 0
      vertex 4.57405 -33.7443 3.19
      vertex 4.57405 -33.7443 0
    endloop
  endfacet
  facet normal -0.910865 -0.412706 0
    outer loop
      vertex 4.57405 -33.7443 3.19
      vertex 4.71179 -34.0483 0
      vertex 4.71179 -34.0483 3.19
    endloop
  endfacet
  facet normal 0.881905 -0.471428 0
    outer loop
      vertex -4.57405 -33.7443 3.19
      vertex -4.41673 -33.45 0
      vertex -4.41673 -33.45 3.19
    endloop
  endfacet
  facet normal 0.881905 -0.471428 0
    outer loop
      vertex -4.41673 -33.45 0
      vertex -4.57405 -33.7443 3.19
      vertex -4.57405 -33.7443 0
    endloop
  endfacet
  facet normal -0.227122 0.973866 0
    outer loop
      vertex 1.31998 -40.9262 0
      vertex 0.99496 -41.002 3.19
      vertex 1.31998 -40.9262 3.19
    endloop
  endfacet
  facet normal -0.227122 0.973866 0
    outer loop
      vertex 0.99496 -41.002 3.19
      vertex 1.31998 -40.9262 0
      vertex 0.99496 -41.002 0
    endloop
  endfacet
  facet normal -0.0979823 -0.995188 0
    outer loop
      vertex 0.333555 -30.9109 0
      vertex 0.665683 -30.9436 3.19
      vertex 0.333555 -30.9109 3.19
    endloop
  endfacet
  facet normal -0.0979823 -0.995188 -0
    outer loop
      vertex 0.665683 -30.9436 3.19
      vertex 0.333555 -30.9109 0
      vertex 0.665683 -30.9436 0
    endloop
  endfacet
  facet normal -0.881905 -0.471428 0
    outer loop
      vertex 4.57405 -33.7443 0
      vertex 4.41673 -33.45 3.19
      vertex 4.41673 -33.45 0
    endloop
  endfacet
  facet normal -0.881905 -0.471428 0
    outer loop
      vertex 4.41673 -33.45 3.19
      vertex 4.57405 -33.7443 0
      vertex 4.57405 -33.7443 3.19
    endloop
  endfacet
  facet normal 0.729748 0.683716 0
    outer loop
      vertex -3.60624 -39.6062 3.19
      vertex -3.83438 -39.3627 0
      vertex -3.83438 -39.3627 3.19
    endloop
  endfacet
  facet normal 0.729748 0.683716 0
    outer loop
      vertex -3.83438 -39.3627 0
      vertex -3.60624 -39.6062 3.19
      vertex -3.60624 -39.6062 0
    endloop
  endfacet
  facet normal 0.683692 0.729771 -0
    outer loop
      vertex -3.36266 -39.8344 0
      vertex -3.60624 -39.6062 3.19
      vertex -3.36266 -39.8344 3.19
    endloop
  endfacet
  facet normal 0.683692 0.729771 0
    outer loop
      vertex -3.60624 -39.6062 3.19
      vertex -3.36266 -39.8344 0
      vertex -3.60624 -39.6062 0
    endloop
  endfacet
  facet normal 0.63436 -0.773038 0
    outer loop
      vertex -3.36266 -32.1656 0
      vertex -3.10468 -31.9539 3.19
      vertex -3.36266 -32.1656 3.19
    endloop
  endfacet
  facet normal 0.63436 -0.773038 0
    outer loop
      vertex -3.10468 -31.9539 3.19
      vertex -3.36266 -32.1656 0
      vertex -3.10468 -31.9539 0
    endloop
  endfacet
  facet normal 0.352102 -0.935962 0
    outer loop
      vertex -1.95168 -31.2882 0
      vertex -1.63934 -31.1707 3.19
      vertex -1.95168 -31.2882 3.19
    endloop
  endfacet
  facet normal 0.352102 -0.935962 0
    outer loop
      vertex -1.63934 -31.1707 3.19
      vertex -1.95168 -31.2882 0
      vertex -1.63934 -31.1707 0
    endloop
  endfacet
  facet normal -0.0326608 0.999466 0
    outer loop
      vertex 0.333555 -41.0891 0
      vertex 0 -41.1 3.19
      vertex 0.333555 -41.0891 3.19
    endloop
  endfacet
  facet normal -0.0326608 0.999466 0
    outer loop
      vertex 0 -41.1 3.19
      vertex 0.333555 -41.0891 0
      vertex 0 -41.1 0
    endloop
  endfacet
  facet normal -0.290348 0.956921 0
    outer loop
      vertex 1.63934 -40.8293 0
      vertex 1.31998 -40.9262 3.19
      vertex 1.63934 -40.8293 3.19
    endloop
  endfacet
  facet normal -0.290348 0.956921 0
    outer loop
      vertex 1.31998 -40.9262 3.19
      vertex 1.63934 -40.8293 0
      vertex 1.31998 -40.9262 0
    endloop
  endfacet
  facet normal -0.227122 -0.973866 0
    outer loop
      vertex 0.99496 -30.998 0
      vertex 1.31998 -31.0738 3.19
      vertex 0.99496 -30.998 3.19
    endloop
  endfacet
  facet normal -0.227122 -0.973866 -0
    outer loop
      vertex 1.31998 -31.0738 3.19
      vertex 0.99496 -30.998 0
      vertex 1.31998 -31.0738 0
    endloop
  endfacet
  facet normal -0.995184 -0.0980201 0
    outer loop
      vertex 5.08908 -35.6664 0
      vertex 5.05637 -35.3343 3.19
      vertex 5.05637 -35.3343 0
    endloop
  endfacet
  facet normal -0.995184 -0.0980201 0
    outer loop
      vertex 5.05637 -35.3343 3.19
      vertex 5.08908 -35.6664 0
      vertex 5.08908 -35.6664 3.19
    endloop
  endfacet
  facet normal 0.881905 0.471428 0
    outer loop
      vertex -4.41673 -38.55 3.19
      vertex -4.57405 -38.2557 0
      vertex -4.57405 -38.2557 3.19
    endloop
  endfacet
  facet normal 0.881905 0.471428 0
    outer loop
      vertex -4.57405 -38.2557 0
      vertex -4.41673 -38.55 3.19
      vertex -4.41673 -38.55 0
    endloop
  endfacet
  facet normal -0.527991 -0.84925 0
    outer loop
      vertex 2.55 -31.5833 0
      vertex 2.83341 -31.7595 3.19
      vertex 2.55 -31.5833 3.19
    endloop
  endfacet
  facet normal -0.527991 -0.84925 -0
    outer loop
      vertex 2.83341 -31.7595 3.19
      vertex 2.55 -31.5833 0
      vertex 2.83341 -31.7595 0
    endloop
  endfacet
  facet normal 0.0326608 0.999466 -0
    outer loop
      vertex 0 -41.1 0
      vertex -0.333555 -41.0891 3.19
      vertex 0 -41.1 3.19
    endloop
  endfacet
  facet normal 0.0326608 0.999466 0
    outer loop
      vertex -0.333555 -41.0891 3.19
      vertex 0 -41.1 0
      vertex -0.333555 -41.0891 0
    endloop
  endfacet
  facet normal -0.729748 -0.683716 0
    outer loop
      vertex 3.83438 -32.6373 0
      vertex 3.60624 -32.3938 3.19
      vertex 3.60624 -32.3938 0
    endloop
  endfacet
  facet normal -0.729748 -0.683716 0
    outer loop
      vertex 3.60624 -32.3938 3.19
      vertex 3.83438 -32.6373 0
      vertex 3.83438 -32.6373 3.19
    endloop
  endfacet
  facet normal 0.973877 0.227078 0
    outer loop
      vertex -4.92622 -37.32 3.19
      vertex -5.002 -36.995 0
      vertex -5.002 -36.995 3.19
    endloop
  endfacet
  facet normal 0.973877 0.227078 0
    outer loop
      vertex -5.002 -36.995 0
      vertex -4.92622 -37.32 3.19
      vertex -4.92622 -37.32 0
    endloop
  endfacet
  facet normal 0.935935 -0.352174 0
    outer loop
      vertex -4.82934 -34.3607 3.19
      vertex -4.71179 -34.0483 0
      vertex -4.71179 -34.0483 3.19
    endloop
  endfacet
  facet normal 0.935935 -0.352174 0
    outer loop
      vertex -4.71179 -34.0483 0
      vertex -4.82934 -34.3607 3.19
      vertex -4.82934 -34.3607 0
    endloop
  endfacet
  facet normal -0.910865 0.412706 0
    outer loop
      vertex 4.57405 -38.2557 0
      vertex 4.71179 -37.9517 3.19
      vertex 4.71179 -37.9517 0
    endloop
  endfacet
  facet normal -0.910865 0.412706 0
    outer loop
      vertex 4.71179 -37.9517 3.19
      vertex 4.57405 -38.2557 0
      vertex 4.57405 -38.2557 3.19
    endloop
  endfacet
  facet normal -0.412617 -0.910904 0
    outer loop
      vertex 1.95168 -31.2882 0
      vertex 2.25567 -31.4259 3.19
      vertex 1.95168 -31.2882 3.19
    endloop
  endfacet
  facet normal -0.412617 -0.910904 -0
    outer loop
      vertex 2.25567 -31.4259 3.19
      vertex 1.95168 -31.2882 0
      vertex 2.25567 -31.4259 0
    endloop
  endfacet
  facet normal -0.999465 0.0327163 0
    outer loop
      vertex 5.08908 -36.3336 0
      vertex 5.1 -36 3.19
      vertex 5.1 -36 0
    endloop
  endfacet
  facet normal -0.999465 0.0327163 0
    outer loop
      vertex 5.1 -36 3.19
      vertex 5.08908 -36.3336 0
      vertex 5.08908 -36.3336 3.19
    endloop
  endfacet
  facet normal -0.683692 -0.729771 0
    outer loop
      vertex 3.36266 -32.1656 0
      vertex 3.60624 -32.3938 3.19
      vertex 3.36266 -32.1656 3.19
    endloop
  endfacet
  facet normal -0.683692 -0.729771 -0
    outer loop
      vertex 3.60624 -32.3938 3.19
      vertex 3.36266 -32.1656 0
      vertex 3.60624 -32.3938 0
    endloop
  endfacet
  facet normal -0.773033 0.634366 0
    outer loop
      vertex 3.83438 -39.3627 0
      vertex 4.0461 -39.1047 3.19
      vertex 4.0461 -39.1047 0
    endloop
  endfacet
  facet normal -0.773033 0.634366 0
    outer loop
      vertex 4.0461 -39.1047 3.19
      vertex 3.83438 -39.3627 0
      vertex 3.83438 -39.3627 3.19
    endloop
  endfacet
  facet normal 0.956923 0.290343 0
    outer loop
      vertex -4.82934 -37.6393 3.19
      vertex -4.92622 -37.32 0
      vertex -4.92622 -37.32 3.19
    endloop
  endfacet
  facet normal 0.956923 0.290343 0
    outer loop
      vertex -4.92622 -37.32 0
      vertex -4.82934 -37.6393 3.19
      vertex -4.82934 -37.6393 0
    endloop
  endfacet
  facet normal -0.986642 -0.162902 0
    outer loop
      vertex 5.05637 -35.3343 0
      vertex 5.002 -35.005 3.19
      vertex 5.002 -35.005 0
    endloop
  endfacet
  facet normal -0.986642 -0.162902 0
    outer loop
      vertex 5.002 -35.005 3.19
      vertex 5.05637 -35.3343 0
      vertex 5.05637 -35.3343 3.19
    endloop
  endfacet
  facet normal 0.290348 -0.956921 0
    outer loop
      vertex -1.63934 -31.1707 0
      vertex -1.31998 -31.0738 3.19
      vertex -1.63934 -31.1707 3.19
    endloop
  endfacet
  facet normal 0.290348 -0.956921 0
    outer loop
      vertex -1.31998 -31.0738 3.19
      vertex -1.63934 -31.1707 0
      vertex -1.31998 -31.0738 0
    endloop
  endfacet
  facet normal -0.471577 0.881825 0
    outer loop
      vertex 2.55 -40.4167 0
      vertex 2.25567 -40.5741 3.19
      vertex 2.55 -40.4167 3.19
    endloop
  endfacet
  facet normal -0.471577 0.881825 0
    outer loop
      vertex 2.25567 -40.5741 3.19
      vertex 2.55 -40.4167 0
      vertex 2.25567 -40.5741 0
    endloop
  endfacet
  facet normal 0.986642 0.162902 0
    outer loop
      vertex -5.002 -36.995 3.19
      vertex -5.05637 -36.6657 0
      vertex -5.05637 -36.6657 3.19
    endloop
  endfacet
  facet normal 0.986642 0.162902 0
    outer loop
      vertex -5.05637 -36.6657 0
      vertex -5.002 -36.995 3.19
      vertex -5.002 -36.995 0
    endloop
  endfacet
  facet normal -0.527991 0.84925 0
    outer loop
      vertex 2.83341 -40.2405 0
      vertex 2.55 -40.4167 3.19
      vertex 2.83341 -40.2405 3.19
    endloop
  endfacet
  facet normal -0.527991 0.84925 0
    outer loop
      vertex 2.55 -40.4167 3.19
      vertex 2.83341 -40.2405 0
      vertex 2.55 -40.4167 0
    endloop
  endfacet
  facet normal 0.683692 -0.729771 0
    outer loop
      vertex -3.60624 -32.3938 0
      vertex -3.36266 -32.1656 3.19
      vertex -3.60624 -32.3938 3.19
    endloop
  endfacet
  facet normal 0.683692 -0.729771 0
    outer loop
      vertex -3.36266 -32.1656 3.19
      vertex -3.60624 -32.3938 0
      vertex -3.36266 -32.1656 0
    endloop
  endfacet
  facet normal 0.0979823 0.995188 -0
    outer loop
      vertex -0.333555 -41.0891 0
      vertex -0.665683 -41.0564 3.19
      vertex -0.333555 -41.0891 3.19
    endloop
  endfacet
  facet normal 0.0979823 0.995188 0
    outer loop
      vertex -0.665683 -41.0564 3.19
      vertex -0.333555 -41.0891 0
      vertex -0.665683 -41.0564 0
    endloop
  endfacet
  facet normal -0.999465 -0.0327163 0
    outer loop
      vertex 5.1 -36 0
      vertex 5.08908 -35.6664 3.19
      vertex 5.08908 -35.6664 0
    endloop
  endfacet
  facet normal -0.999465 -0.0327163 0
    outer loop
      vertex 5.08908 -35.6664 3.19
      vertex 5.1 -36 0
      vertex 5.1 -36 3.19
    endloop
  endfacet
  facet normal -0.352102 0.935962 0
    outer loop
      vertex 1.95168 -40.7118 0
      vertex 1.63934 -40.8293 3.19
      vertex 1.95168 -40.7118 3.19
    endloop
  endfacet
  facet normal -0.352102 0.935962 0
    outer loop
      vertex 1.63934 -40.8293 3.19
      vertex 1.95168 -40.7118 0
      vertex 1.63934 -40.8293 0
    endloop
  endfacet
  facet normal 0.812876 0.582436 0
    outer loop
      vertex -4.0461 -39.1047 3.19
      vertex -4.24049 -38.8334 0
      vertex -4.24049 -38.8334 3.19
    endloop
  endfacet
  facet normal 0.812876 0.582436 0
    outer loop
      vertex -4.24049 -38.8334 0
      vertex -4.0461 -39.1047 3.19
      vertex -4.0461 -39.1047 0
    endloop
  endfacet
  facet normal -0.290348 -0.956921 0
    outer loop
      vertex 1.31998 -31.0738 0
      vertex 1.63934 -31.1707 3.19
      vertex 1.31998 -31.0738 3.19
    endloop
  endfacet
  facet normal -0.290348 -0.956921 -0
    outer loop
      vertex 1.63934 -31.1707 3.19
      vertex 1.31998 -31.0738 0
      vertex 1.63934 -31.1707 0
    endloop
  endfacet
  facet normal -0.973877 -0.227078 0
    outer loop
      vertex 5.002 -35.005 0
      vertex 4.92622 -34.68 3.19
      vertex 4.92622 -34.68 0
    endloop
  endfacet
  facet normal -0.973877 -0.227078 0
    outer loop
      vertex 4.92622 -34.68 3.19
      vertex 5.002 -35.005 0
      vertex 5.002 -35.005 3.19
    endloop
  endfacet
  facet normal -0.849188 0.528091 0
    outer loop
      vertex 4.24049 -38.8334 0
      vertex 4.41673 -38.55 3.19
      vertex 4.41673 -38.55 0
    endloop
  endfacet
  facet normal -0.849188 0.528091 0
    outer loop
      vertex 4.41673 -38.55 3.19
      vertex 4.24049 -38.8334 0
      vertex 4.24049 -38.8334 3.19
    endloop
  endfacet
  facet normal -0.582499 0.812832 0
    outer loop
      vertex 3.10468 -40.0461 0
      vertex 2.83341 -40.2405 3.19
      vertex 3.10468 -40.0461 3.19
    endloop
  endfacet
  facet normal -0.582499 0.812832 0
    outer loop
      vertex 2.83341 -40.2405 3.19
      vertex 3.10468 -40.0461 0
      vertex 2.83341 -40.2405 0
    endloop
  endfacet
  facet normal -0.812876 0.582436 0
    outer loop
      vertex 4.0461 -39.1047 0
      vertex 4.24049 -38.8334 3.19
      vertex 4.24049 -38.8334 0
    endloop
  endfacet
  facet normal -0.812876 0.582436 0
    outer loop
      vertex 4.24049 -38.8334 3.19
      vertex 4.0461 -39.1047 0
      vertex 4.0461 -39.1047 3.19
    endloop
  endfacet
  facet normal 0.999465 0.0327163 0
    outer loop
      vertex -5.08908 -36.3336 3.19
      vertex -5.1 -36 0
      vertex -5.1 -36 3.19
    endloop
  endfacet
  facet normal 0.999465 0.0327163 0
    outer loop
      vertex -5.1 -36 0
      vertex -5.08908 -36.3336 3.19
      vertex -5.08908 -36.3336 0
    endloop
  endfacet
  facet normal 0.935935 0.352174 0
    outer loop
      vertex -4.71179 -37.9517 3.19
      vertex -4.82934 -37.6393 0
      vertex -4.82934 -37.6393 3.19
    endloop
  endfacet
  facet normal 0.935935 0.352174 0
    outer loop
      vertex -4.82934 -37.6393 0
      vertex -4.71179 -37.9517 3.19
      vertex -4.71179 -37.9517 0
    endloop
  endfacet
  facet normal 0.527991 0.84925 -0
    outer loop
      vertex -2.55 -40.4167 0
      vertex -2.83341 -40.2405 3.19
      vertex -2.55 -40.4167 3.19
    endloop
  endfacet
  facet normal 0.527991 0.84925 0
    outer loop
      vertex -2.83341 -40.2405 3.19
      vertex -2.55 -40.4167 0
      vertex -2.83341 -40.2405 0
    endloop
  endfacet
  facet normal 0.973877 -0.227078 0
    outer loop
      vertex -5.002 -35.005 3.19
      vertex -4.92622 -34.68 0
      vertex -4.92622 -34.68 3.19
    endloop
  endfacet
  facet normal 0.973877 -0.227078 0
    outer loop
      vertex -4.92622 -34.68 0
      vertex -5.002 -35.005 3.19
      vertex -5.002 -35.005 0
    endloop
  endfacet
  facet normal -0.63436 0.773038 0
    outer loop
      vertex 3.36266 -39.8344 0
      vertex 3.10468 -40.0461 3.19
      vertex 3.36266 -39.8344 3.19
    endloop
  endfacet
  facet normal -0.63436 0.773038 0
    outer loop
      vertex 3.10468 -40.0461 3.19
      vertex 3.36266 -39.8344 0
      vertex 3.10468 -40.0461 0
    endloop
  endfacet
  facet normal 0.163001 -0.986626 0
    outer loop
      vertex -0.99496 -30.998 0
      vertex -0.665683 -30.9436 3.19
      vertex -0.99496 -30.998 3.19
    endloop
  endfacet
  facet normal 0.163001 -0.986626 0
    outer loop
      vertex -0.665683 -30.9436 3.19
      vertex -0.99496 -30.998 0
      vertex -0.665683 -30.9436 0
    endloop
  endfacet
  facet normal 0.582499 0.812832 -0
    outer loop
      vertex -2.83341 -40.2405 0
      vertex -3.10468 -40.0461 3.19
      vertex -2.83341 -40.2405 3.19
    endloop
  endfacet
  facet normal 0.582499 0.812832 0
    outer loop
      vertex -3.10468 -40.0461 3.19
      vertex -2.83341 -40.2405 0
      vertex -3.10468 -40.0461 0
    endloop
  endfacet
  facet normal -0.683692 0.729771 0
    outer loop
      vertex 3.60624 -39.6062 0
      vertex 3.36266 -39.8344 3.19
      vertex 3.60624 -39.6062 3.19
    endloop
  endfacet
  facet normal -0.683692 0.729771 0
    outer loop
      vertex 3.36266 -39.8344 3.19
      vertex 3.60624 -39.6062 0
      vertex 3.36266 -39.8344 0
    endloop
  endfacet
  facet normal 0.63436 0.773038 -0
    outer loop
      vertex -3.10468 -40.0461 0
      vertex -3.36266 -39.8344 3.19
      vertex -3.10468 -40.0461 3.19
    endloop
  endfacet
  facet normal 0.63436 0.773038 0
    outer loop
      vertex -3.36266 -39.8344 3.19
      vertex -3.10468 -40.0461 0
      vertex -3.36266 -39.8344 0
    endloop
  endfacet
  facet normal -0.973877 0.227078 0
    outer loop
      vertex 4.92622 -37.32 0
      vertex 5.002 -36.995 3.19
      vertex 5.002 -36.995 0
    endloop
  endfacet
  facet normal -0.973877 0.227078 0
    outer loop
      vertex 5.002 -36.995 3.19
      vertex 4.92622 -37.32 0
      vertex 4.92622 -37.32 3.19
    endloop
  endfacet
  facet normal -0.412617 0.910904 0
    outer loop
      vertex 2.25567 -40.5741 0
      vertex 1.95168 -40.7118 3.19
      vertex 2.25567 -40.5741 3.19
    endloop
  endfacet
  facet normal -0.412617 0.910904 0
    outer loop
      vertex 1.95168 -40.7118 3.19
      vertex 2.25567 -40.5741 0
      vertex 1.95168 -40.7118 0
    endloop
  endfacet
  facet normal -0.995184 0.0980201 0
    outer loop
      vertex 5.05637 -36.6657 0
      vertex 5.08908 -36.3336 3.19
      vertex 5.08908 -36.3336 0
    endloop
  endfacet
  facet normal -0.995184 0.0980201 0
    outer loop
      vertex 5.08908 -36.3336 3.19
      vertex 5.05637 -36.6657 0
      vertex 5.05637 -36.6657 3.19
    endloop
  endfacet
  facet normal 0.849188 0.528091 0
    outer loop
      vertex -4.24049 -38.8334 3.19
      vertex -4.41673 -38.55 0
      vertex -4.41673 -38.55 3.19
    endloop
  endfacet
  facet normal 0.849188 0.528091 0
    outer loop
      vertex -4.41673 -38.55 0
      vertex -4.24049 -38.8334 3.19
      vertex -4.24049 -38.8334 0
    endloop
  endfacet
  facet normal -0.849188 -0.528091 0
    outer loop
      vertex 4.41673 -33.45 0
      vertex 4.24049 -33.1666 3.19
      vertex 4.24049 -33.1666 0
    endloop
  endfacet
  facet normal -0.849188 -0.528091 0
    outer loop
      vertex 4.24049 -33.1666 3.19
      vertex 4.41673 -33.45 0
      vertex 4.41673 -33.45 3.19
    endloop
  endfacet
  facet normal 0.849188 -0.528091 0
    outer loop
      vertex -4.41673 -33.45 3.19
      vertex -4.24049 -33.1666 0
      vertex -4.24049 -33.1666 3.19
    endloop
  endfacet
  facet normal 0.849188 -0.528091 0
    outer loop
      vertex -4.24049 -33.1666 0
      vertex -4.41673 -33.45 3.19
      vertex -4.41673 -33.45 0
    endloop
  endfacet
  facet normal 0.999465 -0.0327163 0
    outer loop
      vertex -5.1 -36 3.19
      vertex -5.08908 -35.6664 0
      vertex -5.08908 -35.6664 3.19
    endloop
  endfacet
  facet normal 0.999465 -0.0327163 0
    outer loop
      vertex -5.08908 -35.6664 0
      vertex -5.1 -36 3.19
      vertex -5.1 -36 0
    endloop
  endfacet
  facet normal -0.956923 0.290343 0
    outer loop
      vertex 4.82934 -37.6393 0
      vertex 4.92622 -37.32 3.19
      vertex 4.92622 -37.32 0
    endloop
  endfacet
  facet normal -0.956923 0.290343 0
    outer loop
      vertex 4.92622 -37.32 3.19
      vertex 4.82934 -37.6393 0
      vertex 4.82934 -37.6393 3.19
    endloop
  endfacet
  facet normal 0.0326608 -0.999466 0
    outer loop
      vertex -0.333555 -30.9109 0
      vertex 0 -30.9 3.19
      vertex -0.333555 -30.9109 3.19
    endloop
  endfacet
  facet normal 0.0326608 -0.999466 0
    outer loop
      vertex 0 -30.9 3.19
      vertex -0.333555 -30.9109 0
      vertex 0 -30.9 0
    endloop
  endfacet
  facet normal 0.986642 -0.162902 0
    outer loop
      vertex -5.05637 -35.3343 3.19
      vertex -5.002 -35.005 0
      vertex -5.002 -35.005 3.19
    endloop
  endfacet
  facet normal 0.986642 -0.162902 0
    outer loop
      vertex -5.002 -35.005 0
      vertex -5.05637 -35.3343 3.19
      vertex -5.05637 -35.3343 0
    endloop
  endfacet
  facet normal -0.881905 0.471428 0
    outer loop
      vertex 4.41673 -38.55 0
      vertex 4.57405 -38.2557 3.19
      vertex 4.57405 -38.2557 0
    endloop
  endfacet
  facet normal -0.881905 0.471428 0
    outer loop
      vertex 4.57405 -38.2557 3.19
      vertex 4.41673 -38.55 0
      vertex 4.41673 -38.55 3.19
    endloop
  endfacet
  facet normal -0.986642 0.162902 0
    outer loop
      vertex 5.002 -36.995 0
      vertex 5.05637 -36.6657 3.19
      vertex 5.05637 -36.6657 0
    endloop
  endfacet
  facet normal -0.986642 0.162902 0
    outer loop
      vertex 5.05637 -36.6657 3.19
      vertex 5.002 -36.995 0
      vertex 5.002 -36.995 3.19
    endloop
  endfacet
  facet normal 0.227122 -0.973866 0
    outer loop
      vertex -1.31998 -31.0738 0
      vertex -0.99496 -30.998 3.19
      vertex -1.31998 -31.0738 3.19
    endloop
  endfacet
  facet normal 0.227122 -0.973866 0
    outer loop
      vertex -0.99496 -30.998 3.19
      vertex -1.31998 -31.0738 0
      vertex -0.99496 -30.998 0
    endloop
  endfacet
  facet normal 0.352102 0.935962 -0
    outer loop
      vertex -1.63934 -40.8293 0
      vertex -1.95168 -40.7118 3.19
      vertex -1.63934 -40.8293 3.19
    endloop
  endfacet
  facet normal 0.352102 0.935962 0
    outer loop
      vertex -1.95168 -40.7118 3.19
      vertex -1.63934 -40.8293 0
      vertex -1.95168 -40.7118 0
    endloop
  endfacet
  facet normal -0.935935 0.352174 0
    outer loop
      vertex 4.71179 -37.9517 0
      vertex 4.82934 -37.6393 3.19
      vertex 4.82934 -37.6393 0
    endloop
  endfacet
  facet normal -0.935935 0.352174 0
    outer loop
      vertex 4.82934 -37.6393 3.19
      vertex 4.71179 -37.9517 0
      vertex 4.71179 -37.9517 3.19
    endloop
  endfacet
  facet normal -0.773033 -0.634366 0
    outer loop
      vertex 4.0461 -32.8953 0
      vertex 3.83438 -32.6373 3.19
      vertex 3.83438 -32.6373 0
    endloop
  endfacet
  facet normal -0.773033 -0.634366 0
    outer loop
      vertex 3.83438 -32.6373 3.19
      vertex 4.0461 -32.8953 0
      vertex 4.0461 -32.8953 3.19
    endloop
  endfacet
  facet normal 0.471577 0.881825 -0
    outer loop
      vertex -2.25567 -40.5741 0
      vertex -2.55 -40.4167 3.19
      vertex -2.25567 -40.5741 3.19
    endloop
  endfacet
  facet normal 0.471577 0.881825 0
    outer loop
      vertex -2.55 -40.4167 3.19
      vertex -2.25567 -40.5741 0
      vertex -2.55 -40.4167 0
    endloop
  endfacet
  facet normal 0.995184 0.0980201 0
    outer loop
      vertex -5.05637 -36.6657 3.19
      vertex -5.08908 -36.3336 0
      vertex -5.08908 -36.3336 3.19
    endloop
  endfacet
  facet normal 0.995184 0.0980201 0
    outer loop
      vertex -5.08908 -36.3336 0
      vertex -5.05637 -36.6657 3.19
      vertex -5.05637 -36.6657 0
    endloop
  endfacet
  facet normal 0.412617 -0.910904 0
    outer loop
      vertex -2.25567 -31.4259 0
      vertex -1.95168 -31.2882 3.19
      vertex -2.25567 -31.4259 3.19
    endloop
  endfacet
  facet normal 0.412617 -0.910904 0
    outer loop
      vertex -1.95168 -31.2882 3.19
      vertex -2.25567 -31.4259 0
      vertex -1.95168 -31.2882 0
    endloop
  endfacet
  facet normal -0.935935 -0.352174 0
    outer loop
      vertex 4.82934 -34.3607 0
      vertex 4.71179 -34.0483 3.19
      vertex 4.71179 -34.0483 0
    endloop
  endfacet
  facet normal -0.935935 -0.352174 0
    outer loop
      vertex 4.71179 -34.0483 3.19
      vertex 4.82934 -34.3607 0
      vertex 4.82934 -34.3607 3.19
    endloop
  endfacet
  facet normal -0.812876 -0.582436 0
    outer loop
      vertex 4.24049 -33.1666 0
      vertex 4.0461 -32.8953 3.19
      vertex 4.0461 -32.8953 0
    endloop
  endfacet
  facet normal -0.812876 -0.582436 0
    outer loop
      vertex 4.0461 -32.8953 3.19
      vertex 4.24049 -33.1666 0
      vertex 4.24049 -33.1666 3.19
    endloop
  endfacet
  facet normal -0.956923 -0.290343 0
    outer loop
      vertex 4.92622 -34.68 0
      vertex 4.82934 -34.3607 3.19
      vertex 4.82934 -34.3607 0
    endloop
  endfacet
  facet normal -0.956923 -0.290343 0
    outer loop
      vertex 4.82934 -34.3607 3.19
      vertex 4.92622 -34.68 0
      vertex 4.92622 -34.68 3.19
    endloop
  endfacet
  facet normal 0.910865 -0.412706 0
    outer loop
      vertex -4.71179 -34.0483 3.19
      vertex -4.57405 -33.7443 0
      vertex -4.57405 -33.7443 3.19
    endloop
  endfacet
  facet normal 0.910865 -0.412706 0
    outer loop
      vertex -4.57405 -33.7443 0
      vertex -4.71179 -34.0483 3.19
      vertex -4.71179 -34.0483 0
    endloop
  endfacet
  facet normal 0.729748 -0.683716 0
    outer loop
      vertex -3.83438 -32.6373 3.19
      vertex -3.60624 -32.3938 0
      vertex -3.60624 -32.3938 3.19
    endloop
  endfacet
  facet normal 0.729748 -0.683716 0
    outer loop
      vertex -3.60624 -32.3938 0
      vertex -3.83438 -32.6373 3.19
      vertex -3.83438 -32.6373 0
    endloop
  endfacet
  facet normal -0.729748 0.683716 0
    outer loop
      vertex 3.60624 -39.6062 0
      vertex 3.83438 -39.3627 3.19
      vertex 3.83438 -39.3627 0
    endloop
  endfacet
  facet normal -0.729748 0.683716 0
    outer loop
      vertex 3.83438 -39.3627 3.19
      vertex 3.60624 -39.6062 0
      vertex 3.60624 -39.6062 3.19
    endloop
  endfacet
  facet normal -0.352102 -0.935962 0
    outer loop
      vertex 1.63934 -31.1707 0
      vertex 1.95168 -31.2882 3.19
      vertex 1.63934 -31.1707 3.19
    endloop
  endfacet
  facet normal -0.352102 -0.935962 -0
    outer loop
      vertex 1.95168 -31.2882 3.19
      vertex 1.63934 -31.1707 0
      vertex 1.95168 -31.2882 0
    endloop
  endfacet
  facet normal 0.910865 0.412706 0
    outer loop
      vertex -4.57405 -38.2557 3.19
      vertex -4.71179 -37.9517 0
      vertex -4.71179 -37.9517 3.19
    endloop
  endfacet
  facet normal 0.910865 0.412706 0
    outer loop
      vertex -4.71179 -37.9517 0
      vertex -4.57405 -38.2557 3.19
      vertex -4.57405 -38.2557 0
    endloop
  endfacet
  facet normal 0.290348 0.956921 -0
    outer loop
      vertex -1.31998 -40.9262 0
      vertex -1.63934 -40.8293 3.19
      vertex -1.31998 -40.9262 3.19
    endloop
  endfacet
  facet normal 0.290348 0.956921 0
    outer loop
      vertex -1.63934 -40.8293 3.19
      vertex -1.31998 -40.9262 0
      vertex -1.63934 -40.8293 0
    endloop
  endfacet
  facet normal 0.227122 0.973866 -0
    outer loop
      vertex -0.99496 -41.002 0
      vertex -1.31998 -40.9262 3.19
      vertex -0.99496 -41.002 3.19
    endloop
  endfacet
  facet normal 0.227122 0.973866 0
    outer loop
      vertex -1.31998 -40.9262 3.19
      vertex -0.99496 -41.002 0
      vertex -1.31998 -40.9262 0
    endloop
  endfacet
  facet normal -0.0326608 -0.999466 0
    outer loop
      vertex 0 -30.9 0
      vertex 0.333555 -30.9109 3.19
      vertex 0 -30.9 3.19
    endloop
  endfacet
  facet normal -0.0326608 -0.999466 -0
    outer loop
      vertex 0.333555 -30.9109 3.19
      vertex 0 -30.9 0
      vertex 0.333555 -30.9109 0
    endloop
  endfacet
  facet normal 0.471577 -0.881825 0
    outer loop
      vertex -2.55 -31.5833 0
      vertex -2.25567 -31.4259 3.19
      vertex -2.55 -31.5833 3.19
    endloop
  endfacet
  facet normal 0.471577 -0.881825 0
    outer loop
      vertex -2.25567 -31.4259 3.19
      vertex -2.55 -31.5833 0
      vertex -2.25567 -31.4259 0
    endloop
  endfacet
  facet normal 0.163001 0.986626 -0
    outer loop
      vertex -0.665683 -41.0564 0
      vertex -0.99496 -41.002 3.19
      vertex -0.665683 -41.0564 3.19
    endloop
  endfacet
  facet normal 0.163001 0.986626 0
    outer loop
      vertex -0.99496 -41.002 3.19
      vertex -0.665683 -41.0564 0
      vertex -0.99496 -41.002 0
    endloop
  endfacet
  facet normal 0.527991 -0.84925 0
    outer loop
      vertex -2.83341 -31.7595 0
      vertex -2.55 -31.5833 3.19
      vertex -2.83341 -31.7595 3.19
    endloop
  endfacet
  facet normal 0.527991 -0.84925 0
    outer loop
      vertex -2.55 -31.5833 3.19
      vertex -2.83341 -31.7595 0
      vertex -2.55 -31.5833 0
    endloop
  endfacet
  facet normal 0.995184 -0.0980201 0
    outer loop
      vertex -5.08908 -35.6664 3.19
      vertex -5.05637 -35.3343 0
      vertex -5.05637 -35.3343 3.19
    endloop
  endfacet
  facet normal 0.995184 -0.0980201 0
    outer loop
      vertex -5.05637 -35.3343 0
      vertex -5.08908 -35.6664 3.19
      vertex -5.08908 -35.6664 0
    endloop
  endfacet
  facet normal 0.773033 0.634366 0
    outer loop
      vertex -3.83438 -39.3627 3.19
      vertex -4.0461 -39.1047 0
      vertex -4.0461 -39.1047 3.19
    endloop
  endfacet
  facet normal 0.773033 0.634366 0
    outer loop
      vertex -4.0461 -39.1047 0
      vertex -3.83438 -39.3627 3.19
      vertex -3.83438 -39.3627 0
    endloop
  endfacet
  facet normal 0.0979823 -0.995188 0
    outer loop
      vertex -0.665683 -30.9436 0
      vertex -0.333555 -30.9109 3.19
      vertex -0.665683 -30.9436 3.19
    endloop
  endfacet
  facet normal 0.0979823 -0.995188 0
    outer loop
      vertex -0.333555 -30.9109 3.19
      vertex -0.665683 -30.9436 0
      vertex -0.333555 -30.9109 0
    endloop
  endfacet
  facet normal 0.773033 -0.634366 0
    outer loop
      vertex -4.0461 -32.8953 3.19
      vertex -3.83438 -32.6373 0
      vertex -3.83438 -32.6373 3.19
    endloop
  endfacet
  facet normal 0.773033 -0.634366 0
    outer loop
      vertex -3.83438 -32.6373 0
      vertex -4.0461 -32.8953 3.19
      vertex -4.0461 -32.8953 0
    endloop
  endfacet
  facet normal -0.63436 -0.773038 0
    outer loop
      vertex 3.10468 -31.9539 0
      vertex 3.36266 -32.1656 3.19
      vertex 3.10468 -31.9539 3.19
    endloop
  endfacet
  facet normal -0.63436 -0.773038 -0
    outer loop
      vertex 3.36266 -32.1656 3.19
      vertex 3.10468 -31.9539 0
      vertex 3.36266 -32.1656 0
    endloop
  endfacet
  facet normal -0.163001 -0.986626 0
    outer loop
      vertex 0.665683 -30.9436 0
      vertex 0.99496 -30.998 3.19
      vertex 0.665683 -30.9436 3.19
    endloop
  endfacet
  facet normal -0.163001 -0.986626 -0
    outer loop
      vertex 0.99496 -30.998 3.19
      vertex 0.665683 -30.9436 0
      vertex 0.99496 -30.998 0
    endloop
  endfacet
  facet normal -0.582499 -0.812832 0
    outer loop
      vertex 2.83341 -31.7595 0
      vertex 3.10468 -31.9539 3.19
      vertex 2.83341 -31.7595 3.19
    endloop
  endfacet
  facet normal -0.582499 -0.812832 -0
    outer loop
      vertex 3.10468 -31.9539 3.19
      vertex 2.83341 -31.7595 0
      vertex 3.10468 -31.9539 0
    endloop
  endfacet
  facet normal 0.956923 -0.290343 0
    outer loop
      vertex -4.92622 -34.68 3.19
      vertex -4.82934 -34.3607 0
      vertex -4.82934 -34.3607 3.19
    endloop
  endfacet
  facet normal 0.956923 -0.290343 0
    outer loop
      vertex -4.82934 -34.3607 0
      vertex -4.92622 -34.68 3.19
      vertex -4.92622 -34.68 0
    endloop
  endfacet
  facet normal 0.412617 0.910904 -0
    outer loop
      vertex -1.95168 -40.7118 0
      vertex -2.25567 -40.5741 3.19
      vertex -1.95168 -40.7118 3.19
    endloop
  endfacet
  facet normal 0.412617 0.910904 0
    outer loop
      vertex -2.25567 -40.5741 3.19
      vertex -1.95168 -40.7118 0
      vertex -2.25567 -40.5741 0
    endloop
  endfacet
  facet normal -0.999465 0.0327044 0
    outer loop
      vertex 36.3221 -2.38067 15
      vertex 36.4 0 28.5
      vertex 36.4 0 15
    endloop
  endfacet
  facet normal -0.999465 0.0327044 0
    outer loop
      vertex 36.4 0 28.5
      vertex 36.3221 -2.38067 15
      vertex 36.3221 -2.38067 28.5
    endloop
  endfacet
  facet normal -0.995184 -0.0980288 0
    outer loop
      vertex 36.3221 2.38067 15
      vertex 36.0886 4.75115 28.5
      vertex 36.0886 4.75115 15
    endloop
  endfacet
  facet normal -0.995184 -0.0980288 0
    outer loop
      vertex 36.0886 4.75115 28.5
      vertex 36.3221 2.38067 15
      vertex 36.3221 2.38067 28.5
    endloop
  endfacet
  facet normal -0.999465 -0.0327044 0
    outer loop
      vertex 36.4 0 15
      vertex 36.3221 2.38067 28.5
      vertex 36.3221 2.38067 15
    endloop
  endfacet
  facet normal -0.999465 -0.0327044 0
    outer loop
      vertex 36.3221 2.38067 28.5
      vertex 36.4 0 15
      vertex 36.4 0 28.5
    endloop
  endfacet
  facet normal -0.412696 0.910869 0
    outer loop
      vertex 16.0993 -32.6462 15
      vertex 13.9297 -33.6292 28.5
      vertex 16.0993 -32.6462 28.5
    endloop
  endfacet
  facet normal -0.412696 0.910869 0
    outer loop
      vertex 13.9297 -33.6292 28.5
      vertex 16.0993 -32.6462 15
      vertex 13.9297 -33.6292 15
    endloop
  endfacet
  facet normal 0.935899 0.352269 0
    outer loop
      vertex -33.6292 -13.9297 28.5
      vertex -34.4683 -11.7004 15
      vertex -34.4683 -11.7004 28.5
    endloop
  endfacet
  facet normal 0.935899 0.352269 0
    outer loop
      vertex -34.4683 -11.7004 15
      vertex -33.6292 -13.9297 28.5
      vertex -33.6292 -13.9297 15
    endloop
  endfacet
  facet normal 0.935899 -0.352269 0
    outer loop
      vertex -34.4683 11.7004 28.5
      vertex -33.6292 13.9297 15
      vertex -33.6292 13.9297 28.5
    endloop
  endfacet
  facet normal 0.935899 -0.352269 0
    outer loop
      vertex -33.6292 13.9297 15
      vertex -34.4683 11.7004 28.5
      vertex -34.4683 11.7004 15
    endloop
  endfacet
  facet normal 0.471414 -0.881912 0
    outer loop
      vertex -18.2 31.5233 15
      vertex -16.0993 32.6462 28.5
      vertex -18.2 31.5233 28.5
    endloop
  endfacet
  facet normal 0.471414 -0.881912 0
    outer loop
      vertex -16.0993 32.6462 28.5
      vertex -18.2 31.5233 15
      vertex -16.0993 32.6462 15
    endloop
  endfacet
  facet normal -0.995184 0.0980288 0
    outer loop
      vertex 36.0886 -4.75115 15
      vertex 36.3221 -2.38067 28.5
      vertex 36.3221 -2.38067 15
    endloop
  endfacet
  facet normal -0.995184 0.0980288 0
    outer loop
      vertex 36.3221 -2.38067 28.5
      vertex 36.0886 -4.75115 15
      vertex 36.0886 -4.75115 28.5
    endloop
  endfacet
  facet normal -0.162892 0.986644 0
    outer loop
      vertex 7.10129 -35.7006 15
      vertex 4.75115 -36.0886 28.5
      vertex 7.10129 -35.7006 28.5
    endloop
  endfacet
  facet normal -0.162892 0.986644 0
    outer loop
      vertex 4.75115 -36.0886 28.5
      vertex 7.10129 -35.7006 15
      vertex 4.75115 -36.0886 15
    endloop
  endfacet
  facet normal 0.956946 -0.290267 0
    outer loop
      vertex -35.1597 9.42101 28.5
      vertex -34.4683 11.7004 15
      vertex -34.4683 11.7004 28.5
    endloop
  endfacet
  facet normal 0.956946 -0.290267 0
    outer loop
      vertex -34.4683 11.7004 15
      vertex -35.1597 9.42101 28.5
      vertex -35.1597 9.42101 15
    endloop
  endfacet
  facet normal 0.0327044 0.999465 -0
    outer loop
      vertex 0 -36.4 15
      vertex -2.38067 -36.3221 28.5
      vertex 0 -36.4 28.5
    endloop
  endfacet
  facet normal 0.0327044 0.999465 0
    outer loop
      vertex -2.38067 -36.3221 28.5
      vertex 0 -36.4 15
      vertex -2.38067 -36.3221 15
    endloop
  endfacet
  facet normal -0.910869 -0.412696 0
    outer loop
      vertex 33.6292 13.9297 15
      vertex 32.6462 16.0993 28.5
      vertex 32.6462 16.0993 15
    endloop
  endfacet
  facet normal -0.910869 -0.412696 0
    outer loop
      vertex 32.6462 16.0993 28.5
      vertex 33.6292 13.9297 15
      vertex 33.6292 13.9297 28.5
    endloop
  endfacet
  facet normal -0.582481 -0.812845 0
    outer loop
      vertex 20.2228 30.2655 15
      vertex 22.1589 28.8781 28.5
      vertex 20.2228 30.2655 28.5
    endloop
  endfacet
  facet normal -0.582481 -0.812845 -0
    outer loop
      vertex 22.1589 28.8781 28.5
      vertex 20.2228 30.2655 15
      vertex 22.1589 28.8781 15
    endloop
  endfacet
  facet normal 0.634389 0.773014 -0
    outer loop
      vertex -22.1589 -28.8781 15
      vertex -24.0002 -27.367 28.5
      vertex -22.1589 -28.8781 28.5
    endloop
  endfacet
  facet normal 0.634389 0.773014 0
    outer loop
      vertex -24.0002 -27.367 28.5
      vertex -22.1589 -28.8781 15
      vertex -24.0002 -27.367 15
    endloop
  endfacet
  facet normal 0.471414 0.881912 -0
    outer loop
      vertex -16.0993 -32.6462 15
      vertex -18.2 -31.5233 28.5
      vertex -16.0993 -32.6462 28.5
    endloop
  endfacet
  facet normal 0.471414 0.881912 0
    outer loop
      vertex -18.2 -31.5233 28.5
      vertex -16.0993 -32.6462 15
      vertex -18.2 -31.5233 15
    endloop
  endfacet
  facet normal -0.412696 -0.910869 0
    outer loop
      vertex 13.9297 33.6292 15
      vertex 16.0993 32.6462 28.5
      vertex 13.9297 33.6292 28.5
    endloop
  endfacet
  facet normal -0.412696 -0.910869 -0
    outer loop
      vertex 16.0993 32.6462 28.5
      vertex 13.9297 33.6292 15
      vertex 16.0993 32.6462 15
    endloop
  endfacet
  facet normal -0.0980288 0.995184 0
    outer loop
      vertex 4.75115 -36.0886 15
      vertex 2.38067 -36.3221 28.5
      vertex 4.75115 -36.0886 28.5
    endloop
  endfacet
  facet normal -0.0980288 0.995184 0
    outer loop
      vertex 2.38067 -36.3221 28.5
      vertex 4.75115 -36.0886 15
      vertex 2.38067 -36.3221 15
    endloop
  endfacet
  facet normal 0.999465 0.0327044 0
    outer loop
      vertex -36.3221 -2.38067 28.5
      vertex -36.4 0 15
      vertex -36.4 0 28.5
    endloop
  endfacet
  facet normal 0.999465 0.0327044 0
    outer loop
      vertex -36.4 0 15
      vertex -36.3221 -2.38067 28.5
      vertex -36.3221 -2.38067 15
    endloop
  endfacet
  facet normal 0.227083 -0.973875 0
    outer loop
      vertex -9.42101 35.1597 15
      vertex -7.10129 35.7006 28.5
      vertex -9.42101 35.1597 28.5
    endloop
  endfacet
  facet normal 0.227083 -0.973875 0
    outer loop
      vertex -7.10129 35.7006 28.5
      vertex -9.42101 35.1597 15
      vertex -7.10129 35.7006 15
    endloop
  endfacet
  facet normal -0.227083 0.973875 0
    outer loop
      vertex 9.42101 -35.1597 15
      vertex 7.10129 -35.7006 28.5
      vertex 9.42101 -35.1597 28.5
    endloop
  endfacet
  facet normal -0.227083 0.973875 0
    outer loop
      vertex 7.10129 -35.7006 28.5
      vertex 9.42101 -35.1597 15
      vertex 7.10129 -35.7006 15
    endloop
  endfacet
  facet normal -0.72986 0.683596 0
    outer loop
      vertex 25.7387 -25.7387 15
      vertex 27.367 -24.0002 28.5
      vertex 27.367 -24.0002 15
    endloop
  endfacet
  facet normal -0.72986 0.683596 0
    outer loop
      vertex 27.367 -24.0002 28.5
      vertex 25.7387 -25.7387 15
      vertex 25.7387 -25.7387 28.5
    endloop
  endfacet
  facet normal 0.910869 0.412696 0
    outer loop
      vertex -32.6462 -16.0993 28.5
      vertex -33.6292 -13.9297 15
      vertex -33.6292 -13.9297 28.5
    endloop
  endfacet
  facet normal 0.910869 0.412696 0
    outer loop
      vertex -33.6292 -13.9297 15
      vertex -32.6462 -16.0993 28.5
      vertex -32.6462 -16.0993 15
    endloop
  endfacet
  facet normal 0.72986 -0.683596 0
    outer loop
      vertex -27.367 24.0002 28.5
      vertex -25.7387 25.7387 15
      vertex -25.7387 25.7387 28.5
    endloop
  endfacet
  facet normal 0.72986 -0.683596 0
    outer loop
      vertex -25.7387 25.7387 15
      vertex -27.367 24.0002 28.5
      vertex -27.367 24.0002 15
    endloop
  endfacet
  facet normal -0.634389 -0.773014 0
    outer loop
      vertex 22.1589 28.8781 15
      vertex 24.0002 27.367 28.5
      vertex 22.1589 28.8781 28.5
    endloop
  endfacet
  facet normal -0.634389 -0.773014 -0
    outer loop
      vertex 24.0002 27.367 28.5
      vertex 22.1589 28.8781 15
      vertex 24.0002 27.367 15
    endloop
  endfacet
  facet normal -0.935899 0.352269 0
    outer loop
      vertex 33.6292 -13.9297 15
      vertex 34.4683 -11.7004 28.5
      vertex 34.4683 -11.7004 15
    endloop
  endfacet
  facet normal -0.935899 0.352269 0
    outer loop
      vertex 34.4683 -11.7004 28.5
      vertex 33.6292 -13.9297 15
      vertex 33.6292 -13.9297 28.5
    endloop
  endfacet
  facet normal -0.849213 -0.52805 0
    outer loop
      vertex 31.5233 18.2 15
      vertex 30.2655 20.2228 28.5
      vertex 30.2655 20.2228 15
    endloop
  endfacet
  facet normal -0.849213 -0.52805 0
    outer loop
      vertex 30.2655 20.2228 28.5
      vertex 31.5233 18.2 15
      vertex 31.5233 18.2 28.5
    endloop
  endfacet
  facet normal -0.72986 -0.683596 0
    outer loop
      vertex 27.367 24.0002 15
      vertex 25.7387 25.7387 28.5
      vertex 25.7387 25.7387 15
    endloop
  endfacet
  facet normal -0.72986 -0.683596 0
    outer loop
      vertex 25.7387 25.7387 28.5
      vertex 27.367 24.0002 15
      vertex 27.367 24.0002 28.5
    endloop
  endfacet
  facet normal 0.162892 -0.986644 0
    outer loop
      vertex -7.10129 35.7006 15
      vertex -4.75115 36.0886 28.5
      vertex -7.10129 35.7006 28.5
    endloop
  endfacet
  facet normal 0.162892 -0.986644 0
    outer loop
      vertex -4.75115 36.0886 28.5
      vertex -7.10129 35.7006 15
      vertex -4.75115 36.0886 15
    endloop
  endfacet
  facet normal 0.634389 -0.773014 0
    outer loop
      vertex -24.0002 27.367 15
      vertex -22.1589 28.8781 28.5
      vertex -24.0002 27.367 28.5
    endloop
  endfacet
  facet normal 0.634389 -0.773014 0
    outer loop
      vertex -22.1589 28.8781 28.5
      vertex -24.0002 27.367 15
      vertex -22.1589 28.8781 15
    endloop
  endfacet
  facet normal -0.956946 -0.290267 0
    outer loop
      vertex 35.1597 9.42101 15
      vertex 34.4683 11.7004 28.5
      vertex 34.4683 11.7004 15
    endloop
  endfacet
  facet normal -0.956946 -0.290267 0
    outer loop
      vertex 34.4683 11.7004 28.5
      vertex 35.1597 9.42101 15
      vertex 35.1597 9.42101 28.5
    endloop
  endfacet
  facet normal -0.812845 0.582481 0
    outer loop
      vertex 28.8781 -22.1589 15
      vertex 30.2655 -20.2228 28.5
      vertex 30.2655 -20.2228 15
    endloop
  endfacet
  facet normal -0.812845 0.582481 0
    outer loop
      vertex 30.2655 -20.2228 28.5
      vertex 28.8781 -22.1589 15
      vertex 28.8781 -22.1589 28.5
    endloop
  endfacet
  facet normal -0.683596 -0.72986 0
    outer loop
      vertex 24.0002 27.367 15
      vertex 25.7387 25.7387 28.5
      vertex 24.0002 27.367 28.5
    endloop
  endfacet
  facet normal -0.683596 -0.72986 -0
    outer loop
      vertex 25.7387 25.7387 28.5
      vertex 24.0002 27.367 15
      vertex 25.7387 25.7387 15
    endloop
  endfacet
  facet normal 0.412696 -0.910869 0
    outer loop
      vertex -16.0993 32.6462 15
      vertex -13.9297 33.6292 28.5
      vertex -16.0993 32.6462 28.5
    endloop
  endfacet
  facet normal 0.412696 -0.910869 0
    outer loop
      vertex -13.9297 33.6292 28.5
      vertex -16.0993 32.6462 15
      vertex -13.9297 33.6292 15
    endloop
  endfacet
  facet normal 0.582481 -0.812845 0
    outer loop
      vertex -22.1589 28.8781 15
      vertex -20.2228 30.2655 28.5
      vertex -22.1589 28.8781 28.5
    endloop
  endfacet
  facet normal 0.582481 -0.812845 0
    outer loop
      vertex -20.2228 30.2655 28.5
      vertex -22.1589 28.8781 15
      vertex -20.2228 30.2655 15
    endloop
  endfacet
  facet normal -0.352269 0.935899 0
    outer loop
      vertex 13.9297 -33.6292 15
      vertex 11.7004 -34.4683 28.5
      vertex 13.9297 -33.6292 28.5
    endloop
  endfacet
  facet normal -0.352269 0.935899 0
    outer loop
      vertex 11.7004 -34.4683 28.5
      vertex 13.9297 -33.6292 15
      vertex 11.7004 -34.4683 15
    endloop
  endfacet
  facet normal 0.773014 0.634389 0
    outer loop
      vertex -27.367 -24.0002 28.5
      vertex -28.8781 -22.1589 15
      vertex -28.8781 -22.1589 28.5
    endloop
  endfacet
  facet normal 0.773014 0.634389 0
    outer loop
      vertex -28.8781 -22.1589 15
      vertex -27.367 -24.0002 28.5
      vertex -27.367 -24.0002 15
    endloop
  endfacet
  facet normal -0.290267 0.956946 0
    outer loop
      vertex 11.7004 -34.4683 15
      vertex 9.42101 -35.1597 28.5
      vertex 11.7004 -34.4683 28.5
    endloop
  endfacet
  facet normal -0.290267 0.956946 0
    outer loop
      vertex 9.42101 -35.1597 28.5
      vertex 11.7004 -34.4683 15
      vertex 9.42101 -35.1597 15
    endloop
  endfacet
  facet normal 0.812845 -0.582481 0
    outer loop
      vertex -30.2655 20.2228 28.5
      vertex -28.8781 22.1589 15
      vertex -28.8781 22.1589 28.5
    endloop
  endfacet
  facet normal 0.812845 -0.582481 0
    outer loop
      vertex -28.8781 22.1589 15
      vertex -30.2655 20.2228 28.5
      vertex -30.2655 20.2228 15
    endloop
  endfacet
  facet normal 0.986651 0.16285 0
    outer loop
      vertex -36.0886 -4.75115 28.5
      vertex -35.965 -5.5 15
      vertex -36.0886 -4.75115 15
    endloop
  endfacet
  facet normal 0.986644 0.162892 -2.37888e-06
    outer loop
      vertex -35.7006 -7.10129 28.5
      vertex -35.965 -5.5 15
      vertex -36.0886 -4.75115 28.5
    endloop
  endfacet
  facet normal 0.986641 0.162911 0
    outer loop
      vertex -35.965 -5.5 15
      vertex -35.7006 -7.10129 28.5
      vertex -35.7006 -7.10129 15
    endloop
  endfacet
  facet normal -0.881912 -0.471414 0
    outer loop
      vertex 32.6462 16.0993 15
      vertex 31.5233 18.2 28.5
      vertex 31.5233 18.2 15
    endloop
  endfacet
  facet normal -0.881912 -0.471414 0
    outer loop
      vertex 31.5233 18.2 28.5
      vertex 32.6462 16.0993 15
      vertex 32.6462 16.0993 28.5
    endloop
  endfacet
  facet normal 0.290267 -0.956946 0
    outer loop
      vertex -11.7004 34.4683 15
      vertex -9.42101 35.1597 28.5
      vertex -11.7004 34.4683 28.5
    endloop
  endfacet
  facet normal 0.290267 -0.956946 0
    outer loop
      vertex -9.42101 35.1597 28.5
      vertex -11.7004 34.4683 15
      vertex -9.42101 35.1597 15
    endloop
  endfacet
  facet normal 0.52805 0.849213 -0
    outer loop
      vertex -18.2 -31.5233 15
      vertex -20.2228 -30.2655 28.5
      vertex -18.2 -31.5233 28.5
    endloop
  endfacet
  facet normal 0.52805 0.849213 0
    outer loop
      vertex -20.2228 -30.2655 28.5
      vertex -18.2 -31.5233 15
      vertex -20.2228 -30.2655 15
    endloop
  endfacet
  facet normal -0.881912 0.471414 0
    outer loop
      vertex 31.5233 -18.2 15
      vertex 32.6462 -16.0993 28.5
      vertex 32.6462 -16.0993 15
    endloop
  endfacet
  facet normal -0.881912 0.471414 0
    outer loop
      vertex 32.6462 -16.0993 28.5
      vertex 31.5233 -18.2 15
      vertex 31.5233 -18.2 28.5
    endloop
  endfacet
  facet normal -0.290267 -0.956946 0
    outer loop
      vertex 9.42101 35.1597 15
      vertex 11.7004 34.4683 28.5
      vertex 9.42101 35.1597 28.5
    endloop
  endfacet
  facet normal -0.290267 -0.956946 -0
    outer loop
      vertex 11.7004 34.4683 28.5
      vertex 9.42101 35.1597 15
      vertex 11.7004 34.4683 15
    endloop
  endfacet
  facet normal 0.973875 -0.227083 0
    outer loop
      vertex -35.7006 7.10129 28.5
      vertex -35.1597 9.42101 15
      vertex -35.1597 9.42101 28.5
    endloop
  endfacet
  facet normal 0.973875 -0.227083 0
    outer loop
      vertex -35.1597 9.42101 15
      vertex -35.7006 7.10129 28.5
      vertex -35.7006 7.10129 15
    endloop
  endfacet
  facet normal 0.582481 0.812845 -0
    outer loop
      vertex -20.2228 -30.2655 15
      vertex -22.1589 -28.8781 28.5
      vertex -20.2228 -30.2655 28.5
    endloop
  endfacet
  facet normal 0.582481 0.812845 0
    outer loop
      vertex -22.1589 -28.8781 28.5
      vertex -20.2228 -30.2655 15
      vertex -22.1589 -28.8781 15
    endloop
  endfacet
  facet normal 0.849213 0.52805 0
    outer loop
      vertex -30.2655 -20.2228 28.5
      vertex -31.5233 -18.2 15
      vertex -31.5233 -18.2 28.5
    endloop
  endfacet
  facet normal 0.849213 0.52805 0
    outer loop
      vertex -31.5233 -18.2 15
      vertex -30.2655 -20.2228 28.5
      vertex -30.2655 -20.2228 15
    endloop
  endfacet
  facet normal 0.352269 0.935899 -0
    outer loop
      vertex -11.7004 -34.4683 15
      vertex -13.9297 -33.6292 28.5
      vertex -11.7004 -34.4683 28.5
    endloop
  endfacet
  facet normal 0.352269 0.935899 0
    outer loop
      vertex -13.9297 -33.6292 28.5
      vertex -11.7004 -34.4683 15
      vertex -13.9297 -33.6292 15
    endloop
  endfacet
  facet normal -0.52805 0.849213 0
    outer loop
      vertex 20.2228 -30.2655 15
      vertex 18.2 -31.5233 28.5
      vertex 20.2228 -30.2655 28.5
    endloop
  endfacet
  facet normal -0.52805 0.849213 0
    outer loop
      vertex 18.2 -31.5233 28.5
      vertex 20.2228 -30.2655 15
      vertex 18.2 -31.5233 15
    endloop
  endfacet
  facet normal 0.973875 0.227083 0
    outer loop
      vertex -35.1597 -9.42101 28.5
      vertex -35.7006 -7.10129 15
      vertex -35.7006 -7.10129 28.5
    endloop
  endfacet
  facet normal 0.973875 0.227083 0
    outer loop
      vertex -35.7006 -7.10129 15
      vertex -35.1597 -9.42101 28.5
      vertex -35.1597 -9.42101 15
    endloop
  endfacet
  facet normal 0.812845 0.582481 0
    outer loop
      vertex -28.8781 -22.1589 28.5
      vertex -30.2655 -20.2228 15
      vertex -30.2655 -20.2228 28.5
    endloop
  endfacet
  facet normal 0.812845 0.582481 0
    outer loop
      vertex -30.2655 -20.2228 15
      vertex -28.8781 -22.1589 28.5
      vertex -28.8781 -22.1589 15
    endloop
  endfacet
  facet normal -0.471414 0.881912 0
    outer loop
      vertex 18.2 -31.5233 15
      vertex 16.0993 -32.6462 28.5
      vertex 18.2 -31.5233 28.5
    endloop
  endfacet
  facet normal -0.471414 0.881912 0
    outer loop
      vertex 16.0993 -32.6462 28.5
      vertex 18.2 -31.5233 15
      vertex 16.0993 -32.6462 15
    endloop
  endfacet
  facet normal 0.683596 0.72986 -0
    outer loop
      vertex -24.0002 -27.367 15
      vertex -25.7387 -25.7387 28.5
      vertex -24.0002 -27.367 28.5
    endloop
  endfacet
  facet normal 0.683596 0.72986 0
    outer loop
      vertex -25.7387 -25.7387 28.5
      vertex -24.0002 -27.367 15
      vertex -25.7387 -25.7387 15
    endloop
  endfacet
  facet normal 0.72986 0.683596 0
    outer loop
      vertex -25.7387 -25.7387 28.5
      vertex -27.367 -24.0002 15
      vertex -27.367 -24.0002 28.5
    endloop
  endfacet
  facet normal 0.72986 0.683596 0
    outer loop
      vertex -27.367 -24.0002 15
      vertex -25.7387 -25.7387 28.5
      vertex -25.7387 -25.7387 15
    endloop
  endfacet
  facet normal -0.162892 -0.986644 0
    outer loop
      vertex 4.75115 36.0886 15
      vertex 7.10129 35.7006 28.5
      vertex 4.75115 36.0886 28.5
    endloop
  endfacet
  facet normal -0.162892 -0.986644 -0
    outer loop
      vertex 7.10129 35.7006 28.5
      vertex 4.75115 36.0886 15
      vertex 7.10129 35.7006 15
    endloop
  endfacet
  facet normal -0.0327044 0.999465 0
    outer loop
      vertex 2.38067 -36.3221 15
      vertex 0 -36.4 28.5
      vertex 2.38067 -36.3221 28.5
    endloop
  endfacet
  facet normal -0.0327044 0.999465 0
    outer loop
      vertex 0 -36.4 28.5
      vertex 2.38067 -36.3221 15
      vertex 0 -36.4 15
    endloop
  endfacet
  facet normal 0.683596 -0.72986 0
    outer loop
      vertex -25.7387 25.7387 15
      vertex -24.0002 27.367 28.5
      vertex -25.7387 25.7387 28.5
    endloop
  endfacet
  facet normal 0.683596 -0.72986 0
    outer loop
      vertex -24.0002 27.367 28.5
      vertex -25.7387 25.7387 15
      vertex -24.0002 27.367 15
    endloop
  endfacet
  facet normal -0.812845 -0.582481 0
    outer loop
      vertex 30.2655 20.2228 15
      vertex 28.8781 22.1589 28.5
      vertex 28.8781 22.1589 15
    endloop
  endfacet
  facet normal -0.812845 -0.582481 0
    outer loop
      vertex 28.8781 22.1589 28.5
      vertex 30.2655 20.2228 15
      vertex 30.2655 20.2228 28.5
    endloop
  endfacet
  facet normal -0.956946 0.290267 0
    outer loop
      vertex 34.4683 -11.7004 15
      vertex 35.1597 -9.42101 28.5
      vertex 35.1597 -9.42101 15
    endloop
  endfacet
  facet normal -0.956946 0.290267 0
    outer loop
      vertex 35.1597 -9.42101 28.5
      vertex 34.4683 -11.7004 15
      vertex 34.4683 -11.7004 28.5
    endloop
  endfacet
  facet normal 0.956946 0.290267 0
    outer loop
      vertex -34.4683 -11.7004 28.5
      vertex -35.1597 -9.42101 15
      vertex -35.1597 -9.42101 28.5
    endloop
  endfacet
  facet normal 0.956946 0.290267 0
    outer loop
      vertex -35.1597 -9.42101 15
      vertex -34.4683 -11.7004 28.5
      vertex -34.4683 -11.7004 15
    endloop
  endfacet
  facet normal 0.773014 -0.634389 0
    outer loop
      vertex -28.8781 22.1589 28.5
      vertex -27.367 24.0002 15
      vertex -27.367 24.0002 28.5
    endloop
  endfacet
  facet normal 0.773014 -0.634389 0
    outer loop
      vertex -27.367 24.0002 15
      vertex -28.8781 22.1589 28.5
      vertex -28.8781 22.1589 15
    endloop
  endfacet
  facet normal -0.773014 0.634389 0
    outer loop
      vertex 27.367 -24.0002 15
      vertex 28.8781 -22.1589 28.5
      vertex 28.8781 -22.1589 15
    endloop
  endfacet
  facet normal -0.773014 0.634389 0
    outer loop
      vertex 28.8781 -22.1589 28.5
      vertex 27.367 -24.0002 15
      vertex 27.367 -24.0002 28.5
    endloop
  endfacet
  facet normal 0.52805 -0.849213 0
    outer loop
      vertex -20.2228 30.2655 15
      vertex -18.2 31.5233 28.5
      vertex -20.2228 30.2655 28.5
    endloop
  endfacet
  facet normal 0.52805 -0.849213 0
    outer loop
      vertex -18.2 31.5233 28.5
      vertex -20.2228 30.2655 15
      vertex -18.2 31.5233 15
    endloop
  endfacet
  facet normal -0.910869 0.412696 0
    outer loop
      vertex 32.6462 -16.0993 15
      vertex 33.6292 -13.9297 28.5
      vertex 33.6292 -13.9297 15
    endloop
  endfacet
  facet normal -0.910869 0.412696 0
    outer loop
      vertex 33.6292 -13.9297 28.5
      vertex 32.6462 -16.0993 15
      vertex 32.6462 -16.0993 28.5
    endloop
  endfacet
  facet normal -0.0327044 -0.999465 0
    outer loop
      vertex 0 36.4 15
      vertex 2.38067 36.3221 28.5
      vertex 0 36.4 28.5
    endloop
  endfacet
  facet normal -0.0327044 -0.999465 -0
    outer loop
      vertex 2.38067 36.3221 28.5
      vertex 0 36.4 15
      vertex 2.38067 36.3221 15
    endloop
  endfacet
  facet normal 0.0980288 0.995184 -0
    outer loop
      vertex -2.38067 -36.3221 15
      vertex -4.75115 -36.0886 28.5
      vertex -2.38067 -36.3221 28.5
    endloop
  endfacet
  facet normal 0.0980288 0.995184 0
    outer loop
      vertex -4.75115 -36.0886 28.5
      vertex -2.38067 -36.3221 15
      vertex -4.75115 -36.0886 15
    endloop
  endfacet
  facet normal 0.999465 -0.0327044 0
    outer loop
      vertex -36.4 0 28.5
      vertex -36.3221 2.38067 15
      vertex -36.3221 2.38067 28.5
    endloop
  endfacet
  facet normal 0.999465 -0.0327044 0
    outer loop
      vertex -36.3221 2.38067 15
      vertex -36.4 0 28.5
      vertex -36.4 0 15
    endloop
  endfacet
  facet normal 0.352269 -0.935899 0
    outer loop
      vertex -13.9297 33.6292 15
      vertex -11.7004 34.4683 28.5
      vertex -13.9297 33.6292 28.5
    endloop
  endfacet
  facet normal 0.352269 -0.935899 0
    outer loop
      vertex -11.7004 34.4683 28.5
      vertex -13.9297 33.6292 15
      vertex -11.7004 34.4683 15
    endloop
  endfacet
  facet normal -0.683596 0.72986 0
    outer loop
      vertex 25.7387 -25.7387 15
      vertex 24.0002 -27.367 28.5
      vertex 25.7387 -25.7387 28.5
    endloop
  endfacet
  facet normal -0.683596 0.72986 0
    outer loop
      vertex 24.0002 -27.367 28.5
      vertex 25.7387 -25.7387 15
      vertex 24.0002 -27.367 15
    endloop
  endfacet
  facet normal -0.935899 -0.352269 0
    outer loop
      vertex 34.4683 11.7004 15
      vertex 33.6292 13.9297 28.5
      vertex 33.6292 13.9297 15
    endloop
  endfacet
  facet normal -0.935899 -0.352269 0
    outer loop
      vertex 33.6292 13.9297 28.5
      vertex 34.4683 11.7004 15
      vertex 34.4683 11.7004 28.5
    endloop
  endfacet
  facet normal -0.973875 -0.227083 0
    outer loop
      vertex 35.7006 7.10129 15
      vertex 35.1597 9.42101 28.5
      vertex 35.1597 9.42101 15
    endloop
  endfacet
  facet normal -0.973875 -0.227083 0
    outer loop
      vertex 35.1597 9.42101 28.5
      vertex 35.7006 7.10129 15
      vertex 35.7006 7.10129 28.5
    endloop
  endfacet
  facet normal -0.986644 -0.162892 0
    outer loop
      vertex 36.0886 4.75115 15
      vertex 35.7006 7.10129 28.5
      vertex 35.7006 7.10129 15
    endloop
  endfacet
  facet normal -0.986644 -0.162892 0
    outer loop
      vertex 35.7006 7.10129 28.5
      vertex 36.0886 4.75115 15
      vertex 36.0886 4.75115 28.5
    endloop
  endfacet
  facet normal 0.881912 -0.471414 0
    outer loop
      vertex -32.6462 16.0993 28.5
      vertex -31.5233 18.2 15
      vertex -31.5233 18.2 28.5
    endloop
  endfacet
  facet normal 0.881912 -0.471414 0
    outer loop
      vertex -31.5233 18.2 15
      vertex -32.6462 16.0993 28.5
      vertex -32.6462 16.0993 15
    endloop
  endfacet
  facet normal 0.995184 0.0980288 0
    outer loop
      vertex -36.0886 -4.75115 28.5
      vertex -36.3221 -2.38067 15
      vertex -36.3221 -2.38067 28.5
    endloop
  endfacet
  facet normal 0.995184 0.0980288 0
    outer loop
      vertex -36.3221 -2.38067 15
      vertex -36.0886 -4.75115 28.5
      vertex -36.0886 -4.75115 15
    endloop
  endfacet
  facet normal 0.849213 -0.52805 0
    outer loop
      vertex -31.5233 18.2 28.5
      vertex -30.2655 20.2228 15
      vertex -30.2655 20.2228 28.5
    endloop
  endfacet
  facet normal 0.849213 -0.52805 0
    outer loop
      vertex -30.2655 20.2228 15
      vertex -31.5233 18.2 28.5
      vertex -31.5233 18.2 15
    endloop
  endfacet
  facet normal 0.290267 0.956946 -0
    outer loop
      vertex -9.42101 -35.1597 15
      vertex -11.7004 -34.4683 28.5
      vertex -9.42101 -35.1597 28.5
    endloop
  endfacet
  facet normal 0.290267 0.956946 0
    outer loop
      vertex -11.7004 -34.4683 28.5
      vertex -9.42101 -35.1597 15
      vertex -11.7004 -34.4683 15
    endloop
  endfacet
  facet normal 0.986641 -0.162911 0
    outer loop
      vertex -35.7006 7.10129 28.5
      vertex -35.965 5.5 15
      vertex -35.7006 7.10129 15
    endloop
  endfacet
  facet normal 0.986644 -0.162892 -2.37888e-06
    outer loop
      vertex -36.0886 4.75115 28.5
      vertex -35.965 5.5 15
      vertex -35.7006 7.10129 28.5
    endloop
  endfacet
  facet normal 0.986651 -0.16285 0
    outer loop
      vertex -35.965 5.5 15
      vertex -36.0886 4.75115 28.5
      vertex -36.0886 4.75115 15
    endloop
  endfacet
  facet normal -0.0980288 -0.995184 0
    outer loop
      vertex 2.38067 36.3221 15
      vertex 4.75115 36.0886 28.5
      vertex 2.38067 36.3221 28.5
    endloop
  endfacet
  facet normal -0.0980288 -0.995184 -0
    outer loop
      vertex 4.75115 36.0886 28.5
      vertex 2.38067 36.3221 15
      vertex 4.75115 36.0886 15
    endloop
  endfacet
  facet normal 0.881912 0.471414 0
    outer loop
      vertex -31.5233 -18.2 28.5
      vertex -32.6462 -16.0993 15
      vertex -32.6462 -16.0993 28.5
    endloop
  endfacet
  facet normal 0.881912 0.471414 0
    outer loop
      vertex -32.6462 -16.0993 15
      vertex -31.5233 -18.2 28.5
      vertex -31.5233 -18.2 15
    endloop
  endfacet
  facet normal -0.986644 0.162892 0
    outer loop
      vertex 35.7006 -7.10129 15
      vertex 36.0886 -4.75115 28.5
      vertex 36.0886 -4.75115 15
    endloop
  endfacet
  facet normal -0.986644 0.162892 0
    outer loop
      vertex 36.0886 -4.75115 28.5
      vertex 35.7006 -7.10129 15
      vertex 35.7006 -7.10129 28.5
    endloop
  endfacet
  facet normal 0.0980288 -0.995184 0
    outer loop
      vertex -4.75115 36.0886 15
      vertex -2.38067 36.3221 28.5
      vertex -4.75115 36.0886 28.5
    endloop
  endfacet
  facet normal 0.0980288 -0.995184 0
    outer loop
      vertex -2.38067 36.3221 28.5
      vertex -4.75115 36.0886 15
      vertex -2.38067 36.3221 15
    endloop
  endfacet
  facet normal -0.52805 -0.849213 0
    outer loop
      vertex 18.2 31.5233 15
      vertex 20.2228 30.2655 28.5
      vertex 18.2 31.5233 28.5
    endloop
  endfacet
  facet normal -0.52805 -0.849213 -0
    outer loop
      vertex 20.2228 30.2655 28.5
      vertex 18.2 31.5233 15
      vertex 20.2228 30.2655 15
    endloop
  endfacet
  facet normal 0.227083 0.973875 -0
    outer loop
      vertex -7.10129 -35.7006 15
      vertex -9.42101 -35.1597 28.5
      vertex -7.10129 -35.7006 28.5
    endloop
  endfacet
  facet normal 0.227083 0.973875 0
    outer loop
      vertex -9.42101 -35.1597 28.5
      vertex -7.10129 -35.7006 15
      vertex -9.42101 -35.1597 15
    endloop
  endfacet
  facet normal 0.0327044 -0.999465 0
    outer loop
      vertex -2.38067 36.3221 15
      vertex 0 36.4 28.5
      vertex -2.38067 36.3221 28.5
    endloop
  endfacet
  facet normal 0.0327044 -0.999465 0
    outer loop
      vertex 0 36.4 28.5
      vertex -2.38067 36.3221 15
      vertex 0 36.4 15
    endloop
  endfacet
  facet normal 0.162892 0.986644 -0
    outer loop
      vertex -4.75115 -36.0886 15
      vertex -7.10129 -35.7006 28.5
      vertex -4.75115 -36.0886 28.5
    endloop
  endfacet
  facet normal 0.162892 0.986644 0
    outer loop
      vertex -7.10129 -35.7006 28.5
      vertex -4.75115 -36.0886 15
      vertex -7.10129 -35.7006 15
    endloop
  endfacet
  facet normal -0.582481 0.812845 0
    outer loop
      vertex 22.1589 -28.8781 15
      vertex 20.2228 -30.2655 28.5
      vertex 22.1589 -28.8781 28.5
    endloop
  endfacet
  facet normal -0.582481 0.812845 0
    outer loop
      vertex 20.2228 -30.2655 28.5
      vertex 22.1589 -28.8781 15
      vertex 20.2228 -30.2655 15
    endloop
  endfacet
  facet normal -0.471414 -0.881912 0
    outer loop
      vertex 16.0993 32.6462 15
      vertex 18.2 31.5233 28.5
      vertex 16.0993 32.6462 28.5
    endloop
  endfacet
  facet normal -0.471414 -0.881912 -0
    outer loop
      vertex 18.2 31.5233 28.5
      vertex 16.0993 32.6462 15
      vertex 18.2 31.5233 15
    endloop
  endfacet
  facet normal -0.227083 -0.973875 0
    outer loop
      vertex 7.10129 35.7006 15
      vertex 9.42101 35.1597 28.5
      vertex 7.10129 35.7006 28.5
    endloop
  endfacet
  facet normal -0.227083 -0.973875 -0
    outer loop
      vertex 9.42101 35.1597 28.5
      vertex 7.10129 35.7006 15
      vertex 9.42101 35.1597 15
    endloop
  endfacet
  facet normal -0.352269 -0.935899 0
    outer loop
      vertex 11.7004 34.4683 15
      vertex 13.9297 33.6292 28.5
      vertex 11.7004 34.4683 28.5
    endloop
  endfacet
  facet normal -0.352269 -0.935899 -0
    outer loop
      vertex 13.9297 33.6292 28.5
      vertex 11.7004 34.4683 15
      vertex 13.9297 33.6292 15
    endloop
  endfacet
  facet normal -0.849213 0.52805 0
    outer loop
      vertex 30.2655 -20.2228 15
      vertex 31.5233 -18.2 28.5
      vertex 31.5233 -18.2 15
    endloop
  endfacet
  facet normal -0.849213 0.52805 0
    outer loop
      vertex 31.5233 -18.2 28.5
      vertex 30.2655 -20.2228 15
      vertex 30.2655 -20.2228 28.5
    endloop
  endfacet
  facet normal -0.973875 0.227083 0
    outer loop
      vertex 35.1597 -9.42101 15
      vertex 35.7006 -7.10129 28.5
      vertex 35.7006 -7.10129 15
    endloop
  endfacet
  facet normal -0.973875 0.227083 0
    outer loop
      vertex 35.7006 -7.10129 28.5
      vertex 35.1597 -9.42101 15
      vertex 35.1597 -9.42101 28.5
    endloop
  endfacet
  facet normal -0.773014 -0.634389 0
    outer loop
      vertex 28.8781 22.1589 15
      vertex 27.367 24.0002 28.5
      vertex 27.367 24.0002 15
    endloop
  endfacet
  facet normal -0.773014 -0.634389 0
    outer loop
      vertex 27.367 24.0002 28.5
      vertex 28.8781 22.1589 15
      vertex 28.8781 22.1589 28.5
    endloop
  endfacet
  facet normal 0 0 1
    outer loop
      vertex 33 0 15
      vertex 36.4 0 15
      vertex 36.3221 2.38067 15
    endloop
  endfacet
  facet normal 0 0 1
    outer loop
      vertex 32.9293 2.1583 15
      vertex 36.3221 2.38067 15
      vertex 36.0886 4.75115 15
    endloop
  endfacet
  facet normal 0 0 1
    outer loop
      vertex 36.4 0 15
      vertex 33 0 15
      vertex 36.3221 -2.38067 15
    endloop
  endfacet
  facet normal 0 0 1
    outer loop
      vertex 32.7177 4.30736 15
      vertex 36.0886 4.75115 15
      vertex 35.7006 7.10129 15
    endloop
  endfacet
  facet normal -0 0 1
    outer loop
      vertex 32.9293 -2.1583 15
      vertex 36.3221 -2.38067 15
      vertex 33 0 15
    endloop
  endfacet
  facet normal 0 0 1
    outer loop
      vertex 32.3659 6.43798 15
      vertex 35.7006 7.10129 15
      vertex 35.1597 9.42101 15
    endloop
  endfacet
  facet normal 0 0 1
    outer loop
      vertex 36.3221 -2.38067 15
      vertex 32.9293 -2.1583 15
      vertex 36.0886 -4.75115 15
    endloop
  endfacet
  facet normal 0 0 1
    outer loop
      vertex 31.8756 8.54103 15
      vertex 35.1597 9.42101 15
      vertex 34.4683 11.7004 15
    endloop
  endfacet
  facet normal -0 0 1
    outer loop
      vertex 32.7177 -4.30736 15
      vertex 36.0886 -4.75115 15
      vertex 32.9293 -2.1583 15
    endloop
  endfacet
  facet normal 0 0 1
    outer loop
      vertex 31.2487 10.6075 15
      vertex 34.4683 11.7004 15
      vertex 33.6292 13.9297 15
    endloop
  endfacet
  facet normal 0 0 1
    outer loop
      vertex 36.0886 -4.75115 15
      vertex 32.7177 -4.30736 15
      vertex 35.7006 -7.10129 15
    endloop
  endfacet
  facet normal -0 0 1
    outer loop
      vertex 32.3659 -6.43798 15
      vertex 35.7006 -7.10129 15
      vertex 32.7177 -4.30736 15
    endloop
  endfacet
  facet normal 0 0 1
    outer loop
      vertex 36.3221 2.38067 15
      vertex 32.9293 2.1583 15
      vertex 33 0 15
    endloop
  endfacet
  facet normal 0 0 1
    outer loop
      vertex 36.0886 4.75115 15
      vertex 32.7177 4.30736 15
      vertex 32.9293 2.1583 15
    endloop
  endfacet
  facet normal 0 0 1
    outer loop
      vertex 30.488 12.6286 15
      vertex 33.6292 13.9297 15
      vertex 32.6462 16.0993 15
    endloop
  endfacet
  facet normal 0 0 1
    outer loop
      vertex 35.7006 7.10129 15
      vertex 32.3659 6.43798 15
      vertex 32.7177 4.30736 15
    endloop
  endfacet
  facet normal 0 0 1
    outer loop
      vertex 35.1597 9.42101 15
      vertex 31.8756 8.54103 15
      vertex 32.3659 6.43798 15
    endloop
  endfacet
  facet normal 0 0 1
    outer loop
      vertex 29.5968 14.5955 15
      vertex 32.6462 16.0993 15
      vertex 31.5233 18.2 15
    endloop
  endfacet
  facet normal 0 0 1
    outer loop
      vertex 34.4683 11.7004 15
      vertex 31.2487 10.6075 15
      vertex 31.8756 8.54103 15
    endloop
  endfacet
  facet normal 0 0 1
    outer loop
      vertex 33.6292 13.9297 15
      vertex 30.488 12.6286 15
      vertex 31.2487 10.6075 15
    endloop
  endfacet
  facet normal 0 0 1
    outer loop
      vertex 28.5788 16.5 15
      vertex 31.5233 18.2 15
      vertex 30.2655 20.2228 15
    endloop
  endfacet
  facet normal 0 0 1
    outer loop
      vertex 32.6462 16.0993 15
      vertex 29.5968 14.5955 15
      vertex 30.488 12.6286 15
    endloop
  endfacet
  facet normal 0 0 1
    outer loop
      vertex 27.4385 18.3338 15
      vertex 30.2655 20.2228 15
      vertex 28.8781 22.1589 15
    endloop
  endfacet
  facet normal 0 0 1
    outer loop
      vertex 31.5233 18.2 15
      vertex 28.5788 16.5 15
      vertex 29.5968 14.5955 15
    endloop
  endfacet
  facet normal 0 0 1
    outer loop
      vertex 30.2655 20.2228 15
      vertex 27.4385 18.3338 15
      vertex 28.5788 16.5 15
    endloop
  endfacet
  facet normal 0 0 1
    outer loop
      vertex 26.1807 20.0891 15
      vertex 28.8781 22.1589 15
      vertex 27.367 24.0002 15
    endloop
  endfacet
  facet normal 0 0 1
    outer loop
      vertex 28.8781 22.1589 15
      vertex 26.1807 20.0891 15
      vertex 27.4385 18.3338 15
    endloop
  endfacet
  facet normal 0 0 1
    outer loop
      vertex 24.8107 21.7584 15
      vertex 27.367 24.0002 15
      vertex 25.7387 25.7387 15
    endloop
  endfacet
  facet normal 0 0 1
    outer loop
      vertex 27.367 24.0002 15
      vertex 24.8107 21.7584 15
      vertex 26.1807 20.0891 15
    endloop
  endfacet
  facet normal 0 0 1
    outer loop
      vertex 23.3345 23.3345 15
      vertex 25.7387 25.7387 15
      vertex 24.0002 27.367 15
    endloop
  endfacet
  facet normal 0 0 1
    outer loop
      vertex 25.7387 25.7387 15
      vertex 23.3345 23.3345 15
      vertex 24.8107 21.7584 15
    endloop
  endfacet
  facet normal 0 0 1
    outer loop
      vertex 21.7584 24.8107 15
      vertex 24.0002 27.367 15
      vertex 22.1589 28.8781 15
    endloop
  endfacet
  facet normal 0 0 1
    outer loop
      vertex 24.0002 27.367 15
      vertex 21.7584 24.8107 15
      vertex 23.3345 23.3345 15
    endloop
  endfacet
  facet normal 0 0 1
    outer loop
      vertex 20.0891 26.1807 15
      vertex 22.1589 28.8781 15
      vertex 20.2228 30.2655 15
    endloop
  endfacet
  facet normal 0 0 1
    outer loop
      vertex 22.1589 28.8781 15
      vertex 20.0891 26.1807 15
      vertex 21.7584 24.8107 15
    endloop
  endfacet
  facet normal 0 0 1
    outer loop
      vertex 20.2228 30.2655 15
      vertex 18.3338 27.4385 15
      vertex 20.0891 26.1807 15
    endloop
  endfacet
  facet normal 0 0 1
    outer loop
      vertex 18.2 31.5233 15
      vertex 18.3338 27.4385 15
      vertex 20.2228 30.2655 15
    endloop
  endfacet
  facet normal 0 0 1
    outer loop
      vertex 18.2 31.5233 15
      vertex 16.5 28.5788 15
      vertex 18.3338 27.4385 15
    endloop
  endfacet
  facet normal 0 0 1
    outer loop
      vertex 16.0993 32.6462 15
      vertex 16.5 28.5788 15
      vertex 18.2 31.5233 15
    endloop
  endfacet
  facet normal 0 0 1
    outer loop
      vertex 16.0993 32.6462 15
      vertex 14.5955 29.5968 15
      vertex 16.5 28.5788 15
    endloop
  endfacet
  facet normal 0 0 1
    outer loop
      vertex 13.9297 33.6292 15
      vertex 14.5955 29.5968 15
      vertex 16.0993 32.6462 15
    endloop
  endfacet
  facet normal 0 0 1
    outer loop
      vertex 13.9297 33.6292 15
      vertex 12.6286 30.488 15
      vertex 14.5955 29.5968 15
    endloop
  endfacet
  facet normal 0 0 1
    outer loop
      vertex 11.7004 34.4683 15
      vertex 12.6286 30.488 15
      vertex 13.9297 33.6292 15
    endloop
  endfacet
  facet normal 0 0 1
    outer loop
      vertex 11.7004 34.4683 15
      vertex 10.6075 31.2487 15
      vertex 12.6286 30.488 15
    endloop
  endfacet
  facet normal 0 0 1
    outer loop
      vertex 9.42101 35.1597 15
      vertex 10.6075 31.2487 15
      vertex 11.7004 34.4683 15
    endloop
  endfacet
  facet normal 0 0 1
    outer loop
      vertex 9.42101 35.1597 15
      vertex 8.54103 31.8756 15
      vertex 10.6075 31.2487 15
    endloop
  endfacet
  facet normal 0 0 1
    outer loop
      vertex 7.10129 35.7006 15
      vertex 8.54103 31.8756 15
      vertex 9.42101 35.1597 15
    endloop
  endfacet
  facet normal 0 0 1
    outer loop
      vertex 7.10129 35.7006 15
      vertex 6.43798 32.3659 15
      vertex 8.54103 31.8756 15
    endloop
  endfacet
  facet normal 0 0 1
    outer loop
      vertex 4.75115 36.0886 15
      vertex 6.43798 32.3659 15
      vertex 7.10129 35.7006 15
    endloop
  endfacet
  facet normal 0 0 1
    outer loop
      vertex 4.75115 36.0886 15
      vertex 4.30736 32.7177 15
      vertex 6.43798 32.3659 15
    endloop
  endfacet
  facet normal 0 0 1
    outer loop
      vertex 2.38067 36.3221 15
      vertex 4.30736 32.7177 15
      vertex 4.75115 36.0886 15
    endloop
  endfacet
  facet normal 0 0 1
    outer loop
      vertex 2.38067 36.3221 15
      vertex 2.1583 32.9293 15
      vertex 4.30736 32.7177 15
    endloop
  endfacet
  facet normal 0 0 1
    outer loop
      vertex 0 36.4 15
      vertex 2.1583 32.9293 15
      vertex 2.38067 36.3221 15
    endloop
  endfacet
  facet normal 0 0 1
    outer loop
      vertex 0 36.4 15
      vertex 0 33 15
      vertex 2.1583 32.9293 15
    endloop
  endfacet
  facet normal 0 0 1
    outer loop
      vertex 0 36.4 15
      vertex -2.1583 32.9293 15
      vertex 0 33 15
    endloop
  endfacet
  facet normal -0 0 1
    outer loop
      vertex -2.38067 36.3221 15
      vertex -2.1583 32.9293 15
      vertex 0 36.4 15
    endloop
  endfacet
  facet normal 0 0 1
    outer loop
      vertex -2.38067 36.3221 15
      vertex -4.30736 32.7177 15
      vertex -2.1583 32.9293 15
    endloop
  endfacet
  facet normal -0 0 1
    outer loop
      vertex -4.75115 36.0886 15
      vertex -4.30736 32.7177 15
      vertex -2.38067 36.3221 15
    endloop
  endfacet
  facet normal 0 0 1
    outer loop
      vertex -4.75115 36.0886 15
      vertex -6.43798 32.3659 15
      vertex -4.30736 32.7177 15
    endloop
  endfacet
  facet normal -0 0 1
    outer loop
      vertex -7.10129 35.7006 15
      vertex -6.43798 32.3659 15
      vertex -4.75115 36.0886 15
    endloop
  endfacet
  facet normal 0 0 1
    outer loop
      vertex -7.10129 35.7006 15
      vertex -8.54103 31.8756 15
      vertex -6.43798 32.3659 15
    endloop
  endfacet
  facet normal -0 0 1
    outer loop
      vertex -9.42101 35.1597 15
      vertex -8.54103 31.8756 15
      vertex -7.10129 35.7006 15
    endloop
  endfacet
  facet normal 0 0 1
    outer loop
      vertex -9.42101 35.1597 15
      vertex -10.6075 31.2487 15
      vertex -8.54103 31.8756 15
    endloop
  endfacet
  facet normal -0 0 1
    outer loop
      vertex -11.7004 34.4683 15
      vertex -10.6075 31.2487 15
      vertex -9.42101 35.1597 15
    endloop
  endfacet
  facet normal 0 0 1
    outer loop
      vertex -11.7004 34.4683 15
      vertex -12.6286 30.488 15
      vertex -10.6075 31.2487 15
    endloop
  endfacet
  facet normal -0 0 1
    outer loop
      vertex -13.9297 33.6292 15
      vertex -12.6286 30.488 15
      vertex -11.7004 34.4683 15
    endloop
  endfacet
  facet normal 0 0 1
    outer loop
      vertex -13.9297 33.6292 15
      vertex -14.5955 29.5968 15
      vertex -12.6286 30.488 15
    endloop
  endfacet
  facet normal -0 0 1
    outer loop
      vertex -16.0993 32.6462 15
      vertex -14.5955 29.5968 15
      vertex -13.9297 33.6292 15
    endloop
  endfacet
  facet normal 0 0 1
    outer loop
      vertex -16.0993 32.6462 15
      vertex -16.5 28.5788 15
      vertex -14.5955 29.5968 15
    endloop
  endfacet
  facet normal -0 0 1
    outer loop
      vertex -18.2 31.5233 15
      vertex -16.5 28.5788 15
      vertex -16.0993 32.6462 15
    endloop
  endfacet
  facet normal 0 0 1
    outer loop
      vertex -18.2 31.5233 15
      vertex -18.3338 27.4385 15
      vertex -16.5 28.5788 15
    endloop
  endfacet
  facet normal -0 0 1
    outer loop
      vertex -20.2228 30.2655 15
      vertex -18.3338 27.4385 15
      vertex -18.2 31.5233 15
    endloop
  endfacet
  facet normal 0 0 1
    outer loop
      vertex -18.3338 27.4385 15
      vertex -20.2228 30.2655 15
      vertex -20.0891 26.1807 15
    endloop
  endfacet
  facet normal -0 0 1
    outer loop
      vertex -22.1589 28.8781 15
      vertex -20.0891 26.1807 15
      vertex -20.2228 30.2655 15
    endloop
  endfacet
  facet normal 0 0 1
    outer loop
      vertex -20.0891 26.1807 15
      vertex -22.1589 28.8781 15
      vertex -21.7584 24.8107 15
    endloop
  endfacet
  facet normal -0 0 1
    outer loop
      vertex -24.0002 27.367 15
      vertex -21.7584 24.8107 15
      vertex -22.1589 28.8781 15
    endloop
  endfacet
  facet normal 0 0 1
    outer loop
      vertex -21.7584 24.8107 15
      vertex -24.0002 27.367 15
      vertex -23.3345 23.3345 15
    endloop
  endfacet
  facet normal -0 0 1
    outer loop
      vertex -25.7387 25.7387 15
      vertex -23.3345 23.3345 15
      vertex -24.0002 27.367 15
    endloop
  endfacet
  facet normal 0 0 1
    outer loop
      vertex -23.3345 23.3345 15
      vertex -25.7387 25.7387 15
      vertex -24.8107 21.7584 15
    endloop
  endfacet
  facet normal -0 0 1
    outer loop
      vertex -27.367 24.0002 15
      vertex -24.8107 21.7584 15
      vertex -25.7387 25.7387 15
    endloop
  endfacet
  facet normal 0 0 1
    outer loop
      vertex -24.8107 21.7584 15
      vertex -27.367 24.0002 15
      vertex -26.1807 20.0891 15
    endloop
  endfacet
  facet normal -0 0 1
    outer loop
      vertex -28.8781 22.1589 15
      vertex -26.1807 20.0891 15
      vertex -27.367 24.0002 15
    endloop
  endfacet
  facet normal 0 0 1
    outer loop
      vertex -26.1807 20.0891 15
      vertex -28.8781 22.1589 15
      vertex -27.4385 18.3338 15
    endloop
  endfacet
  facet normal -0 0 1
    outer loop
      vertex -30.2655 20.2228 15
      vertex -27.4385 18.3338 15
      vertex -28.8781 22.1589 15
    endloop
  endfacet
  facet normal 0 0 1
    outer loop
      vertex -27.4385 18.3338 15
      vertex -30.2655 20.2228 15
      vertex -28.5788 16.5 15
    endloop
  endfacet
  facet normal -0 0 1
    outer loop
      vertex -31.5233 18.2 15
      vertex -28.5788 16.5 15
      vertex -30.2655 20.2228 15
    endloop
  endfacet
  facet normal 0 0 1
    outer loop
      vertex -28.5788 16.5 15
      vertex -31.5233 18.2 15
      vertex -29.5968 14.5955 15
    endloop
  endfacet
  facet normal -0 0 1
    outer loop
      vertex -32.6462 16.0993 15
      vertex -29.5968 14.5955 15
      vertex -31.5233 18.2 15
    endloop
  endfacet
  facet normal 0 0 1
    outer loop
      vertex -29.5968 14.5955 15
      vertex -32.6462 16.0993 15
      vertex -30.488 12.6286 15
    endloop
  endfacet
  facet normal -0 0 1
    outer loop
      vertex -33.6292 13.9297 15
      vertex -30.488 12.6286 15
      vertex -32.6462 16.0993 15
    endloop
  endfacet
  facet normal 0 0 1
    outer loop
      vertex -30.488 12.6286 15
      vertex -33.6292 13.9297 15
      vertex -31.2487 10.6075 15
    endloop
  endfacet
  facet normal -0 0 1
    outer loop
      vertex -34.4683 11.7004 15
      vertex -31.2487 10.6075 15
      vertex -33.6292 13.9297 15
    endloop
  endfacet
  facet normal 0 0 1
    outer loop
      vertex -31.2487 10.6075 15
      vertex -34.4683 11.7004 15
      vertex -31.8756 8.54103 15
    endloop
  endfacet
  facet normal -0 0 1
    outer loop
      vertex -35.1597 9.42101 15
      vertex -31.8756 8.54103 15
      vertex -34.4683 11.7004 15
    endloop
  endfacet
  facet normal 0 0 1
    outer loop
      vertex -31.8756 8.54103 15
      vertex -35.1597 9.42101 15
      vertex -32.3659 6.43798 15
    endloop
  endfacet
  facet normal -0 0 1
    outer loop
      vertex -35.7006 7.10129 15
      vertex -32.3659 6.43798 15
      vertex -35.1597 9.42101 15
    endloop
  endfacet
  facet normal 0 0 1
    outer loop
      vertex -32.3659 6.43798 15
      vertex -35.7006 7.10129 15
      vertex -32.5208 5.5 15
    endloop
  endfacet
  facet normal 0 0 1
    outer loop
      vertex -32.5208 5.5 15
      vertex -35.7006 7.10129 15
      vertex -35.965 5.5 15
    endloop
  endfacet
  facet normal 0 0 1
    outer loop
      vertex 35.7006 -7.10129 15
      vertex 32.3659 -6.43798 15
      vertex 35.1597 -9.42101 15
    endloop
  endfacet
  facet normal -0 0 1
    outer loop
      vertex 31.8756 -8.54103 15
      vertex 35.1597 -9.42101 15
      vertex 32.3659 -6.43798 15
    endloop
  endfacet
  facet normal 0 0 1
    outer loop
      vertex 35.1597 -9.42101 15
      vertex 31.8756 -8.54103 15
      vertex 34.4683 -11.7004 15
    endloop
  endfacet
  facet normal -0 0 1
    outer loop
      vertex 31.2487 -10.6075 15
      vertex 34.4683 -11.7004 15
      vertex 31.8756 -8.54103 15
    endloop
  endfacet
  facet normal 0 0 1
    outer loop
      vertex 34.4683 -11.7004 15
      vertex 31.2487 -10.6075 15
      vertex 33.6292 -13.9297 15
    endloop
  endfacet
  facet normal -0 0 1
    outer loop
      vertex 30.488 -12.6286 15
      vertex 33.6292 -13.9297 15
      vertex 31.2487 -10.6075 15
    endloop
  endfacet
  facet normal 0 0 1
    outer loop
      vertex 33.6292 -13.9297 15
      vertex 30.488 -12.6286 15
      vertex 32.6462 -16.0993 15
    endloop
  endfacet
  facet normal -0 0 1
    outer loop
      vertex 29.5968 -14.5955 15
      vertex 32.6462 -16.0993 15
      vertex 30.488 -12.6286 15
    endloop
  endfacet
  facet normal 0 0 1
    outer loop
      vertex 32.6462 -16.0993 15
      vertex 29.5968 -14.5955 15
      vertex 31.5233 -18.2 15
    endloop
  endfacet
  facet normal -0 0 1
    outer loop
      vertex 28.5788 -16.5 15
      vertex 31.5233 -18.2 15
      vertex 29.5968 -14.5955 15
    endloop
  endfacet
  facet normal 0 0 1
    outer loop
      vertex 31.5233 -18.2 15
      vertex 28.5788 -16.5 15
      vertex 30.2655 -20.2228 15
    endloop
  endfacet
  facet normal -0 0 1
    outer loop
      vertex 27.4385 -18.3338 15
      vertex 30.2655 -20.2228 15
      vertex 28.5788 -16.5 15
    endloop
  endfacet
  facet normal 0 0 1
    outer loop
      vertex 30.2655 -20.2228 15
      vertex 27.4385 -18.3338 15
      vertex 28.8781 -22.1589 15
    endloop
  endfacet
  facet normal -0 0 1
    outer loop
      vertex 26.1807 -20.0891 15
      vertex 28.8781 -22.1589 15
      vertex 27.4385 -18.3338 15
    endloop
  endfacet
  facet normal 0 0 1
    outer loop
      vertex 28.8781 -22.1589 15
      vertex 26.1807 -20.0891 15
      vertex 27.367 -24.0002 15
    endloop
  endfacet
  facet normal -0 0 1
    outer loop
      vertex 24.8107 -21.7584 15
      vertex 27.367 -24.0002 15
      vertex 26.1807 -20.0891 15
    endloop
  endfacet
  facet normal 0 0 1
    outer loop
      vertex 27.367 -24.0002 15
      vertex 24.8107 -21.7584 15
      vertex 25.7387 -25.7387 15
    endloop
  endfacet
  facet normal -0 0 1
    outer loop
      vertex 23.3345 -23.3345 15
      vertex 25.7387 -25.7387 15
      vertex 24.8107 -21.7584 15
    endloop
  endfacet
  facet normal 0 0 1
    outer loop
      vertex 25.7387 -25.7387 15
      vertex 23.3345 -23.3345 15
      vertex 24.0002 -27.367 15
    endloop
  endfacet
  facet normal -0 0 1
    outer loop
      vertex 21.7584 -24.8107 15
      vertex 24.0002 -27.367 15
      vertex 23.3345 -23.3345 15
    endloop
  endfacet
  facet normal 0 0 1
    outer loop
      vertex 24.0002 -27.367 15
      vertex 21.7584 -24.8107 15
      vertex 22.1589 -28.8781 15
    endloop
  endfacet
  facet normal -0 0 1
    outer loop
      vertex 20.0891 -26.1807 15
      vertex 22.1589 -28.8781 15
      vertex 21.7584 -24.8107 15
    endloop
  endfacet
  facet normal 0 0 1
    outer loop
      vertex 22.1589 -28.8781 15
      vertex 20.0891 -26.1807 15
      vertex 20.2228 -30.2655 15
    endloop
  endfacet
  facet normal -0 0 1
    outer loop
      vertex 18.3338 -27.4385 15
      vertex 20.2228 -30.2655 15
      vertex 20.0891 -26.1807 15
    endloop
  endfacet
  facet normal 0 0 1
    outer loop
      vertex 18.3338 -27.4385 15
      vertex 18.2 -31.5233 15
      vertex 20.2228 -30.2655 15
    endloop
  endfacet
  facet normal -0 0 1
    outer loop
      vertex 16.5 -28.5788 15
      vertex 18.2 -31.5233 15
      vertex 18.3338 -27.4385 15
    endloop
  endfacet
  facet normal 0 0 1
    outer loop
      vertex 16.5 -28.5788 15
      vertex 16.0993 -32.6462 15
      vertex 18.2 -31.5233 15
    endloop
  endfacet
  facet normal -0 0 1
    outer loop
      vertex 14.5955 -29.5968 15
      vertex 16.0993 -32.6462 15
      vertex 16.5 -28.5788 15
    endloop
  endfacet
  facet normal 0 0 1
    outer loop
      vertex 14.5955 -29.5968 15
      vertex 13.9297 -33.6292 15
      vertex 16.0993 -32.6462 15
    endloop
  endfacet
  facet normal -0 0 1
    outer loop
      vertex 12.6286 -30.488 15
      vertex 13.9297 -33.6292 15
      vertex 14.5955 -29.5968 15
    endloop
  endfacet
  facet normal 0 0 1
    outer loop
      vertex 12.6286 -30.488 15
      vertex 11.7004 -34.4683 15
      vertex 13.9297 -33.6292 15
    endloop
  endfacet
  facet normal -0 0 1
    outer loop
      vertex 10.6075 -31.2487 15
      vertex 11.7004 -34.4683 15
      vertex 12.6286 -30.488 15
    endloop
  endfacet
  facet normal 0 0 1
    outer loop
      vertex 10.6075 -31.2487 15
      vertex 9.42101 -35.1597 15
      vertex 11.7004 -34.4683 15
    endloop
  endfacet
  facet normal -0 0 1
    outer loop
      vertex 8.54103 -31.8756 15
      vertex 9.42101 -35.1597 15
      vertex 10.6075 -31.2487 15
    endloop
  endfacet
  facet normal 0 0 1
    outer loop
      vertex 8.54103 -31.8756 15
      vertex 7.10129 -35.7006 15
      vertex 9.42101 -35.1597 15
    endloop
  endfacet
  facet normal -0 0 1
    outer loop
      vertex 6.43798 -32.3659 15
      vertex 7.10129 -35.7006 15
      vertex 8.54103 -31.8756 15
    endloop
  endfacet
  facet normal 0 0 1
    outer loop
      vertex 6.43798 -32.3659 15
      vertex 4.75115 -36.0886 15
      vertex 7.10129 -35.7006 15
    endloop
  endfacet
  facet normal -0 0 1
    outer loop
      vertex 4.30736 -32.7177 15
      vertex 4.75115 -36.0886 15
      vertex 6.43798 -32.3659 15
    endloop
  endfacet
  facet normal 0 0 1
    outer loop
      vertex 4.30736 -32.7177 15
      vertex 2.38067 -36.3221 15
      vertex 4.75115 -36.0886 15
    endloop
  endfacet
  facet normal -0 0 1
    outer loop
      vertex 2.1583 -32.9293 15
      vertex 2.38067 -36.3221 15
      vertex 4.30736 -32.7177 15
    endloop
  endfacet
  facet normal -0 0 1
    outer loop
      vertex 0 -33 15
      vertex 2.38067 -36.3221 15
      vertex 2.1583 -32.9293 15
    endloop
  endfacet
  facet normal 0 0 1
    outer loop
      vertex 0 -33 15
      vertex 0 -36.4 15
      vertex 2.38067 -36.3221 15
    endloop
  endfacet
  facet normal 0 0 1
    outer loop
      vertex -2.1583 -32.9293 15
      vertex 0 -36.4 15
      vertex 0 -33 15
    endloop
  endfacet
  facet normal 0 0 1
    outer loop
      vertex -2.1583 -32.9293 15
      vertex -2.38067 -36.3221 15
      vertex 0 -36.4 15
    endloop
  endfacet
  facet normal 0 0 1
    outer loop
      vertex -4.30736 -32.7177 15
      vertex -2.38067 -36.3221 15
      vertex -2.1583 -32.9293 15
    endloop
  endfacet
  facet normal 0 0 1
    outer loop
      vertex -4.30736 -32.7177 15
      vertex -4.75115 -36.0886 15
      vertex -2.38067 -36.3221 15
    endloop
  endfacet
  facet normal 0 0 1
    outer loop
      vertex -6.43798 -32.3659 15
      vertex -4.75115 -36.0886 15
      vertex -4.30736 -32.7177 15
    endloop
  endfacet
  facet normal 0 0 1
    outer loop
      vertex -6.43798 -32.3659 15
      vertex -7.10129 -35.7006 15
      vertex -4.75115 -36.0886 15
    endloop
  endfacet
  facet normal 0 0 1
    outer loop
      vertex -8.54103 -31.8756 15
      vertex -7.10129 -35.7006 15
      vertex -6.43798 -32.3659 15
    endloop
  endfacet
  facet normal 0 0 1
    outer loop
      vertex -8.54103 -31.8756 15
      vertex -9.42101 -35.1597 15
      vertex -7.10129 -35.7006 15
    endloop
  endfacet
  facet normal 0 0 1
    outer loop
      vertex -10.6075 -31.2487 15
      vertex -9.42101 -35.1597 15
      vertex -8.54103 -31.8756 15
    endloop
  endfacet
  facet normal 0 0 1
    outer loop
      vertex -10.6075 -31.2487 15
      vertex -11.7004 -34.4683 15
      vertex -9.42101 -35.1597 15
    endloop
  endfacet
  facet normal 0 0 1
    outer loop
      vertex -12.6286 -30.488 15
      vertex -11.7004 -34.4683 15
      vertex -10.6075 -31.2487 15
    endloop
  endfacet
  facet normal 0 0 1
    outer loop
      vertex -12.6286 -30.488 15
      vertex -13.9297 -33.6292 15
      vertex -11.7004 -34.4683 15
    endloop
  endfacet
  facet normal 0 0 1
    outer loop
      vertex -14.5955 -29.5968 15
      vertex -13.9297 -33.6292 15
      vertex -12.6286 -30.488 15
    endloop
  endfacet
  facet normal 0 0 1
    outer loop
      vertex -14.5955 -29.5968 15
      vertex -16.0993 -32.6462 15
      vertex -13.9297 -33.6292 15
    endloop
  endfacet
  facet normal 0 0 1
    outer loop
      vertex -16.5 -28.5788 15
      vertex -16.0993 -32.6462 15
      vertex -14.5955 -29.5968 15
    endloop
  endfacet
  facet normal 0 0 1
    outer loop
      vertex -16.5 -28.5788 15
      vertex -18.2 -31.5233 15
      vertex -16.0993 -32.6462 15
    endloop
  endfacet
  facet normal 0 0 1
    outer loop
      vertex -18.3338 -27.4385 15
      vertex -18.2 -31.5233 15
      vertex -16.5 -28.5788 15
    endloop
  endfacet
  facet normal 0 0 1
    outer loop
      vertex -20.2228 -30.2655 15
      vertex -18.3338 -27.4385 15
      vertex -20.0891 -26.1807 15
    endloop
  endfacet
  facet normal 0 0 1
    outer loop
      vertex -18.3338 -27.4385 15
      vertex -20.2228 -30.2655 15
      vertex -18.2 -31.5233 15
    endloop
  endfacet
  facet normal 0 0 1
    outer loop
      vertex -22.1589 -28.8781 15
      vertex -20.0891 -26.1807 15
      vertex -21.7584 -24.8107 15
    endloop
  endfacet
  facet normal 0 0 1
    outer loop
      vertex -20.0891 -26.1807 15
      vertex -22.1589 -28.8781 15
      vertex -20.2228 -30.2655 15
    endloop
  endfacet
  facet normal 0 0 1
    outer loop
      vertex -24.0002 -27.367 15
      vertex -21.7584 -24.8107 15
      vertex -23.3345 -23.3345 15
    endloop
  endfacet
  facet normal 0 0 1
    outer loop
      vertex -21.7584 -24.8107 15
      vertex -24.0002 -27.367 15
      vertex -22.1589 -28.8781 15
    endloop
  endfacet
  facet normal 0 0 1
    outer loop
      vertex -25.7387 -25.7387 15
      vertex -23.3345 -23.3345 15
      vertex -24.8107 -21.7584 15
    endloop
  endfacet
  facet normal 0 0 1
    outer loop
      vertex -23.3345 -23.3345 15
      vertex -25.7387 -25.7387 15
      vertex -24.0002 -27.367 15
    endloop
  endfacet
  facet normal 0 0 1
    outer loop
      vertex -27.367 -24.0002 15
      vertex -24.8107 -21.7584 15
      vertex -26.1807 -20.0891 15
    endloop
  endfacet
  facet normal 0 0 1
    outer loop
      vertex -24.8107 -21.7584 15
      vertex -27.367 -24.0002 15
      vertex -25.7387 -25.7387 15
    endloop
  endfacet
  facet normal 0 0 1
    outer loop
      vertex -28.8781 -22.1589 15
      vertex -26.1807 -20.0891 15
      vertex -27.4385 -18.3338 15
    endloop
  endfacet
  facet normal 0 0 1
    outer loop
      vertex -30.2655 -20.2228 15
      vertex -27.4385 -18.3338 15
      vertex -28.5788 -16.5 15
    endloop
  endfacet
  facet normal 0 0 1
    outer loop
      vertex -26.1807 -20.0891 15
      vertex -28.8781 -22.1589 15
      vertex -27.367 -24.0002 15
    endloop
  endfacet
  facet normal 0 0 1
    outer loop
      vertex -31.5233 -18.2 15
      vertex -28.5788 -16.5 15
      vertex -29.5968 -14.5955 15
    endloop
  endfacet
  facet normal 0 0 1
    outer loop
      vertex -27.4385 -18.3338 15
      vertex -30.2655 -20.2228 15
      vertex -28.8781 -22.1589 15
    endloop
  endfacet
  facet normal 0 0 1
    outer loop
      vertex -32.6462 -16.0993 15
      vertex -29.5968 -14.5955 15
      vertex -30.488 -12.6286 15
    endloop
  endfacet
  facet normal 0 0 1
    outer loop
      vertex -33.6292 -13.9297 15
      vertex -30.488 -12.6286 15
      vertex -31.2487 -10.6075 15
    endloop
  endfacet
  facet normal 0 0 1
    outer loop
      vertex -28.5788 -16.5 15
      vertex -31.5233 -18.2 15
      vertex -30.2655 -20.2228 15
    endloop
  endfacet
  facet normal 0 0 1
    outer loop
      vertex -34.4683 -11.7004 15
      vertex -31.2487 -10.6075 15
      vertex -31.8756 -8.54103 15
    endloop
  endfacet
  facet normal 0 0 1
    outer loop
      vertex -35.1597 -9.42101 15
      vertex -31.8756 -8.54103 15
      vertex -32.3659 -6.43798 15
    endloop
  endfacet
  facet normal 0 0 1
    outer loop
      vertex -35.7006 -7.10129 15
      vertex -32.3659 -6.43798 15
      vertex -32.5208 -5.5 15
    endloop
  endfacet
  facet normal 0 0 1
    outer loop
      vertex -29.5968 -14.5955 15
      vertex -32.6462 -16.0993 15
      vertex -31.5233 -18.2 15
    endloop
  endfacet
  facet normal 0 0 1
    outer loop
      vertex -30.488 -12.6286 15
      vertex -33.6292 -13.9297 15
      vertex -32.6462 -16.0993 15
    endloop
  endfacet
  facet normal 0 0 1
    outer loop
      vertex -31.2487 -10.6075 15
      vertex -34.4683 -11.7004 15
      vertex -33.6292 -13.9297 15
    endloop
  endfacet
  facet normal 0 0 1
    outer loop
      vertex -31.8756 -8.54103 15
      vertex -35.1597 -9.42101 15
      vertex -34.4683 -11.7004 15
    endloop
  endfacet
  facet normal 0 0 1
    outer loop
      vertex -32.3659 -6.43798 15
      vertex -35.7006 -7.10129 15
      vertex -35.1597 -9.42101 15
    endloop
  endfacet
  facet normal 0 -0 1
    outer loop
      vertex -35.7006 -7.10129 15
      vertex -32.5208 -5.5 15
      vertex -35.965 -5.5 15
    endloop
  endfacet
  facet normal -0 0 -1
    outer loop
      vertex -36.0886 -4.75115 15
      vertex -39.0629 -5.14273 15
      vertex -36.3221 -2.38067 15
    endloop
  endfacet
  facet normal 0 0 -1
    outer loop
      vertex -39.0629 -5.14273 15
      vertex -36.0886 -4.75115 15
      vertex -39.0039 -5.5 15
    endloop
  endfacet
  facet normal 0 0 -1
    outer loop
      vertex -39.0039 -5.5 15
      vertex -36.0886 -4.75115 15
      vertex -35.965 -5.5 15
    endloop
  endfacet
  facet normal 0 0 -1
    outer loop
      vertex -39.3156 -2.57688 15
      vertex -36.3221 -2.38067 15
      vertex -39.0629 -5.14273 15
    endloop
  endfacet
  facet normal -0 0 -1
    outer loop
      vertex -36.3221 -2.38067 15
      vertex -39.3156 -2.57688 15
      vertex -36.4 0 15
    endloop
  endfacet
  facet normal 0 0 -1
    outer loop
      vertex -39.4 0 15
      vertex -36.4 0 15
      vertex -39.3156 -2.57688 15
    endloop
  endfacet
  facet normal 0 0 -1
    outer loop
      vertex -36.4 0 15
      vertex -39.4 0 15
      vertex -36.3221 2.38067 15
    endloop
  endfacet
  facet normal 0 -0 -1
    outer loop
      vertex -39.3156 2.57688 15
      vertex -36.3221 2.38067 15
      vertex -39.4 0 15
    endloop
  endfacet
  facet normal 0 0 -1
    outer loop
      vertex -36.3221 2.38067 15
      vertex -39.3156 2.57688 15
      vertex -36.0886 4.75115 15
    endloop
  endfacet
  facet normal 0 -0 -1
    outer loop
      vertex -39.0039 5.5 15
      vertex -36.0886 4.75115 15
      vertex -39.0629 5.14273 15
    endloop
  endfacet
  facet normal 0 0 -1
    outer loop
      vertex -36.0886 4.75115 15
      vertex -39.0039 5.5 15
      vertex -35.965 5.5 15
    endloop
  endfacet
  facet normal 0 -0 -1
    outer loop
      vertex -39.0629 5.14273 15
      vertex -36.0886 4.75115 15
      vertex -39.3156 2.57688 15
    endloop
  endfacet
  facet normal 0.995184 -0.0980288 0
    outer loop
      vertex -36.3221 2.38067 28.5
      vertex -36.0886 4.75115 15
      vertex -36.0886 4.75115 28.5
    endloop
  endfacet
  facet normal 0.995184 -0.0980288 0
    outer loop
      vertex -36.0886 4.75115 15
      vertex -36.3221 2.38067 28.5
      vertex -36.3221 2.38067 15
    endloop
  endfacet
  facet normal -0.634389 0.773014 0
    outer loop
      vertex 24.0002 -27.367 15
      vertex 22.1589 -28.8781 28.5
      vertex 24.0002 -27.367 28.5
    endloop
  endfacet
  facet normal -0.634389 0.773014 0
    outer loop
      vertex 22.1589 -28.8781 28.5
      vertex 24.0002 -27.367 15
      vertex 22.1589 -28.8781 15
    endloop
  endfacet
  facet normal 0.412696 0.910869 -0
    outer loop
      vertex -13.9297 -33.6292 15
      vertex -16.0993 -32.6462 28.5
      vertex -13.9297 -33.6292 28.5
    endloop
  endfacet
  facet normal 0.412696 0.910869 0
    outer loop
      vertex -16.0993 -32.6462 28.5
      vertex -13.9297 -33.6292 15
      vertex -16.0993 -32.6462 15
    endloop
  endfacet
  facet normal 0.910869 -0.412696 0
    outer loop
      vertex -33.6292 13.9297 28.5
      vertex -32.6462 16.0993 15
      vertex -32.6462 16.0993 28.5
    endloop
  endfacet
  facet normal 0.910869 -0.412696 0
    outer loop
      vertex -32.6462 16.0993 15
      vertex -33.6292 13.9297 28.5
      vertex -33.6292 13.9297 15
    endloop
  endfacet
  facet normal -0.999464 0.0327397 0
    outer loop
      vertex 32.9293 -2.1583 14
      vertex 33 0 15
      vertex 33 0 14
    endloop
  endfacet
  facet normal -0.999464 0.0327397 0
    outer loop
      vertex 33 0 15
      vertex 32.9293 -2.1583 14
      vertex 32.9293 -2.1583 15
    endloop
  endfacet
  facet normal -0.995188 -0.0979878 0
    outer loop
      vertex 32.9293 2.1583 14
      vertex 32.7177 4.30736 15
      vertex 32.7177 4.30736 14
    endloop
  endfacet
  facet normal -0.995188 -0.0979878 0
    outer loop
      vertex 32.7177 4.30736 15
      vertex 32.9293 2.1583 14
      vertex 32.9293 2.1583 15
    endloop
  endfacet
  facet normal -0.999464 -0.0327397 0
    outer loop
      vertex 33 0 14
      vertex 32.9293 2.1583 15
      vertex 32.9293 2.1583 14
    endloop
  endfacet
  facet normal -0.999464 -0.0327397 0
    outer loop
      vertex 32.9293 2.1583 15
      vertex 33 0 14
      vertex 33 0 15
    endloop
  endfacet
  facet normal -0.0327397 0.999464 0
    outer loop
      vertex 2.1583 -32.9293 14
      vertex 0 -33 15
      vertex 2.1583 -32.9293 15
    endloop
  endfacet
  facet normal -0.0327397 0.999464 0
    outer loop
      vertex 0 -33 15
      vertex 2.1583 -32.9293 14
      vertex 0 -33 14
    endloop
  endfacet
  facet normal 0.582468 -0.812853 0
    outer loop
      vertex -20.0891 26.1807 14
      vertex -18.3338 27.4385 15
      vertex -20.0891 26.1807 15
    endloop
  endfacet
  facet normal 0.582468 -0.812853 0
    outer loop
      vertex -18.3338 27.4385 15
      vertex -20.0891 26.1807 14
      vertex -18.3338 27.4385 14
    endloop
  endfacet
  facet normal 0.812853 0.582468 0
    outer loop
      vertex -26.1807 -20.0891 15
      vertex -27.4385 -18.3338 14
      vertex -27.4385 -18.3338 15
    endloop
  endfacet
  facet normal 0.812853 0.582468 0
    outer loop
      vertex -27.4385 -18.3338 14
      vertex -26.1807 -20.0891 15
      vertex -26.1807 -20.0891 14
    endloop
  endfacet
  facet normal -0.16291 -0.986641 0
    outer loop
      vertex 4.30736 32.7177 14
      vertex 6.43798 32.3659 15
      vertex 4.30736 32.7177 15
    endloop
  endfacet
  facet normal -0.16291 -0.986641 -0
    outer loop
      vertex 6.43798 32.3659 15
      vertex 4.30736 32.7177 14
      vertex 6.43798 32.3659 14
    endloop
  endfacet
  facet normal -0.773001 -0.634405 0
    outer loop
      vertex 26.1807 20.0891 14
      vertex 24.8107 21.7584 15
      vertex 24.8107 21.7584 14
    endloop
  endfacet
  facet normal -0.773001 -0.634405 0
    outer loop
      vertex 24.8107 21.7584 15
      vertex 26.1807 20.0891 14
      vertex 26.1807 20.0891 15
    endloop
  endfacet
  facet normal -0.16291 0.986641 0
    outer loop
      vertex 6.43798 -32.3659 14
      vertex 4.30736 -32.7177 15
      vertex 6.43798 -32.3659 15
    endloop
  endfacet
  facet normal -0.16291 0.986641 0
    outer loop
      vertex 4.30736 -32.7177 15
      vertex 6.43798 -32.3659 14
      vertex 4.30736 -32.7177 14
    endloop
  endfacet
  facet normal -0.290303 -0.956935 0
    outer loop
      vertex 8.54103 31.8756 14
      vertex 10.6075 31.2487 15
      vertex 8.54103 31.8756 15
    endloop
  endfacet
  facet normal -0.290303 -0.956935 -0
    outer loop
      vertex 10.6075 31.2487 15
      vertex 8.54103 31.8756 14
      vertex 10.6075 31.2487 14
    endloop
  endfacet
  facet normal -0.412711 0.910862 0
    outer loop
      vertex 14.5955 -29.5968 14
      vertex 12.6286 -30.488 15
      vertex 14.5955 -29.5968 15
    endloop
  endfacet
  facet normal -0.412711 0.910862 0
    outer loop
      vertex 12.6286 -30.488 15
      vertex 14.5955 -29.5968 14
      vertex 12.6286 -30.488 14
    endloop
  endfacet
  facet normal 0.227049 -0.973883 0
    outer loop
      vertex -8.54103 31.8756 14
      vertex -6.43798 32.3659 15
      vertex -8.54103 31.8756 15
    endloop
  endfacet
  facet normal 0.227049 -0.973883 0
    outer loop
      vertex -6.43798 32.3659 15
      vertex -8.54103 31.8756 14
      vertex -6.43798 32.3659 14
    endloop
  endfacet
  facet normal 0.683598 0.729859 -0
    outer loop
      vertex -21.7584 -24.8107 14
      vertex -23.3345 -23.3345 15
      vertex -21.7584 -24.8107 15
    endloop
  endfacet
  facet normal 0.683598 0.729859 0
    outer loop
      vertex -23.3345 -23.3345 15
      vertex -21.7584 -24.8107 14
      vertex -23.3345 -23.3345 14
    endloop
  endfacet
  facet normal -0.729859 0.683598 0
    outer loop
      vertex 23.3345 -23.3345 14
      vertex 24.8107 -21.7584 15
      vertex 24.8107 -21.7584 14
    endloop
  endfacet
  facet normal -0.729859 0.683598 0
    outer loop
      vertex 24.8107 -21.7584 15
      vertex 23.3345 -23.3345 14
      vertex 23.3345 -23.3345 15
    endloop
  endfacet
  facet normal 0.16291 -0.986641 0
    outer loop
      vertex -6.43798 32.3659 14
      vertex -4.30736 32.7177 15
      vertex -6.43798 32.3659 15
    endloop
  endfacet
  facet normal 0.16291 -0.986641 0
    outer loop
      vertex -4.30736 32.7177 15
      vertex -6.43798 32.3659 14
      vertex -4.30736 32.7177 14
    endloop
  endfacet
  facet normal 0.773001 -0.634405 0
    outer loop
      vertex -26.1807 20.0891 15
      vertex -24.8107 21.7584 14
      vertex -24.8107 21.7584 15
    endloop
  endfacet
  facet normal 0.773001 -0.634405 0
    outer loop
      vertex -24.8107 21.7584 14
      vertex -26.1807 20.0891 15
      vertex -26.1807 20.0891 14
    endloop
  endfacet
  facet normal -0.634405 0.773001 0
    outer loop
      vertex 21.7584 -24.8107 14
      vertex 20.0891 -26.1807 15
      vertex 21.7584 -24.8107 15
    endloop
  endfacet
  facet normal -0.634405 0.773001 0
    outer loop
      vertex 20.0891 -26.1807 15
      vertex 21.7584 -24.8107 14
      vertex 20.0891 -26.1807 14
    endloop
  endfacet
  facet normal -0.0979878 -0.995188 0
    outer loop
      vertex 2.1583 32.9293 14
      vertex 4.30736 32.7177 15
      vertex 2.1583 32.9293 15
    endloop
  endfacet
  facet normal -0.0979878 -0.995188 -0
    outer loop
      vertex 4.30736 32.7177 15
      vertex 2.1583 32.9293 14
      vertex 4.30736 32.7177 14
    endloop
  endfacet
  facet normal 0.773001 0.634405 0
    outer loop
      vertex -24.8107 -21.7584 15
      vertex -26.1807 -20.0891 14
      vertex -26.1807 -20.0891 15
    endloop
  endfacet
  facet normal 0.773001 0.634405 0
    outer loop
      vertex -26.1807 -20.0891 14
      vertex -24.8107 -21.7584 15
      vertex -24.8107 -21.7584 14
    endloop
  endfacet
  facet normal -0.528058 -0.849208 0
    outer loop
      vertex 16.5 28.5788 14
      vertex 18.3338 27.4385 15
      vertex 16.5 28.5788 15
    endloop
  endfacet
  facet normal -0.528058 -0.849208 -0
    outer loop
      vertex 18.3338 27.4385 15
      vertex 16.5 28.5788 14
      vertex 18.3338 27.4385 14
    endloop
  endfacet
  facet normal -0.773001 0.634405 0
    outer loop
      vertex 24.8107 -21.7584 14
      vertex 26.1807 -20.0891 15
      vertex 26.1807 -20.0891 14
    endloop
  endfacet
  facet normal -0.773001 0.634405 0
    outer loop
      vertex 26.1807 -20.0891 15
      vertex 24.8107 -21.7584 14
      vertex 24.8107 -21.7584 15
    endloop
  endfacet
  facet normal 0.0327397 -0.999464 0
    outer loop
      vertex -2.1583 32.9293 14
      vertex 0 33 15
      vertex -2.1583 32.9293 15
    endloop
  endfacet
  facet normal 0.0327397 -0.999464 0
    outer loop
      vertex 0 33 15
      vertex -2.1583 32.9293 14
      vertex 0 33 14
    endloop
  endfacet
  facet normal -0.352255 -0.935904 0
    outer loop
      vertex 10.6075 31.2487 14
      vertex 12.6286 30.488 15
      vertex 10.6075 31.2487 15
    endloop
  endfacet
  facet normal -0.352255 -0.935904 -0
    outer loop
      vertex 12.6286 30.488 15
      vertex 10.6075 31.2487 14
      vertex 12.6286 30.488 14
    endloop
  endfacet
  facet normal -0.0979878 0.995188 0
    outer loop
      vertex 4.30736 -32.7177 14
      vertex 2.1583 -32.9293 15
      vertex 4.30736 -32.7177 15
    endloop
  endfacet
  facet normal -0.0979878 0.995188 0
    outer loop
      vertex 2.1583 -32.9293 15
      vertex 4.30736 -32.7177 14
      vertex 2.1583 -32.9293 14
    endloop
  endfacet
  facet normal 0.910862 -0.412711 0
    outer loop
      vertex -30.488 12.6286 15
      vertex -29.5968 14.5955 14
      vertex -29.5968 14.5955 15
    endloop
  endfacet
  facet normal 0.910862 -0.412711 0
    outer loop
      vertex -29.5968 14.5955 14
      vertex -30.488 12.6286 15
      vertex -30.488 12.6286 14
    endloop
  endfacet
  facet normal -0.412711 -0.910862 0
    outer loop
      vertex 12.6286 30.488 14
      vertex 14.5955 29.5968 15
      vertex 12.6286 30.488 15
    endloop
  endfacet
  facet normal -0.412711 -0.910862 -0
    outer loop
      vertex 14.5955 29.5968 15
      vertex 12.6286 30.488 14
      vertex 14.5955 29.5968 14
    endloop
  endfacet
  facet normal 0.973883 0.227049 0
    outer loop
      vertex -31.8756 -8.54103 15
      vertex -32.3659 -6.43798 14
      vertex -32.3659 -6.43798 15
    endloop
  endfacet
  facet normal 0.973883 0.227049 0
    outer loop
      vertex -32.3659 -6.43798 14
      vertex -31.8756 -8.54103 15
      vertex -31.8756 -8.54103 14
    endloop
  endfacet
  facet normal -0.582468 -0.812853 0
    outer loop
      vertex 18.3338 27.4385 14
      vertex 20.0891 26.1807 15
      vertex 18.3338 27.4385 15
    endloop
  endfacet
  facet normal -0.582468 -0.812853 -0
    outer loop
      vertex 20.0891 26.1807 15
      vertex 18.3338 27.4385 14
      vertex 20.0891 26.1807 14
    endloop
  endfacet
  facet normal -0.352255 0.935904 0
    outer loop
      vertex 12.6286 -30.488 14
      vertex 10.6075 -31.2487 15
      vertex 12.6286 -30.488 15
    endloop
  endfacet
  facet normal -0.352255 0.935904 0
    outer loop
      vertex 10.6075 -31.2487 15
      vertex 12.6286 -30.488 14
      vertex 10.6075 -31.2487 14
    endloop
  endfacet
  facet normal 0.352255 -0.935904 0
    outer loop
      vertex -12.6286 30.488 14
      vertex -10.6075 31.2487 15
      vertex -12.6286 30.488 15
    endloop
  endfacet
  facet normal 0.352255 -0.935904 0
    outer loop
      vertex -10.6075 31.2487 15
      vertex -12.6286 30.488 14
      vertex -10.6075 31.2487 14
    endloop
  endfacet
  facet normal 0.582468 0.812853 -0
    outer loop
      vertex -18.3338 -27.4385 14
      vertex -20.0891 -26.1807 15
      vertex -18.3338 -27.4385 15
    endloop
  endfacet
  facet normal 0.582468 0.812853 0
    outer loop
      vertex -20.0891 -26.1807 15
      vertex -18.3338 -27.4385 14
      vertex -20.0891 -26.1807 14
    endloop
  endfacet
  facet normal 0.910862 0.412711 0
    outer loop
      vertex -29.5968 -14.5955 15
      vertex -30.488 -12.6286 14
      vertex -30.488 -12.6286 15
    endloop
  endfacet
  facet normal 0.910862 0.412711 0
    outer loop
      vertex -30.488 -12.6286 14
      vertex -29.5968 -14.5955 15
      vertex -29.5968 -14.5955 14
    endloop
  endfacet
  facet normal -0.227049 0.973883 0
    outer loop
      vertex 8.54103 -31.8756 14
      vertex 6.43798 -32.3659 15
      vertex 8.54103 -31.8756 15
    endloop
  endfacet
  facet normal -0.227049 0.973883 0
    outer loop
      vertex 6.43798 -32.3659 15
      vertex 8.54103 -31.8756 14
      vertex 6.43798 -32.3659 14
    endloop
  endfacet
  facet normal 0.0979878 -0.995188 0
    outer loop
      vertex -4.30736 32.7177 14
      vertex -2.1583 32.9293 15
      vertex -4.30736 32.7177 15
    endloop
  endfacet
  facet normal 0.0979878 -0.995188 0
    outer loop
      vertex -2.1583 32.9293 15
      vertex -4.30736 32.7177 14
      vertex -2.1583 32.9293 14
    endloop
  endfacet
  facet normal -0.849208 -0.528058 0
    outer loop
      vertex 28.5788 16.5 14
      vertex 27.4385 18.3338 15
      vertex 27.4385 18.3338 14
    endloop
  endfacet
  facet normal -0.849208 -0.528058 0
    outer loop
      vertex 27.4385 18.3338 15
      vertex 28.5788 16.5 14
      vertex 28.5788 16.5 15
    endloop
  endfacet
  facet normal 0.986637 -0.162935 0
    outer loop
      vertex -32.5208 5.5 15
      vertex -32.3659 6.43798 14
      vertex -32.3659 6.43798 15
    endloop
  endfacet
  facet normal 0.986637 -0.162935 0
    outer loop
      vertex -32.3659 6.43798 14
      vertex -32.5208 5.5 15
      vertex -32.5208 5.5 14
    endloop
  endfacet
  facet normal 0.0979878 0.995188 -0
    outer loop
      vertex -2.1583 -32.9293 14
      vertex -4.30736 -32.7177 15
      vertex -2.1583 -32.9293 15
    endloop
  endfacet
  facet normal 0.0979878 0.995188 0
    outer loop
      vertex -4.30736 -32.7177 15
      vertex -2.1583 -32.9293 14
      vertex -4.30736 -32.7177 14
    endloop
  endfacet
  facet normal 0.881917 0.471405 0
    outer loop
      vertex -28.5788 -16.5 15
      vertex -29.5968 -14.5955 14
      vertex -29.5968 -14.5955 15
    endloop
  endfacet
  facet normal 0.881917 0.471405 0
    outer loop
      vertex -29.5968 -14.5955 14
      vertex -28.5788 -16.5 15
      vertex -28.5788 -16.5 14
    endloop
  endfacet
  facet normal -0.956935 -0.290303 0
    outer loop
      vertex 31.8756 8.54103 14
      vertex 31.2487 10.6075 15
      vertex 31.2487 10.6075 14
    endloop
  endfacet
  facet normal -0.956935 -0.290303 0
    outer loop
      vertex 31.2487 10.6075 15
      vertex 31.8756 8.54103 14
      vertex 31.8756 8.54103 15
    endloop
  endfacet
  facet normal -0.956935 0.290303 0
    outer loop
      vertex 31.2487 -10.6075 14
      vertex 31.8756 -8.54103 15
      vertex 31.8756 -8.54103 14
    endloop
  endfacet
  facet normal -0.956935 0.290303 0
    outer loop
      vertex 31.8756 -8.54103 15
      vertex 31.2487 -10.6075 14
      vertex 31.2487 -10.6075 15
    endloop
  endfacet
  facet normal 0.227049 0.973883 -0
    outer loop
      vertex -6.43798 -32.3659 14
      vertex -8.54103 -31.8756 15
      vertex -6.43798 -32.3659 15
    endloop
  endfacet
  facet normal 0.227049 0.973883 0
    outer loop
      vertex -8.54103 -31.8756 15
      vertex -6.43798 -32.3659 14
      vertex -8.54103 -31.8756 14
    endloop
  endfacet
  facet normal -0.683598 -0.729859 0
    outer loop
      vertex 21.7584 24.8107 14
      vertex 23.3345 23.3345 15
      vertex 21.7584 24.8107 15
    endloop
  endfacet
  facet normal -0.683598 -0.729859 -0
    outer loop
      vertex 23.3345 23.3345 15
      vertex 21.7584 24.8107 14
      vertex 23.3345 23.3345 14
    endloop
  endfacet
  facet normal 0.0327397 0.999464 -0
    outer loop
      vertex 0 -33 14
      vertex -2.1583 -32.9293 15
      vertex 0 -33 15
    endloop
  endfacet
  facet normal 0.0327397 0.999464 0
    outer loop
      vertex -2.1583 -32.9293 15
      vertex 0 -33 14
      vertex -2.1583 -32.9293 14
    endloop
  endfacet
  facet normal 0.16291 0.986641 -0
    outer loop
      vertex -4.30736 -32.7177 14
      vertex -6.43798 -32.3659 15
      vertex -4.30736 -32.7177 15
    endloop
  endfacet
  facet normal 0.16291 0.986641 0
    outer loop
      vertex -6.43798 -32.3659 15
      vertex -4.30736 -32.7177 14
      vertex -6.43798 -32.3659 14
    endloop
  endfacet
  facet normal 0.935904 -0.352255 0
    outer loop
      vertex -31.2487 10.6075 15
      vertex -30.488 12.6286 14
      vertex -30.488 12.6286 15
    endloop
  endfacet
  facet normal 0.935904 -0.352255 0
    outer loop
      vertex -30.488 12.6286 14
      vertex -31.2487 10.6075 15
      vertex -31.2487 10.6075 14
    endloop
  endfacet
  facet normal 0.812853 -0.582468 0
    outer loop
      vertex -27.4385 18.3338 15
      vertex -26.1807 20.0891 14
      vertex -26.1807 20.0891 15
    endloop
  endfacet
  facet normal 0.812853 -0.582468 0
    outer loop
      vertex -26.1807 20.0891 14
      vertex -27.4385 18.3338 15
      vertex -27.4385 18.3338 14
    endloop
  endfacet
  facet normal 0.471405 -0.881917 0
    outer loop
      vertex -16.5 28.5788 14
      vertex -14.5955 29.5968 15
      vertex -16.5 28.5788 15
    endloop
  endfacet
  facet normal 0.471405 -0.881917 0
    outer loop
      vertex -14.5955 29.5968 15
      vertex -16.5 28.5788 14
      vertex -14.5955 29.5968 14
    endloop
  endfacet
  facet normal -0.935904 -0.352255 0
    outer loop
      vertex 31.2487 10.6075 14
      vertex 30.488 12.6286 15
      vertex 30.488 12.6286 14
    endloop
  endfacet
  facet normal -0.935904 -0.352255 0
    outer loop
      vertex 30.488 12.6286 15
      vertex 31.2487 10.6075 14
      vertex 31.2487 10.6075 15
    endloop
  endfacet
  facet normal 0.729859 -0.683598 0
    outer loop
      vertex -24.8107 21.7584 15
      vertex -23.3345 23.3345 14
      vertex -23.3345 23.3345 15
    endloop
  endfacet
  facet normal 0.729859 -0.683598 0
    outer loop
      vertex -23.3345 23.3345 14
      vertex -24.8107 21.7584 15
      vertex -24.8107 21.7584 14
    endloop
  endfacet
  facet normal -0.290303 0.956935 0
    outer loop
      vertex 10.6075 -31.2487 14
      vertex 8.54103 -31.8756 15
      vertex 10.6075 -31.2487 15
    endloop
  endfacet
  facet normal -0.290303 0.956935 0
    outer loop
      vertex 8.54103 -31.8756 15
      vertex 10.6075 -31.2487 14
      vertex 8.54103 -31.8756 14
    endloop
  endfacet
  facet normal -0.471405 0.881917 0
    outer loop
      vertex 16.5 -28.5788 14
      vertex 14.5955 -29.5968 15
      vertex 16.5 -28.5788 15
    endloop
  endfacet
  facet normal -0.471405 0.881917 0
    outer loop
      vertex 14.5955 -29.5968 15
      vertex 16.5 -28.5788 14
      vertex 14.5955 -29.5968 14
    endloop
  endfacet
  facet normal -0.881917 -0.471405 0
    outer loop
      vertex 29.5968 14.5955 14
      vertex 28.5788 16.5 15
      vertex 28.5788 16.5 14
    endloop
  endfacet
  facet normal -0.881917 -0.471405 0
    outer loop
      vertex 28.5788 16.5 15
      vertex 29.5968 14.5955 14
      vertex 29.5968 14.5955 15
    endloop
  endfacet
  facet normal -0.812853 0.582468 0
    outer loop
      vertex 26.1807 -20.0891 14
      vertex 27.4385 -18.3338 15
      vertex 27.4385 -18.3338 14
    endloop
  endfacet
  facet normal -0.812853 0.582468 0
    outer loop
      vertex 27.4385 -18.3338 15
      vertex 26.1807 -20.0891 14
      vertex 26.1807 -20.0891 15
    endloop
  endfacet
  facet normal 0.412711 0.910862 -0
    outer loop
      vertex -12.6286 -30.488 14
      vertex -14.5955 -29.5968 15
      vertex -12.6286 -30.488 15
    endloop
  endfacet
  facet normal 0.412711 0.910862 0
    outer loop
      vertex -14.5955 -29.5968 15
      vertex -12.6286 -30.488 14
      vertex -14.5955 -29.5968 14
    endloop
  endfacet
  facet normal 0.683598 -0.729859 0
    outer loop
      vertex -23.3345 23.3345 14
      vertex -21.7584 24.8107 15
      vertex -23.3345 23.3345 15
    endloop
  endfacet
  facet normal 0.683598 -0.729859 0
    outer loop
      vertex -21.7584 24.8107 15
      vertex -23.3345 23.3345 14
      vertex -21.7584 24.8107 14
    endloop
  endfacet
  facet normal 0.290303 -0.956935 0
    outer loop
      vertex -10.6075 31.2487 14
      vertex -8.54103 31.8756 15
      vertex -10.6075 31.2487 15
    endloop
  endfacet
  facet normal 0.290303 -0.956935 0
    outer loop
      vertex -8.54103 31.8756 15
      vertex -10.6075 31.2487 14
      vertex -8.54103 31.8756 14
    endloop
  endfacet
  facet normal 0.471405 0.881917 -0
    outer loop
      vertex -14.5955 -29.5968 14
      vertex -16.5 -28.5788 15
      vertex -14.5955 -29.5968 15
    endloop
  endfacet
  facet normal 0.471405 0.881917 0
    outer loop
      vertex -16.5 -28.5788 15
      vertex -14.5955 -29.5968 14
      vertex -16.5 -28.5788 14
    endloop
  endfacet
  facet normal -0.995188 0.0979878 0
    outer loop
      vertex 32.7177 -4.30736 14
      vertex 32.9293 -2.1583 15
      vertex 32.9293 -2.1583 14
    endloop
  endfacet
  facet normal -0.995188 0.0979878 0
    outer loop
      vertex 32.9293 -2.1583 15
      vertex 32.7177 -4.30736 14
      vertex 32.7177 -4.30736 15
    endloop
  endfacet
  facet normal 0.412711 -0.910862 0
    outer loop
      vertex -14.5955 29.5968 14
      vertex -12.6286 30.488 15
      vertex -14.5955 29.5968 15
    endloop
  endfacet
  facet normal 0.412711 -0.910862 0
    outer loop
      vertex -12.6286 30.488 15
      vertex -14.5955 29.5968 14
      vertex -12.6286 30.488 14
    endloop
  endfacet
  facet normal 0.881917 -0.471405 0
    outer loop
      vertex -29.5968 14.5955 15
      vertex -28.5788 16.5 14
      vertex -28.5788 16.5 15
    endloop
  endfacet
  facet normal 0.881917 -0.471405 0
    outer loop
      vertex -28.5788 16.5 14
      vertex -29.5968 14.5955 15
      vertex -29.5968 14.5955 14
    endloop
  endfacet
  facet normal -0.227049 -0.973883 0
    outer loop
      vertex 6.43798 32.3659 14
      vertex 8.54103 31.8756 15
      vertex 6.43798 32.3659 15
    endloop
  endfacet
  facet normal -0.227049 -0.973883 -0
    outer loop
      vertex 8.54103 31.8756 15
      vertex 6.43798 32.3659 14
      vertex 8.54103 31.8756 14
    endloop
  endfacet
  facet normal 0.956935 -0.290303 0
    outer loop
      vertex -31.8756 8.54103 15
      vertex -31.2487 10.6075 14
      vertex -31.2487 10.6075 15
    endloop
  endfacet
  facet normal 0.956935 -0.290303 0
    outer loop
      vertex -31.2487 10.6075 14
      vertex -31.8756 8.54103 15
      vertex -31.8756 8.54103 14
    endloop
  endfacet
  facet normal -0.849208 0.528058 0
    outer loop
      vertex 27.4385 -18.3338 14
      vertex 28.5788 -16.5 15
      vertex 28.5788 -16.5 14
    endloop
  endfacet
  facet normal -0.849208 0.528058 0
    outer loop
      vertex 28.5788 -16.5 15
      vertex 27.4385 -18.3338 14
      vertex 27.4385 -18.3338 15
    endloop
  endfacet
  facet normal 0.849208 -0.528058 0
    outer loop
      vertex -28.5788 16.5 15
      vertex -27.4385 18.3338 14
      vertex -27.4385 18.3338 15
    endloop
  endfacet
  facet normal 0.849208 -0.528058 0
    outer loop
      vertex -27.4385 18.3338 14
      vertex -28.5788 16.5 15
      vertex -28.5788 16.5 14
    endloop
  endfacet
  facet normal -0.729859 -0.683598 0
    outer loop
      vertex 24.8107 21.7584 14
      vertex 23.3345 23.3345 15
      vertex 23.3345 23.3345 14
    endloop
  endfacet
  facet normal -0.729859 -0.683598 0
    outer loop
      vertex 23.3345 23.3345 15
      vertex 24.8107 21.7584 14
      vertex 24.8107 21.7584 15
    endloop
  endfacet
  facet normal 0.729859 0.683598 0
    outer loop
      vertex -23.3345 -23.3345 15
      vertex -24.8107 -21.7584 14
      vertex -24.8107 -21.7584 15
    endloop
  endfacet
  facet normal 0.729859 0.683598 0
    outer loop
      vertex -24.8107 -21.7584 14
      vertex -23.3345 -23.3345 15
      vertex -23.3345 -23.3345 14
    endloop
  endfacet
  facet normal 0.986637 0.162935 0
    outer loop
      vertex -32.3659 -6.43798 15
      vertex -32.5208 -5.5 14
      vertex -32.5208 -5.5 15
    endloop
  endfacet
  facet normal 0.986637 0.162935 0
    outer loop
      vertex -32.5208 -5.5 14
      vertex -32.3659 -6.43798 15
      vertex -32.3659 -6.43798 14
    endloop
  endfacet
  facet normal -0.910862 -0.412711 0
    outer loop
      vertex 30.488 12.6286 14
      vertex 29.5968 14.5955 15
      vertex 29.5968 14.5955 14
    endloop
  endfacet
  facet normal -0.910862 -0.412711 0
    outer loop
      vertex 29.5968 14.5955 15
      vertex 30.488 12.6286 14
      vertex 30.488 12.6286 15
    endloop
  endfacet
  facet normal 0.528058 -0.849208 0
    outer loop
      vertex -18.3338 27.4385 14
      vertex -16.5 28.5788 15
      vertex -18.3338 27.4385 15
    endloop
  endfacet
  facet normal 0.528058 -0.849208 0
    outer loop
      vertex -16.5 28.5788 15
      vertex -18.3338 27.4385 14
      vertex -16.5 28.5788 14
    endloop
  endfacet
  facet normal 0.956935 0.290303 0
    outer loop
      vertex -31.2487 -10.6075 15
      vertex -31.8756 -8.54103 14
      vertex -31.8756 -8.54103 15
    endloop
  endfacet
  facet normal 0.956935 0.290303 0
    outer loop
      vertex -31.8756 -8.54103 14
      vertex -31.2487 -10.6075 15
      vertex -31.2487 -10.6075 14
    endloop
  endfacet
  facet normal 0.973883 -0.227049 0
    outer loop
      vertex -32.3659 6.43798 15
      vertex -31.8756 8.54103 14
      vertex -31.8756 8.54103 15
    endloop
  endfacet
  facet normal 0.973883 -0.227049 0
    outer loop
      vertex -31.8756 8.54103 14
      vertex -32.3659 6.43798 15
      vertex -32.3659 6.43798 14
    endloop
  endfacet
  facet normal -0.973883 -0.227049 0
    outer loop
      vertex 32.3659 6.43798 14
      vertex 31.8756 8.54103 15
      vertex 31.8756 8.54103 14
    endloop
  endfacet
  facet normal -0.973883 -0.227049 0
    outer loop
      vertex 31.8756 8.54103 15
      vertex 32.3659 6.43798 14
      vertex 32.3659 6.43798 15
    endloop
  endfacet
  facet normal -0.634405 -0.773001 0
    outer loop
      vertex 20.0891 26.1807 14
      vertex 21.7584 24.8107 15
      vertex 20.0891 26.1807 15
    endloop
  endfacet
  facet normal -0.634405 -0.773001 -0
    outer loop
      vertex 21.7584 24.8107 15
      vertex 20.0891 26.1807 14
      vertex 21.7584 24.8107 14
    endloop
  endfacet
  facet normal -0.986641 -0.16291 0
    outer loop
      vertex 32.7177 4.30736 14
      vertex 32.3659 6.43798 15
      vertex 32.3659 6.43798 14
    endloop
  endfacet
  facet normal -0.986641 -0.16291 0
    outer loop
      vertex 32.3659 6.43798 15
      vertex 32.7177 4.30736 14
      vertex 32.7177 4.30736 15
    endloop
  endfacet
  facet normal -0.0327397 -0.999464 0
    outer loop
      vertex 0 33 14
      vertex 2.1583 32.9293 15
      vertex 0 33 15
    endloop
  endfacet
  facet normal -0.0327397 -0.999464 -0
    outer loop
      vertex 2.1583 32.9293 15
      vertex 0 33 14
      vertex 2.1583 32.9293 14
    endloop
  endfacet
  facet normal 0.634405 -0.773001 0
    outer loop
      vertex -21.7584 24.8107 14
      vertex -20.0891 26.1807 15
      vertex -21.7584 24.8107 15
    endloop
  endfacet
  facet normal 0.634405 -0.773001 0
    outer loop
      vertex -20.0891 26.1807 15
      vertex -21.7584 24.8107 14
      vertex -20.0891 26.1807 14
    endloop
  endfacet
  facet normal 0.849208 0.528058 0
    outer loop
      vertex -27.4385 -18.3338 15
      vertex -28.5788 -16.5 14
      vertex -28.5788 -16.5 15
    endloop
  endfacet
  facet normal 0.849208 0.528058 0
    outer loop
      vertex -28.5788 -16.5 14
      vertex -27.4385 -18.3338 15
      vertex -27.4385 -18.3338 14
    endloop
  endfacet
  facet normal -0.812853 -0.582468 0
    outer loop
      vertex 27.4385 18.3338 14
      vertex 26.1807 20.0891 15
      vertex 26.1807 20.0891 14
    endloop
  endfacet
  facet normal -0.812853 -0.582468 0
    outer loop
      vertex 26.1807 20.0891 15
      vertex 27.4385 18.3338 14
      vertex 27.4385 18.3338 15
    endloop
  endfacet
  facet normal -0.935904 0.352255 0
    outer loop
      vertex 30.488 -12.6286 14
      vertex 31.2487 -10.6075 15
      vertex 31.2487 -10.6075 14
    endloop
  endfacet
  facet normal -0.935904 0.352255 0
    outer loop
      vertex 31.2487 -10.6075 15
      vertex 30.488 -12.6286 14
      vertex 30.488 -12.6286 15
    endloop
  endfacet
  facet normal 0.935904 0.352255 0
    outer loop
      vertex -30.488 -12.6286 15
      vertex -31.2487 -10.6075 14
      vertex -31.2487 -10.6075 15
    endloop
  endfacet
  facet normal 0.935904 0.352255 0
    outer loop
      vertex -31.2487 -10.6075 14
      vertex -30.488 -12.6286 15
      vertex -30.488 -12.6286 14
    endloop
  endfacet
  facet normal -0.683598 0.729859 0
    outer loop
      vertex 23.3345 -23.3345 14
      vertex 21.7584 -24.8107 15
      vertex 23.3345 -23.3345 15
    endloop
  endfacet
  facet normal -0.683598 0.729859 0
    outer loop
      vertex 21.7584 -24.8107 15
      vertex 23.3345 -23.3345 14
      vertex 21.7584 -24.8107 14
    endloop
  endfacet
  facet normal -0.471405 -0.881917 0
    outer loop
      vertex 14.5955 29.5968 14
      vertex 16.5 28.5788 15
      vertex 14.5955 29.5968 15
    endloop
  endfacet
  facet normal -0.471405 -0.881917 -0
    outer loop
      vertex 16.5 28.5788 15
      vertex 14.5955 29.5968 14
      vertex 16.5 28.5788 14
    endloop
  endfacet
  facet normal -0.528058 0.849208 0
    outer loop
      vertex 18.3338 -27.4385 14
      vertex 16.5 -28.5788 15
      vertex 18.3338 -27.4385 15
    endloop
  endfacet
  facet normal -0.528058 0.849208 0
    outer loop
      vertex 16.5 -28.5788 15
      vertex 18.3338 -27.4385 14
      vertex 16.5 -28.5788 14
    endloop
  endfacet
  facet normal -0.582468 0.812853 0
    outer loop
      vertex 20.0891 -26.1807 14
      vertex 18.3338 -27.4385 15
      vertex 20.0891 -26.1807 15
    endloop
  endfacet
  facet normal -0.582468 0.812853 0
    outer loop
      vertex 18.3338 -27.4385 15
      vertex 20.0891 -26.1807 14
      vertex 18.3338 -27.4385 14
    endloop
  endfacet
  facet normal -0.881917 0.471405 0
    outer loop
      vertex 28.5788 -16.5 14
      vertex 29.5968 -14.5955 15
      vertex 29.5968 -14.5955 14
    endloop
  endfacet
  facet normal -0.881917 0.471405 0
    outer loop
      vertex 29.5968 -14.5955 15
      vertex 28.5788 -16.5 14
      vertex 28.5788 -16.5 15
    endloop
  endfacet
  facet normal 0.528058 0.849208 -0
    outer loop
      vertex -16.5 -28.5788 14
      vertex -18.3338 -27.4385 15
      vertex -16.5 -28.5788 15
    endloop
  endfacet
  facet normal 0.528058 0.849208 0
    outer loop
      vertex -18.3338 -27.4385 15
      vertex -16.5 -28.5788 14
      vertex -18.3338 -27.4385 14
    endloop
  endfacet
  facet normal -0.973883 0.227049 0
    outer loop
      vertex 31.8756 -8.54103 14
      vertex 32.3659 -6.43798 15
      vertex 32.3659 -6.43798 14
    endloop
  endfacet
  facet normal -0.973883 0.227049 0
    outer loop
      vertex 32.3659 -6.43798 15
      vertex 31.8756 -8.54103 14
      vertex 31.8756 -8.54103 15
    endloop
  endfacet
  facet normal -0.986641 0.16291 0
    outer loop
      vertex 32.3659 -6.43798 14
      vertex 32.7177 -4.30736 15
      vertex 32.7177 -4.30736 14
    endloop
  endfacet
  facet normal -0.986641 0.16291 0
    outer loop
      vertex 32.7177 -4.30736 15
      vertex 32.3659 -6.43798 14
      vertex 32.3659 -6.43798 15
    endloop
  endfacet
  facet normal 0.634405 0.773001 -0
    outer loop
      vertex -20.0891 -26.1807 14
      vertex -21.7584 -24.8107 15
      vertex -20.0891 -26.1807 15
    endloop
  endfacet
  facet normal 0.634405 0.773001 0
    outer loop
      vertex -21.7584 -24.8107 15
      vertex -20.0891 -26.1807 14
      vertex -21.7584 -24.8107 14
    endloop
  endfacet
  facet normal 0.352255 0.935904 -0
    outer loop
      vertex -10.6075 -31.2487 14
      vertex -12.6286 -30.488 15
      vertex -10.6075 -31.2487 15
    endloop
  endfacet
  facet normal 0.352255 0.935904 0
    outer loop
      vertex -12.6286 -30.488 15
      vertex -10.6075 -31.2487 14
      vertex -12.6286 -30.488 14
    endloop
  endfacet
  facet normal 0.290303 0.956935 -0
    outer loop
      vertex -8.54103 -31.8756 14
      vertex -10.6075 -31.2487 15
      vertex -8.54103 -31.8756 15
    endloop
  endfacet
  facet normal 0.290303 0.956935 0
    outer loop
      vertex -10.6075 -31.2487 15
      vertex -8.54103 -31.8756 14
      vertex -10.6075 -31.2487 14
    endloop
  endfacet
  facet normal -0.910862 0.412711 0
    outer loop
      vertex 29.5968 -14.5955 14
      vertex 30.488 -12.6286 15
      vertex 30.488 -12.6286 14
    endloop
  endfacet
  facet normal -0.910862 0.412711 0
    outer loop
      vertex 30.488 -12.6286 15
      vertex 29.5968 -14.5955 14
      vertex 29.5968 -14.5955 15
    endloop
  endfacet
  facet normal -0 0 1
    outer loop
      vertex -31.2487 -10.6075 14
      vertex -28.3 -12.3 14
      vertex -28.3 -5.5 14
    endloop
  endfacet
  facet normal 0 0 1
    outer loop
      vertex -28.3 -12.3 14
      vertex -29.5968 -14.5955 14
      vertex -28.5788 -16.5 14
    endloop
  endfacet
  facet normal 0 0 1
    outer loop
      vertex -28.3 -12.3 14
      vertex -30.488 -12.6286 14
      vertex -29.5968 -14.5955 14
    endloop
  endfacet
  facet normal 0 0 1
    outer loop
      vertex -28.3 -12.3 14
      vertex -31.2487 -10.6075 14
      vertex -30.488 -12.6286 14
    endloop
  endfacet
  facet normal 0 0 1
    outer loop
      vertex -28.3 -5.5 14
      vertex -31.8756 -8.54103 14
      vertex -31.2487 -10.6075 14
    endloop
  endfacet
  facet normal 0 0 1
    outer loop
      vertex -28.3 -5.5 14
      vertex -32.3659 -6.43798 14
      vertex -31.8756 -8.54103 14
    endloop
  endfacet
  facet normal 0 -0 1
    outer loop
      vertex -32.3659 -6.43798 14
      vertex -28.3 -5.5 14
      vertex -32.5208 -5.5 14
    endloop
  endfacet
  facet normal 0 0 1
    outer loop
      vertex 12.3 12.3 14
      vertex 33 0 14
      vertex 32.9293 2.1583 14
    endloop
  endfacet
  facet normal 0 0 1
    outer loop
      vertex 12.3 12.3 14
      vertex 32.9293 2.1583 14
      vertex 32.7177 4.30736 14
    endloop
  endfacet
  facet normal 0 0 1
    outer loop
      vertex 12.3 -12.3 14
      vertex 33 0 14
      vertex 12.3 12.3 14
    endloop
  endfacet
  facet normal 0 0 1
    outer loop
      vertex 12.3 12.3 14
      vertex 32.7177 4.30736 14
      vertex 32.3659 6.43798 14
    endloop
  endfacet
  facet normal 0 0 1
    outer loop
      vertex 33 0 14
      vertex 12.3 -12.3 14
      vertex 32.9293 -2.1583 14
    endloop
  endfacet
  facet normal 0 0 1
    outer loop
      vertex 12.3 12.3 14
      vertex 32.3659 6.43798 14
      vertex 31.8756 8.54103 14
    endloop
  endfacet
  facet normal 0 0 1
    outer loop
      vertex 32.9293 -2.1583 14
      vertex 12.3 -12.3 14
      vertex 32.7177 -4.30736 14
    endloop
  endfacet
  facet normal 0 0 1
    outer loop
      vertex 12.3 12.3 14
      vertex 31.8756 8.54103 14
      vertex 31.2487 10.6075 14
    endloop
  endfacet
  facet normal 0 0 1
    outer loop
      vertex 32.7177 -4.30736 14
      vertex 12.3 -12.3 14
      vertex 32.3659 -6.43798 14
    endloop
  endfacet
  facet normal -0 0 1
    outer loop
      vertex 12.3 12.3 14
      vertex 31.2487 10.6075 14
      vertex 30.488 12.6286 14
    endloop
  endfacet
  facet normal 0 0 1
    outer loop
      vertex 32.3659 -6.43798 14
      vertex 12.3 -12.3 14
      vertex 31.8756 -8.54103 14
    endloop
  endfacet
  facet normal 0 0 1
    outer loop
      vertex 12.3 12.3 14
      vertex 30.488 12.6286 14
      vertex 29.5968 14.5955 14
    endloop
  endfacet
  facet normal 0 0 1
    outer loop
      vertex 31.8756 -8.54103 14
      vertex 12.3 -12.3 14
      vertex 31.2487 -10.6075 14
    endloop
  endfacet
  facet normal 0 0 1
    outer loop
      vertex 12.3 12.3 14
      vertex 29.5968 14.5955 14
      vertex 28.5788 16.5 14
    endloop
  endfacet
  facet normal 0 0 1
    outer loop
      vertex 31.2487 -10.6075 14
      vertex 12.3 -12.3 14
      vertex 30.488 -12.6286 14
    endloop
  endfacet
  facet normal 0 0 1
    outer loop
      vertex 12.3 12.3 14
      vertex 28.5788 16.5 14
      vertex 27.4385 18.3338 14
    endloop
  endfacet
  facet normal 0 0 1
    outer loop
      vertex 30.488 -12.6286 14
      vertex 12.3 -12.3 14
      vertex 29.5968 -14.5955 14
    endloop
  endfacet
  facet normal 0 0 1
    outer loop
      vertex 12.3 12.3 14
      vertex 27.4385 18.3338 14
      vertex 26.1807 20.0891 14
    endloop
  endfacet
  facet normal 0 0 1
    outer loop
      vertex 29.5968 -14.5955 14
      vertex 12.3 -12.3 14
      vertex 28.5788 -16.5 14
    endloop
  endfacet
  facet normal 0 0 1
    outer loop
      vertex 12.3 12.3 14
      vertex 26.1807 20.0891 14
      vertex 24.8107 21.7584 14
    endloop
  endfacet
  facet normal 0 0 1
    outer loop
      vertex 28.5788 -16.5 14
      vertex 12.3 -12.3 14
      vertex 27.4385 -18.3338 14
    endloop
  endfacet
  facet normal 0 0 1
    outer loop
      vertex 12.3 12.3 14
      vertex 24.8107 21.7584 14
      vertex 23.3345 23.3345 14
    endloop
  endfacet
  facet normal 0 0 1
    outer loop
      vertex 27.4385 -18.3338 14
      vertex 12.3 -12.3 14
      vertex 26.1807 -20.0891 14
    endloop
  endfacet
  facet normal 0 0 1
    outer loop
      vertex 12.3 12.3 14
      vertex 23.3345 23.3345 14
      vertex 21.7584 24.8107 14
    endloop
  endfacet
  facet normal 0 0 1
    outer loop
      vertex 26.1807 -20.0891 14
      vertex 12.3 -12.3 14
      vertex 24.8107 -21.7584 14
    endloop
  endfacet
  facet normal 0 0 1
    outer loop
      vertex 12.3 12.3 14
      vertex 21.7584 24.8107 14
      vertex 20.0891 26.1807 14
    endloop
  endfacet
  facet normal 0 0 1
    outer loop
      vertex 24.8107 -21.7584 14
      vertex 12.3 -12.3 14
      vertex 23.3345 -23.3345 14
    endloop
  endfacet
  facet normal 0 0 1
    outer loop
      vertex 12.3 12.3 14
      vertex 20.0891 26.1807 14
      vertex 18.3338 27.4385 14
    endloop
  endfacet
  facet normal 0 0 1
    outer loop
      vertex 23.3345 -23.3345 14
      vertex 12.3 -12.3 14
      vertex 21.7584 -24.8107 14
    endloop
  endfacet
  facet normal 0 0 1
    outer loop
      vertex 12.3 12.3 14
      vertex 18.3338 27.4385 14
      vertex 16.5 28.5788 14
    endloop
  endfacet
  facet normal 0 0 1
    outer loop
      vertex 21.7584 -24.8107 14
      vertex 12.3 -12.3 14
      vertex 20.0891 -26.1807 14
    endloop
  endfacet
  facet normal 0 0 1
    outer loop
      vertex 12.3 12.3 14
      vertex 16.5 28.5788 14
      vertex 14.5955 29.5968 14
    endloop
  endfacet
  facet normal 0 0 1
    outer loop
      vertex 20.0891 -26.1807 14
      vertex 12.3 -12.3 14
      vertex 18.3338 -27.4385 14
    endloop
  endfacet
  facet normal 0 0 1
    outer loop
      vertex 12.3 12.3 14
      vertex 14.5955 29.5968 14
      vertex 12.6286 30.488 14
    endloop
  endfacet
  facet normal 0 0 1
    outer loop
      vertex 18.3338 -27.4385 14
      vertex 12.3 -12.3 14
      vertex 16.5 -28.5788 14
    endloop
  endfacet
  facet normal 0 0 1
    outer loop
      vertex 16.5 -28.5788 14
      vertex 12.3 -12.3 14
      vertex 14.5955 -29.5968 14
    endloop
  endfacet
  facet normal 0 0 1
    outer loop
      vertex 10.6075 31.2487 14
      vertex 12.3 12.3 14
      vertex 12.6286 30.488 14
    endloop
  endfacet
  facet normal 0 0 1
    outer loop
      vertex 8.54103 31.8756 14
      vertex 12.3 12.3 14
      vertex 10.6075 31.2487 14
    endloop
  endfacet
  facet normal 0 0 1
    outer loop
      vertex 6.43798 32.3659 14
      vertex 12.3 12.3 14
      vertex 8.54103 31.8756 14
    endloop
  endfacet
  facet normal 0 0 1
    outer loop
      vertex 4.30736 32.7177 14
      vertex 12.3 12.3 14
      vertex 6.43798 32.3659 14
    endloop
  endfacet
  facet normal 0 0 1
    outer loop
      vertex 2.1583 32.9293 14
      vertex 12.3 12.3 14
      vertex 4.30736 32.7177 14
    endloop
  endfacet
  facet normal 0 0 1
    outer loop
      vertex 0 33 14
      vertex 12.3 12.3 14
      vertex 2.1583 32.9293 14
    endloop
  endfacet
  facet normal -0 0 1
    outer loop
      vertex -2.1583 32.9293 14
      vertex 12.3 12.3 14
      vertex 0 33 14
    endloop
  endfacet
  facet normal -0 0 1
    outer loop
      vertex -4.30736 32.7177 14
      vertex 12.3 12.3 14
      vertex -2.1583 32.9293 14
    endloop
  endfacet
  facet normal -0 0 1
    outer loop
      vertex -6.43798 32.3659 14
      vertex 12.3 12.3 14
      vertex -4.30736 32.7177 14
    endloop
  endfacet
  facet normal -0 0 1
    outer loop
      vertex -8.54103 31.8756 14
      vertex 12.3 12.3 14
      vertex -6.43798 32.3659 14
    endloop
  endfacet
  facet normal -0 0 1
    outer loop
      vertex -10.6075 31.2487 14
      vertex 12.3 12.3 14
      vertex -8.54103 31.8756 14
    endloop
  endfacet
  facet normal -0 0 1
    outer loop
      vertex -12.6286 30.488 14
      vertex 12.3 12.3 14
      vertex -10.6075 31.2487 14
    endloop
  endfacet
  facet normal -0 0 1
    outer loop
      vertex -14.5955 29.5968 14
      vertex 12.3 12.3 14
      vertex -12.6286 30.488 14
    endloop
  endfacet
  facet normal -0 0 1
    outer loop
      vertex -16.5 28.5788 14
      vertex 12.3 12.3 14
      vertex -14.5955 29.5968 14
    endloop
  endfacet
  facet normal -0 0 1
    outer loop
      vertex -18.3338 27.4385 14
      vertex 12.3 12.3 14
      vertex -16.5 28.5788 14
    endloop
  endfacet
  facet normal -0 0 1
    outer loop
      vertex -20.0891 26.1807 14
      vertex 12.3 12.3 14
      vertex -18.3338 27.4385 14
    endloop
  endfacet
  facet normal -0 0 1
    outer loop
      vertex -21.7584 24.8107 14
      vertex 12.3 12.3 14
      vertex -20.0891 26.1807 14
    endloop
  endfacet
  facet normal 0 0 1
    outer loop
      vertex -28.3 12.3 14
      vertex -21.7584 24.8107 14
      vertex -23.3345 23.3345 14
    endloop
  endfacet
  facet normal 0 0 1
    outer loop
      vertex -28.3 12.3 14
      vertex -23.3345 23.3345 14
      vertex -24.8107 21.7584 14
    endloop
  endfacet
  facet normal 0 0 1
    outer loop
      vertex -28.3 12.3 14
      vertex -24.8107 21.7584 14
      vertex -26.1807 20.0891 14
    endloop
  endfacet
  facet normal 0 0 1
    outer loop
      vertex -28.3 12.3 14
      vertex -26.1807 20.0891 14
      vertex -27.4385 18.3338 14
    endloop
  endfacet
  facet normal 0 0 1
    outer loop
      vertex -21.7584 24.8107 14
      vertex -28.3 12.3 14
      vertex 12.3 12.3 14
    endloop
  endfacet
  facet normal -0 0 1
    outer loop
      vertex -28.5788 16.5 14
      vertex -28.3 12.3 14
      vertex -27.4385 18.3338 14
    endloop
  endfacet
  facet normal -0 0 1
    outer loop
      vertex -29.5968 14.5955 14
      vertex -28.3 12.3 14
      vertex -28.5788 16.5 14
    endloop
  endfacet
  facet normal -0 0 1
    outer loop
      vertex -30.488 12.6286 14
      vertex -28.3 12.3 14
      vertex -29.5968 14.5955 14
    endloop
  endfacet
  facet normal 0 0 1
    outer loop
      vertex -31.2487 10.6075 14
      vertex -28.3 12.3 14
      vertex -30.488 12.6286 14
    endloop
  endfacet
  facet normal 0 0 1
    outer loop
      vertex -28.3 12.3 14
      vertex -31.2487 10.6075 14
      vertex -28.3 5.5 14
    endloop
  endfacet
  facet normal -0 0 1
    outer loop
      vertex -31.8756 8.54103 14
      vertex -28.3 5.5 14
      vertex -31.2487 10.6075 14
    endloop
  endfacet
  facet normal -0 0 1
    outer loop
      vertex -32.3659 6.43798 14
      vertex -28.3 5.5 14
      vertex -31.8756 8.54103 14
    endloop
  endfacet
  facet normal 0 0 1
    outer loop
      vertex -28.3 5.5 14
      vertex -32.3659 6.43798 14
      vertex -32.5208 5.5 14
    endloop
  endfacet
  facet normal 0 0 1
    outer loop
      vertex 14.5955 -29.5968 14
      vertex 12.3 -12.3 14
      vertex 12.6286 -30.488 14
    endloop
  endfacet
  facet normal 0 0 1
    outer loop
      vertex 12.3 -12.3 14
      vertex 10.6075 -31.2487 14
      vertex 12.6286 -30.488 14
    endloop
  endfacet
  facet normal 0 0 1
    outer loop
      vertex 12.3 -12.3 14
      vertex 8.54103 -31.8756 14
      vertex 10.6075 -31.2487 14
    endloop
  endfacet
  facet normal 0 0 1
    outer loop
      vertex 12.3 -12.3 14
      vertex 6.43798 -32.3659 14
      vertex 8.54103 -31.8756 14
    endloop
  endfacet
  facet normal 0 0 1
    outer loop
      vertex 12.3 -12.3 14
      vertex 4.30736 -32.7177 14
      vertex 6.43798 -32.3659 14
    endloop
  endfacet
  facet normal 0 0 1
    outer loop
      vertex 12.3 -12.3 14
      vertex 2.1583 -32.9293 14
      vertex 4.30736 -32.7177 14
    endloop
  endfacet
  facet normal 0 0 1
    outer loop
      vertex 12.3 -12.3 14
      vertex 0 -33 14
      vertex 2.1583 -32.9293 14
    endloop
  endfacet
  facet normal 0 0 1
    outer loop
      vertex 12.3 -12.3 14
      vertex -2.1583 -32.9293 14
      vertex 0 -33 14
    endloop
  endfacet
  facet normal 0 0 1
    outer loop
      vertex 12.3 -12.3 14
      vertex -4.30736 -32.7177 14
      vertex -2.1583 -32.9293 14
    endloop
  endfacet
  facet normal 0 0 1
    outer loop
      vertex 12.3 -12.3 14
      vertex -6.43798 -32.3659 14
      vertex -4.30736 -32.7177 14
    endloop
  endfacet
  facet normal 0 0 1
    outer loop
      vertex 12.3 -12.3 14
      vertex -8.54103 -31.8756 14
      vertex -6.43798 -32.3659 14
    endloop
  endfacet
  facet normal 0 0 1
    outer loop
      vertex 12.3 -12.3 14
      vertex -10.6075 -31.2487 14
      vertex -8.54103 -31.8756 14
    endloop
  endfacet
  facet normal 0 0 1
    outer loop
      vertex 12.3 -12.3 14
      vertex -12.6286 -30.488 14
      vertex -10.6075 -31.2487 14
    endloop
  endfacet
  facet normal 0 0 1
    outer loop
      vertex 12.3 -12.3 14
      vertex -14.5955 -29.5968 14
      vertex -12.6286 -30.488 14
    endloop
  endfacet
  facet normal 0 0 1
    outer loop
      vertex 12.3 -12.3 14
      vertex -16.5 -28.5788 14
      vertex -14.5955 -29.5968 14
    endloop
  endfacet
  facet normal 0 0 1
    outer loop
      vertex 12.3 -12.3 14
      vertex -18.3338 -27.4385 14
      vertex -16.5 -28.5788 14
    endloop
  endfacet
  facet normal 0 0 1
    outer loop
      vertex 12.3 -12.3 14
      vertex -20.0891 -26.1807 14
      vertex -18.3338 -27.4385 14
    endloop
  endfacet
  facet normal 0 0 1
    outer loop
      vertex 12.3 -12.3 14
      vertex -21.7584 -24.8107 14
      vertex -20.0891 -26.1807 14
    endloop
  endfacet
  facet normal -0 0 1
    outer loop
      vertex -28.3 -12.3 14
      vertex -21.7584 -24.8107 14
      vertex 12.3 -12.3 14
    endloop
  endfacet
  facet normal 0 0 1
    outer loop
      vertex -21.7584 -24.8107 14
      vertex -28.3 -12.3 14
      vertex -23.3345 -23.3345 14
    endloop
  endfacet
  facet normal 0 0 1
    outer loop
      vertex -23.3345 -23.3345 14
      vertex -28.3 -12.3 14
      vertex -24.8107 -21.7584 14
    endloop
  endfacet
  facet normal 0 0 1
    outer loop
      vertex -24.8107 -21.7584 14
      vertex -28.3 -12.3 14
      vertex -26.1807 -20.0891 14
    endloop
  endfacet
  facet normal 0 0 1
    outer loop
      vertex -26.1807 -20.0891 14
      vertex -28.3 -12.3 14
      vertex -27.4385 -18.3338 14
    endloop
  endfacet
  facet normal 0 0 1
    outer loop
      vertex -27.4385 -18.3338 14
      vertex -28.3 -12.3 14
      vertex -28.5788 -16.5 14
    endloop
  endfacet
  facet normal -1 0 0
    outer loop
      vertex 12.3 -12.3 8
      vertex 12.3 12.3 14
      vertex 12.3 12.3 8
    endloop
  endfacet
  facet normal -1 -0 0
    outer loop
      vertex 12.3 12.3 14
      vertex 12.3 -12.3 8
      vertex 12.3 -12.3 14
    endloop
  endfacet
  facet normal 1 -0 0
    outer loop
      vertex -28.3 -12.3 14
      vertex -28.3 -5.5 8
      vertex -28.3 -5.5 14
    endloop
  endfacet
  facet normal 1 0 0
    outer loop
      vertex -28.3 -5.5 8
      vertex -28.3 -12.3 14
      vertex -28.3 -12.3 8
    endloop
  endfacet
  facet normal 1 -0 0
    outer loop
      vertex -28.3 5.5 14
      vertex -28.3 12.3 8
      vertex -28.3 12.3 14
    endloop
  endfacet
  facet normal 1 0 0
    outer loop
      vertex -28.3 12.3 8
      vertex -28.3 5.5 14
      vertex -28.3 5.5 8
    endloop
  endfacet
  facet normal 0 -1 0
    outer loop
      vertex -28.3 12.3 8
      vertex 12.3 12.3 14
      vertex -28.3 12.3 14
    endloop
  endfacet
  facet normal 0 -1 -0
    outer loop
      vertex 12.3 12.3 14
      vertex -28.3 12.3 8
      vertex 12.3 12.3 8
    endloop
  endfacet
  facet normal 0 1 -0
    outer loop
      vertex 12.3 -12.3 8
      vertex -28.3 -12.3 14
      vertex 12.3 -12.3 14
    endloop
  endfacet
  facet normal 0 1 0
    outer loop
      vertex -28.3 -12.3 14
      vertex 12.3 -12.3 8
      vertex -28.3 -12.3 8
    endloop
  endfacet
  facet normal 0 -1 0
    outer loop
      vertex -41.99 5.5 8
      vertex -39.0039 5.5 14
      vertex -41.99 5.5 14
    endloop
  endfacet
  facet normal 0 -1 -0
    outer loop
      vertex -39.0039 5.5 14
      vertex -41.99 5.5 8
      vertex -32.5208 5.5 14
    endloop
  endfacet
  facet normal 0 -1 0
    outer loop
      vertex -28.3 5.5 8
      vertex -32.5208 5.5 14
      vertex -41.99 5.5 8
    endloop
  endfacet
  facet normal 0 -1 0
    outer loop
      vertex -32.5208 5.5 14
      vertex -28.3 5.5 8
      vertex -28.3 5.5 14
    endloop
  endfacet
  facet normal 0 -1 0
    outer loop
      vertex -39.0039 5.5 14
      vertex -35.965 5.5 15
      vertex -39.0039 5.5 15
    endloop
  endfacet
  facet normal 0 -1 0
    outer loop
      vertex -32.5208 5.5 14
      vertex -35.965 5.5 15
      vertex -39.0039 5.5 14
    endloop
  endfacet
  facet normal 0 -1 0
    outer loop
      vertex -35.965 5.5 15
      vertex -32.5208 5.5 14
      vertex -32.5208 5.5 15
    endloop
  endfacet
  facet normal 0 1 -0
    outer loop
      vertex -28.3 -5.5 8
      vertex -32.5208 -5.5 14
      vertex -28.3 -5.5 14
    endloop
  endfacet
  facet normal 0 1 0
    outer loop
      vertex -41.99 -5.5 8
      vertex -32.5208 -5.5 14
      vertex -28.3 -5.5 8
    endloop
  endfacet
  facet normal 0 1 0
    outer loop
      vertex -32.5208 -5.5 14
      vertex -41.99 -5.5 8
      vertex -39.0039 -5.5 14
    endloop
  endfacet
  facet normal 0 1 0
    outer loop
      vertex -39.0039 -5.5 14
      vertex -41.99 -5.5 8
      vertex -41.99 -5.5 14
    endloop
  endfacet
  facet normal 0 1 -0
    outer loop
      vertex -32.5208 -5.5 14
      vertex -35.965 -5.5 15
      vertex -32.5208 -5.5 15
    endloop
  endfacet
  facet normal 0 1 0
    outer loop
      vertex -39.0039 -5.5 14
      vertex -35.965 -5.5 15
      vertex -32.5208 -5.5 14
    endloop
  endfacet
  facet normal 0 1 0
    outer loop
      vertex -35.965 -5.5 15
      vertex -39.0039 -5.5 14
      vertex -39.0039 -5.5 15
    endloop
  endfacet
endsolid OpenSCAD_Model
