solid OpenSCAD_Model
  facet normal 0.995185 -0.0980145 0
    outer loop
      vertex 35.692 -4.69894 14
      vertex 35.9229 -2.35451 7.62939e-07
      vertex 35.9229 -2.35451 14
    endloop
  endfacet
  facet normal 0.995185 -0.0980145 0
    outer loop
      vertex 35.9229 -2.35451 7.62939e-07
      vertex 35.692 -4.69894 14
      vertex 35.692 -4.69894 7.62939e-07
    endloop
  endfacet
  facet normal 0.999464 -0.0327281 0
    outer loop
      vertex 35.9229 -2.35451 14
      vertex 36 0 7.62939e-07
      vertex 36 0 14
    endloop
  endfacet
  facet normal 0.999464 -0.0327281 0
    outer loop
      vertex 36 0 7.62939e-07
      vertex 35.9229 -2.35451 14
      vertex 35.9229 -2.35451 7.62939e-07
    endloop
  endfacet
  facet normal -0.93591 0.35224 0
    outer loop
      vertex -34.0895 11.5718 7.62939e-07
      vertex -33.2597 13.7766 14
      vertex -33.2597 13.7766 7.62939e-07
    endloop
  endfacet
  facet normal -0.93591 0.35224 0
    outer loop
      vertex -33.2597 13.7766 14
      vertex -34.0895 11.5718 7.62939e-07
      vertex -34.0895 11.5718 14
    endloop
  endfacet
  facet normal -0.973871 0.227101 0
    outer loop
      vertex -35.3083 7.02325 7.62939e-07
      vertex -34.7733 9.31748 14
      vertex -34.7733 9.31748 7.62939e-07
    endloop
  endfacet
  facet normal -0.973871 0.227101 0
    outer loop
      vertex -34.7733 9.31748 14
      vertex -35.3083 7.02325 7.62939e-07
      vertex -35.3083 7.02325 14
    endloop
  endfacet
  facet normal 0.634384 0.773018 -0
    outer loop
      vertex 23.7365 27.0662 7.62939e-07
      vertex 21.9154 28.5607 14
      vertex 23.7365 27.0662 14
    endloop
  endfacet
  facet normal 0.634384 0.773018 0
    outer loop
      vertex 21.9154 28.5607 14
      vertex 23.7365 27.0662 7.62939e-07
      vertex 21.9154 28.5607 7.62939e-07
    endloop
  endfacet
  facet normal 0.0327281 -0.999464 0
    outer loop
      vertex 0 -36 7.62939e-07
      vertex 2.35451 -35.9229 14
      vertex 0 -36 14
    endloop
  endfacet
  facet normal 0.0327281 -0.999464 0
    outer loop
      vertex 2.35451 -35.9229 14
      vertex 0 -36 7.62939e-07
      vertex 2.35451 -35.9229 7.62939e-07
    endloop
  endfacet
  facet normal -0.93591 -0.35224 0
    outer loop
      vertex -33.2597 -13.7766 7.62939e-07
      vertex -34.0895 -11.5718 14
      vertex -34.0895 -11.5718 7.62939e-07
    endloop
  endfacet
  facet normal -0.93591 -0.35224 0
    outer loop
      vertex -34.0895 -11.5718 14
      vertex -33.2597 -13.7766 7.62939e-07
      vertex -33.2597 -13.7766 14
    endloop
  endfacet
  facet normal 0.227101 0.973871 -0
    outer loop
      vertex 9.31748 34.7733 7.62939e-07
      vertex 7.02325 35.3083 14
      vertex 9.31748 34.7733 14
    endloop
  endfacet
  facet normal 0.227101 0.973871 0
    outer loop
      vertex 7.02325 35.3083 14
      vertex 9.31748 34.7733 7.62939e-07
      vertex 7.02325 35.3083 7.62939e-07
    endloop
  endfacet
  facet normal -0.683615 -0.729843 0
    outer loop
      vertex -25.4558 -25.4558 7.62939e-07
      vertex -23.7365 -27.0662 14
      vertex -25.4558 -25.4558 14
    endloop
  endfacet
  facet normal -0.683615 -0.729843 -0
    outer loop
      vertex -23.7365 -27.0662 14
      vertex -25.4558 -25.4558 7.62939e-07
      vertex -23.7365 -27.0662 7.62939e-07
    endloop
  endfacet
  facet normal 0.986646 0.162877 0
    outer loop
      vertex 35.692 4.69894 14
      vertex 35.3083 7.02325 7.62939e-07
      vertex 35.3083 7.02325 14
    endloop
  endfacet
  facet normal 0.986646 0.162877 0
    outer loop
      vertex 35.3083 7.02325 7.62939e-07
      vertex 35.692 4.69894 14
      vertex 35.692 4.69894 7.62939e-07
    endloop
  endfacet
  facet normal -0.162877 0.986646 0
    outer loop
      vertex -4.69894 35.692 7.62939e-07
      vertex -7.02325 35.3083 14
      vertex -4.69894 35.692 14
    endloop
  endfacet
  facet normal -0.162877 0.986646 0
    outer loop
      vertex -7.02325 35.3083 14
      vertex -4.69894 35.692 7.62939e-07
      vertex -7.02325 35.3083 7.62939e-07
    endloop
  endfacet
  facet normal -0.412725 -0.910856 0
    outer loop
      vertex -15.9224 -32.2874 7.62939e-07
      vertex -13.7766 -33.2597 14
      vertex -15.9224 -32.2874 14
    endloop
  endfacet
  facet normal -0.412725 -0.910856 -0
    outer loop
      vertex -13.7766 -33.2597 14
      vertex -15.9224 -32.2874 7.62939e-07
      vertex -13.7766 -33.2597 7.62939e-07
    endloop
  endfacet
  facet normal -0.0980145 0.995185 0
    outer loop
      vertex -2.35451 35.9229 7.62939e-07
      vertex -4.69894 35.692 14
      vertex -2.35451 35.9229 14
    endloop
  endfacet
  facet normal -0.0980145 0.995185 0
    outer loop
      vertex -4.69894 35.692 14
      vertex -2.35451 35.9229 7.62939e-07
      vertex -4.69894 35.692 7.62939e-07
    endloop
  endfacet
  facet normal 0.999464 0.0327281 0
    outer loop
      vertex 36 0 14
      vertex 35.9229 2.35451 7.62939e-07
      vertex 35.9229 2.35451 14
    endloop
  endfacet
  facet normal 0.999464 0.0327281 0
    outer loop
      vertex 35.9229 2.35451 7.62939e-07
      vertex 36 0 14
      vertex 36 0 7.62939e-07
    endloop
  endfacet
  facet normal 0.412725 0.910856 -0
    outer loop
      vertex 15.9224 32.2874 7.62939e-07
      vertex 13.7766 33.2597 14
      vertex 15.9224 32.2874 14
    endloop
  endfacet
  facet normal 0.412725 0.910856 0
    outer loop
      vertex 13.7766 33.2597 14
      vertex 15.9224 32.2874 7.62939e-07
      vertex 13.7766 33.2597 7.62939e-07
    endloop
  endfacet
  facet normal 0.8492 -0.528071 0
    outer loop
      vertex 29.9329 -20.0005 14
      vertex 31.1769 -18 7.62939e-07
      vertex 31.1769 -18 14
    endloop
  endfacet
  facet normal 0.8492 -0.528071 0
    outer loop
      vertex 31.1769 -18 7.62939e-07
      vertex 29.9329 -20.0005 14
      vertex 29.9329 -20.0005 7.62939e-07
    endloop
  endfacet
  facet normal -0.8492 -0.528071 0
    outer loop
      vertex -29.9329 -20.0005 7.62939e-07
      vertex -31.1769 -18 14
      vertex -31.1769 -18 7.62939e-07
    endloop
  endfacet
  facet normal -0.8492 -0.528071 0
    outer loop
      vertex -31.1769 -18 14
      vertex -29.9329 -20.0005 7.62939e-07
      vertex -29.9329 -20.0005 14
    endloop
  endfacet
  facet normal -0.773018 0.634384 0
    outer loop
      vertex -28.5607 21.9154 7.62939e-07
      vertex -27.0662 23.7365 14
      vertex -27.0662 23.7365 7.62939e-07
    endloop
  endfacet
  facet normal -0.773018 0.634384 0
    outer loop
      vertex -27.0662 23.7365 14
      vertex -28.5607 21.9154 7.62939e-07
      vertex -28.5607 21.9154 14
    endloop
  endfacet
  facet normal -0.881921 0.471397 0
    outer loop
      vertex -32.2874 15.9224 7.62939e-07
      vertex -31.1769 18 14
      vertex -31.1769 18 7.62939e-07
    endloop
  endfacet
  facet normal -0.881921 0.471397 0
    outer loop
      vertex -31.1769 18 14
      vertex -32.2874 15.9224 7.62939e-07
      vertex -32.2874 15.9224 14
    endloop
  endfacet
  facet normal -0.986646 -0.162877 0
    outer loop
      vertex -35.3083 -7.02325 7.62939e-07
      vertex -35.692 -4.69894 14
      vertex -35.692 -4.69894 7.62939e-07
    endloop
  endfacet
  facet normal -0.986646 -0.162877 0
    outer loop
      vertex -35.692 -4.69894 14
      vertex -35.3083 -7.02325 7.62939e-07
      vertex -35.3083 -7.02325 14
    endloop
  endfacet
  facet normal -0.999464 -0.0327281 0
    outer loop
      vertex -35.9229 -2.35451 7.62939e-07
      vertex -36 0 14
      vertex -36 0 7.62939e-07
    endloop
  endfacet
  facet normal -0.999464 -0.0327281 0
    outer loop
      vertex -36 0 14
      vertex -35.9229 -2.35451 7.62939e-07
      vertex -35.9229 -2.35451 14
    endloop
  endfacet
  facet normal -0.773018 -0.634384 0
    outer loop
      vertex -27.0662 -23.7365 7.62939e-07
      vertex -28.5607 -21.9154 14
      vertex -28.5607 -21.9154 7.62939e-07
    endloop
  endfacet
  facet normal -0.773018 -0.634384 0
    outer loop
      vertex -28.5607 -21.9154 14
      vertex -27.0662 -23.7365 7.62939e-07
      vertex -27.0662 -23.7365 14
    endloop
  endfacet
  facet normal 0.634384 -0.773018 0
    outer loop
      vertex 21.9154 -28.5607 7.62939e-07
      vertex 23.7365 -27.0662 14
      vertex 21.9154 -28.5607 14
    endloop
  endfacet
  facet normal 0.634384 -0.773018 0
    outer loop
      vertex 23.7365 -27.0662 14
      vertex 21.9154 -28.5607 7.62939e-07
      vertex 23.7365 -27.0662 7.62939e-07
    endloop
  endfacet
  facet normal 0.683615 -0.729843 0
    outer loop
      vertex 23.7365 -27.0662 7.62939e-07
      vertex 25.4558 -25.4558 14
      vertex 23.7365 -27.0662 14
    endloop
  endfacet
  facet normal 0.683615 -0.729843 0
    outer loop
      vertex 25.4558 -25.4558 14
      vertex 23.7365 -27.0662 7.62939e-07
      vertex 25.4558 -25.4558 7.62939e-07
    endloop
  endfacet
  facet normal -0.35224 -0.93591 0
    outer loop
      vertex -13.7766 -33.2597 7.62939e-07
      vertex -11.5718 -34.0895 14
      vertex -13.7766 -33.2597 14
    endloop
  endfacet
  facet normal -0.35224 -0.93591 -0
    outer loop
      vertex -11.5718 -34.0895 14
      vertex -13.7766 -33.2597 7.62939e-07
      vertex -11.5718 -34.0895 7.62939e-07
    endloop
  endfacet
  facet normal -0.290269 -0.956945 0
    outer loop
      vertex -11.5718 -34.0895 7.62939e-07
      vertex -9.31748 -34.7733 14
      vertex -11.5718 -34.0895 14
    endloop
  endfacet
  facet normal -0.290269 -0.956945 -0
    outer loop
      vertex -9.31748 -34.7733 14
      vertex -11.5718 -34.0895 7.62939e-07
      vertex -9.31748 -34.7733 7.62939e-07
    endloop
  endfacet
  facet normal -0.471397 0.881921 0
    outer loop
      vertex -15.9224 32.2874 7.62939e-07
      vertex -18 31.1769 14
      vertex -15.9224 32.2874 14
    endloop
  endfacet
  facet normal -0.471397 0.881921 0
    outer loop
      vertex -18 31.1769 14
      vertex -15.9224 32.2874 7.62939e-07
      vertex -18 31.1769 7.62939e-07
    endloop
  endfacet
  facet normal 0.412725 -0.910856 0
    outer loop
      vertex 13.7766 -33.2597 7.62939e-07
      vertex 15.9224 -32.2874 14
      vertex 13.7766 -33.2597 14
    endloop
  endfacet
  facet normal 0.412725 -0.910856 0
    outer loop
      vertex 15.9224 -32.2874 14
      vertex 13.7766 -33.2597 7.62939e-07
      vertex 15.9224 -32.2874 7.62939e-07
    endloop
  endfacet
  facet normal 0.973871 -0.227101 0
    outer loop
      vertex 34.7733 -9.31748 14
      vertex 35.3083 -7.02325 7.62939e-07
      vertex 35.3083 -7.02325 14
    endloop
  endfacet
  facet normal 0.973871 -0.227101 0
    outer loop
      vertex 35.3083 -7.02325 7.62939e-07
      vertex 34.7733 -9.31748 14
      vertex 34.7733 -9.31748 7.62939e-07
    endloop
  endfacet
  facet normal -0.162877 -0.986646 0
    outer loop
      vertex -7.02325 -35.3083 7.62939e-07
      vertex -4.69894 -35.692 14
      vertex -7.02325 -35.3083 14
    endloop
  endfacet
  facet normal -0.162877 -0.986646 -0
    outer loop
      vertex -4.69894 -35.692 14
      vertex -7.02325 -35.3083 7.62939e-07
      vertex -4.69894 -35.692 7.62939e-07
    endloop
  endfacet
  facet normal -0.995185 -0.0980145 0
    outer loop
      vertex -35.692 -4.69894 7.62939e-07
      vertex -35.9229 -2.35451 14
      vertex -35.9229 -2.35451 7.62939e-07
    endloop
  endfacet
  facet normal -0.995185 -0.0980145 0
    outer loop
      vertex -35.9229 -2.35451 14
      vertex -35.692 -4.69894 7.62939e-07
      vertex -35.692 -4.69894 14
    endloop
  endfacet
  facet normal -0.729843 0.683615 0
    outer loop
      vertex -27.0662 23.7365 7.62939e-07
      vertex -25.4558 25.4558 14
      vertex -25.4558 25.4558 7.62939e-07
    endloop
  endfacet
  facet normal -0.729843 0.683615 0
    outer loop
      vertex -25.4558 25.4558 14
      vertex -27.0662 23.7365 7.62939e-07
      vertex -27.0662 23.7365 14
    endloop
  endfacet
  facet normal 0.729843 -0.683615 0
    outer loop
      vertex 25.4558 -25.4558 14
      vertex 27.0662 -23.7365 7.62939e-07
      vertex 27.0662 -23.7365 14
    endloop
  endfacet
  facet normal 0.729843 -0.683615 0
    outer loop
      vertex 27.0662 -23.7365 7.62939e-07
      vertex 25.4558 -25.4558 14
      vertex 25.4558 -25.4558 7.62939e-07
    endloop
  endfacet
  facet normal 0.956945 0.290269 0
    outer loop
      vertex 34.7733 9.31748 14
      vertex 34.0895 11.5718 7.62939e-07
      vertex 34.0895 11.5718 14
    endloop
  endfacet
  facet normal 0.956945 0.290269 0
    outer loop
      vertex 34.0895 11.5718 7.62939e-07
      vertex 34.7733 9.31748 14
      vertex 34.7733 9.31748 7.62939e-07
    endloop
  endfacet
  facet normal -0.227101 0.973871 0
    outer loop
      vertex -7.02325 35.3083 7.62939e-07
      vertex -9.31748 34.7733 14
      vertex -7.02325 35.3083 14
    endloop
  endfacet
  facet normal -0.227101 0.973871 0
    outer loop
      vertex -9.31748 34.7733 14
      vertex -7.02325 35.3083 7.62939e-07
      vertex -9.31748 34.7733 7.62939e-07
    endloop
  endfacet
  facet normal 0.773018 0.634384 0
    outer loop
      vertex 28.5607 21.9154 14
      vertex 27.0662 23.7365 7.62939e-07
      vertex 27.0662 23.7365 14
    endloop
  endfacet
  facet normal 0.773018 0.634384 0
    outer loop
      vertex 27.0662 23.7365 7.62939e-07
      vertex 28.5607 21.9154 14
      vertex 28.5607 21.9154 7.62939e-07
    endloop
  endfacet
  facet normal -0.528071 -0.8492 0
    outer loop
      vertex -20.0005 -29.9329 7.62939e-07
      vertex -18 -31.1769 14
      vertex -20.0005 -29.9329 14
    endloop
  endfacet
  facet normal -0.528071 -0.8492 -0
    outer loop
      vertex -18 -31.1769 14
      vertex -20.0005 -29.9329 7.62939e-07
      vertex -18 -31.1769 7.62939e-07
    endloop
  endfacet
  facet normal 0.0327281 0.999464 -0
    outer loop
      vertex 2.35451 35.9229 7.62939e-07
      vertex 0 36 14
      vertex 2.35451 35.9229 14
    endloop
  endfacet
  facet normal 0.0327281 0.999464 0
    outer loop
      vertex 0 36 14
      vertex 2.35451 35.9229 7.62939e-07
      vertex 0 36 7.62939e-07
    endloop
  endfacet
  facet normal -0.910856 0.412725 0
    outer loop
      vertex -33.2597 13.7766 7.62939e-07
      vertex -32.2874 15.9224 14
      vertex -32.2874 15.9224 7.62939e-07
    endloop
  endfacet
  facet normal -0.910856 0.412725 0
    outer loop
      vertex -32.2874 15.9224 14
      vertex -33.2597 13.7766 7.62939e-07
      vertex -33.2597 13.7766 14
    endloop
  endfacet
  facet normal -0.956945 0.290269 0
    outer loop
      vertex -34.7733 9.31748 7.62939e-07
      vertex -34.0895 11.5718 14
      vertex -34.0895 11.5718 7.62939e-07
    endloop
  endfacet
  facet normal -0.956945 0.290269 0
    outer loop
      vertex -34.0895 11.5718 14
      vertex -34.7733 9.31748 7.62939e-07
      vertex -34.7733 9.31748 14
    endloop
  endfacet
  facet normal -0.812846 0.582478 0
    outer loop
      vertex -29.9329 20.0005 7.62939e-07
      vertex -28.5607 21.9154 14
      vertex -28.5607 21.9154 7.62939e-07
    endloop
  endfacet
  facet normal -0.812846 0.582478 0
    outer loop
      vertex -28.5607 21.9154 14
      vertex -29.9329 20.0005 7.62939e-07
      vertex -29.9329 20.0005 14
    endloop
  endfacet
  facet normal -0.227101 -0.973871 0
    outer loop
      vertex -9.31748 -34.7733 7.62939e-07
      vertex -7.02325 -35.3083 14
      vertex -9.31748 -34.7733 14
    endloop
  endfacet
  facet normal -0.227101 -0.973871 -0
    outer loop
      vertex -7.02325 -35.3083 14
      vertex -9.31748 -34.7733 7.62939e-07
      vertex -7.02325 -35.3083 7.62939e-07
    endloop
  endfacet
  facet normal 0.995185 0.0980145 0
    outer loop
      vertex 35.9229 2.35451 14
      vertex 35.692 4.69894 7.62939e-07
      vertex 35.692 4.69894 14
    endloop
  endfacet
  facet normal 0.995185 0.0980145 0
    outer loop
      vertex 35.692 4.69894 7.62939e-07
      vertex 35.9229 2.35451 14
      vertex 35.9229 2.35451 7.62939e-07
    endloop
  endfacet
  facet normal -0.412725 0.910856 0
    outer loop
      vertex -13.7766 33.2597 7.62939e-07
      vertex -15.9224 32.2874 14
      vertex -13.7766 33.2597 14
    endloop
  endfacet
  facet normal -0.412725 0.910856 0
    outer loop
      vertex -15.9224 32.2874 14
      vertex -13.7766 33.2597 7.62939e-07
      vertex -15.9224 32.2874 7.62939e-07
    endloop
  endfacet
  facet normal 0.956945 -0.290269 0
    outer loop
      vertex 34.0895 -11.5718 14
      vertex 34.7733 -9.31748 7.62939e-07
      vertex 34.7733 -9.31748 14
    endloop
  endfacet
  facet normal 0.956945 -0.290269 0
    outer loop
      vertex 34.7733 -9.31748 7.62939e-07
      vertex 34.0895 -11.5718 14
      vertex 34.0895 -11.5718 7.62939e-07
    endloop
  endfacet
  facet normal 0.881921 -0.471397 0
    outer loop
      vertex 31.1769 -18 14
      vertex 32.2874 -15.9224 7.62939e-07
      vertex 32.2874 -15.9224 14
    endloop
  endfacet
  facet normal 0.881921 -0.471397 0
    outer loop
      vertex 32.2874 -15.9224 7.62939e-07
      vertex 31.1769 -18 14
      vertex 31.1769 -18 7.62939e-07
    endloop
  endfacet
  facet normal -0.582478 -0.812846 0
    outer loop
      vertex -21.9154 -28.5607 7.62939e-07
      vertex -20.0005 -29.9329 14
      vertex -21.9154 -28.5607 14
    endloop
  endfacet
  facet normal -0.582478 -0.812846 -0
    outer loop
      vertex -20.0005 -29.9329 14
      vertex -21.9154 -28.5607 7.62939e-07
      vertex -20.0005 -29.9329 7.62939e-07
    endloop
  endfacet
  facet normal -0.634384 0.773018 0
    outer loop
      vertex -21.9154 28.5607 7.62939e-07
      vertex -23.7365 27.0662 14
      vertex -21.9154 28.5607 14
    endloop
  endfacet
  facet normal -0.634384 0.773018 0
    outer loop
      vertex -23.7365 27.0662 14
      vertex -21.9154 28.5607 7.62939e-07
      vertex -23.7365 27.0662 7.62939e-07
    endloop
  endfacet
  facet normal -0.910856 -0.412725 0
    outer loop
      vertex -32.2874 -15.9224 7.62939e-07
      vertex -33.2597 -13.7766 14
      vertex -33.2597 -13.7766 7.62939e-07
    endloop
  endfacet
  facet normal -0.910856 -0.412725 0
    outer loop
      vertex -33.2597 -13.7766 14
      vertex -32.2874 -15.9224 7.62939e-07
      vertex -32.2874 -15.9224 14
    endloop
  endfacet
  facet normal 0.93591 -0.35224 0
    outer loop
      vertex 33.2597 -13.7766 14
      vertex 34.0895 -11.5718 7.62939e-07
      vertex 34.0895 -11.5718 14
    endloop
  endfacet
  facet normal 0.93591 -0.35224 0
    outer loop
      vertex 34.0895 -11.5718 7.62939e-07
      vertex 33.2597 -13.7766 14
      vertex 33.2597 -13.7766 7.62939e-07
    endloop
  endfacet
  facet normal 0.773018 -0.634384 0
    outer loop
      vertex 27.0662 -23.7365 14
      vertex 28.5607 -21.9154 7.62939e-07
      vertex 28.5607 -21.9154 14
    endloop
  endfacet
  facet normal 0.773018 -0.634384 0
    outer loop
      vertex 28.5607 -21.9154 7.62939e-07
      vertex 27.0662 -23.7365 14
      vertex 27.0662 -23.7365 7.62939e-07
    endloop
  endfacet
  facet normal -0.0327281 -0.999464 0
    outer loop
      vertex -2.35451 -35.9229 7.62939e-07
      vertex 0 -36 14
      vertex -2.35451 -35.9229 14
    endloop
  endfacet
  facet normal -0.0327281 -0.999464 -0
    outer loop
      vertex 0 -36 14
      vertex -2.35451 -35.9229 7.62939e-07
      vertex 0 -36 7.62939e-07
    endloop
  endfacet
  facet normal -0.973871 -0.227101 0
    outer loop
      vertex -34.7733 -9.31748 7.62939e-07
      vertex -35.3083 -7.02325 14
      vertex -35.3083 -7.02325 7.62939e-07
    endloop
  endfacet
  facet normal -0.973871 -0.227101 0
    outer loop
      vertex -35.3083 -7.02325 14
      vertex -34.7733 -9.31748 7.62939e-07
      vertex -34.7733 -9.31748 14
    endloop
  endfacet
  facet normal 0.582478 -0.812846 0
    outer loop
      vertex 20.0005 -29.9329 7.62939e-07
      vertex 21.9154 -28.5607 14
      vertex 20.0005 -29.9329 14
    endloop
  endfacet
  facet normal 0.582478 -0.812846 0
    outer loop
      vertex 21.9154 -28.5607 14
      vertex 20.0005 -29.9329 7.62939e-07
      vertex 21.9154 -28.5607 7.62939e-07
    endloop
  endfacet
  facet normal -0.999464 0.0327281 0
    outer loop
      vertex -36 0 7.62939e-07
      vertex -35.9229 2.35451 14
      vertex -35.9229 2.35451 7.62939e-07
    endloop
  endfacet
  facet normal -0.999464 0.0327281 0
    outer loop
      vertex -35.9229 2.35451 14
      vertex -36 0 7.62939e-07
      vertex -36 0 14
    endloop
  endfacet
  facet normal -0.956945 -0.290269 0
    outer loop
      vertex -34.0895 -11.5718 7.62939e-07
      vertex -34.7733 -9.31748 14
      vertex -34.7733 -9.31748 7.62939e-07
    endloop
  endfacet
  facet normal -0.956945 -0.290269 0
    outer loop
      vertex -34.7733 -9.31748 14
      vertex -34.0895 -11.5718 7.62939e-07
      vertex -34.0895 -11.5718 14
    endloop
  endfacet
  facet normal 0.8492 0.528071 0
    outer loop
      vertex 31.1769 18 14
      vertex 29.9329 20.0005 7.62939e-07
      vertex 29.9329 20.0005 14
    endloop
  endfacet
  facet normal 0.8492 0.528071 0
    outer loop
      vertex 29.9329 20.0005 7.62939e-07
      vertex 31.1769 18 14
      vertex 31.1769 18 7.62939e-07
    endloop
  endfacet
  facet normal 0.528071 0.8492 -0
    outer loop
      vertex 20.0005 29.9329 7.62939e-07
      vertex 18 31.1769 14
      vertex 20.0005 29.9329 14
    endloop
  endfacet
  facet normal 0.528071 0.8492 0
    outer loop
      vertex 18 31.1769 14
      vertex 20.0005 29.9329 7.62939e-07
      vertex 18 31.1769 7.62939e-07
    endloop
  endfacet
  facet normal -0.729843 -0.683615 0
    outer loop
      vertex -25.4558 -25.4558 7.62939e-07
      vertex -27.0662 -23.7365 14
      vertex -27.0662 -23.7365 7.62939e-07
    endloop
  endfacet
  facet normal -0.729843 -0.683615 0
    outer loop
      vertex -27.0662 -23.7365 14
      vertex -25.4558 -25.4558 7.62939e-07
      vertex -25.4558 -25.4558 14
    endloop
  endfacet
  facet normal 0.910856 -0.412725 0
    outer loop
      vertex 32.2874 -15.9224 14
      vertex 33.2597 -13.7766 7.62939e-07
      vertex 33.2597 -13.7766 14
    endloop
  endfacet
  facet normal 0.910856 -0.412725 0
    outer loop
      vertex 33.2597 -13.7766 7.62939e-07
      vertex 32.2874 -15.9224 14
      vertex 32.2874 -15.9224 7.62939e-07
    endloop
  endfacet
  facet normal 0.471397 0.881921 -0
    outer loop
      vertex 18 31.1769 7.62939e-07
      vertex 15.9224 32.2874 14
      vertex 18 31.1769 14
    endloop
  endfacet
  facet normal 0.471397 0.881921 0
    outer loop
      vertex 15.9224 32.2874 14
      vertex 18 31.1769 7.62939e-07
      vertex 15.9224 32.2874 7.62939e-07
    endloop
  endfacet
  facet normal 0.0980145 0.995185 -0
    outer loop
      vertex 4.69894 35.692 7.62939e-07
      vertex 2.35451 35.9229 14
      vertex 4.69894 35.692 14
    endloop
  endfacet
  facet normal 0.0980145 0.995185 0
    outer loop
      vertex 2.35451 35.9229 14
      vertex 4.69894 35.692 7.62939e-07
      vertex 2.35451 35.9229 7.62939e-07
    endloop
  endfacet
  facet normal 0.0980145 -0.995185 0
    outer loop
      vertex 2.35451 -35.9229 7.62939e-07
      vertex 4.69894 -35.692 14
      vertex 2.35451 -35.9229 14
    endloop
  endfacet
  facet normal 0.0980145 -0.995185 0
    outer loop
      vertex 4.69894 -35.692 14
      vertex 2.35451 -35.9229 7.62939e-07
      vertex 4.69894 -35.692 7.62939e-07
    endloop
  endfacet
  facet normal -0.471397 -0.881921 0
    outer loop
      vertex -18 -31.1769 7.62939e-07
      vertex -15.9224 -32.2874 14
      vertex -18 -31.1769 14
    endloop
  endfacet
  facet normal -0.471397 -0.881921 -0
    outer loop
      vertex -15.9224 -32.2874 14
      vertex -18 -31.1769 7.62939e-07
      vertex -15.9224 -32.2874 7.62939e-07
    endloop
  endfacet
  facet normal 0.812846 -0.582478 0
    outer loop
      vertex 28.5607 -21.9154 14
      vertex 29.9329 -20.0005 7.62939e-07
      vertex 29.9329 -20.0005 14
    endloop
  endfacet
  facet normal 0.812846 -0.582478 0
    outer loop
      vertex 29.9329 -20.0005 7.62939e-07
      vertex 28.5607 -21.9154 14
      vertex 28.5607 -21.9154 7.62939e-07
    endloop
  endfacet
  facet normal 0.729843 0.683615 0
    outer loop
      vertex 27.0662 23.7365 14
      vertex 25.4558 25.4558 7.62939e-07
      vertex 25.4558 25.4558 14
    endloop
  endfacet
  facet normal 0.729843 0.683615 0
    outer loop
      vertex 25.4558 25.4558 7.62939e-07
      vertex 27.0662 23.7365 14
      vertex 27.0662 23.7365 7.62939e-07
    endloop
  endfacet
  facet normal 0.973871 0.227101 0
    outer loop
      vertex 35.3083 7.02325 14
      vertex 34.7733 9.31748 7.62939e-07
      vertex 34.7733 9.31748 14
    endloop
  endfacet
  facet normal 0.973871 0.227101 0
    outer loop
      vertex 34.7733 9.31748 7.62939e-07
      vertex 35.3083 7.02325 14
      vertex 35.3083 7.02325 7.62939e-07
    endloop
  endfacet
  facet normal 0.881921 0.471397 0
    outer loop
      vertex 32.2874 15.9224 14
      vertex 31.1769 18 7.62939e-07
      vertex 31.1769 18 14
    endloop
  endfacet
  facet normal 0.881921 0.471397 0
    outer loop
      vertex 31.1769 18 7.62939e-07
      vertex 32.2874 15.9224 14
      vertex 32.2874 15.9224 7.62939e-07
    endloop
  endfacet
  facet normal -0.0980145 -0.995185 0
    outer loop
      vertex -4.69894 -35.692 7.62939e-07
      vertex -2.35451 -35.9229 14
      vertex -4.69894 -35.692 14
    endloop
  endfacet
  facet normal -0.0980145 -0.995185 -0
    outer loop
      vertex -2.35451 -35.9229 14
      vertex -4.69894 -35.692 7.62939e-07
      vertex -2.35451 -35.9229 7.62939e-07
    endloop
  endfacet
  facet normal 0.582478 0.812846 -0
    outer loop
      vertex 21.9154 28.5607 7.62939e-07
      vertex 20.0005 29.9329 14
      vertex 21.9154 28.5607 14
    endloop
  endfacet
  facet normal 0.582478 0.812846 0
    outer loop
      vertex 20.0005 29.9329 14
      vertex 21.9154 28.5607 7.62939e-07
      vertex 20.0005 29.9329 7.62939e-07
    endloop
  endfacet
  facet normal 0.471397 -0.881921 0
    outer loop
      vertex 15.9224 -32.2874 7.62939e-07
      vertex 18 -31.1769 14
      vertex 15.9224 -32.2874 14
    endloop
  endfacet
  facet normal 0.471397 -0.881921 0
    outer loop
      vertex 18 -31.1769 14
      vertex 15.9224 -32.2874 7.62939e-07
      vertex 18 -31.1769 7.62939e-07
    endloop
  endfacet
  facet normal 0.35224 -0.93591 0
    outer loop
      vertex 11.5718 -34.0895 7.62939e-07
      vertex 13.7766 -33.2597 14
      vertex 11.5718 -34.0895 14
    endloop
  endfacet
  facet normal 0.35224 -0.93591 0
    outer loop
      vertex 13.7766 -33.2597 14
      vertex 11.5718 -34.0895 7.62939e-07
      vertex 13.7766 -33.2597 7.62939e-07
    endloop
  endfacet
  facet normal -0.812846 -0.582478 0
    outer loop
      vertex -28.5607 -21.9154 7.62939e-07
      vertex -29.9329 -20.0005 14
      vertex -29.9329 -20.0005 7.62939e-07
    endloop
  endfacet
  facet normal -0.812846 -0.582478 0
    outer loop
      vertex -29.9329 -20.0005 14
      vertex -28.5607 -21.9154 7.62939e-07
      vertex -28.5607 -21.9154 14
    endloop
  endfacet
  facet normal 0.35224 0.93591 -0
    outer loop
      vertex 13.7766 33.2597 7.62939e-07
      vertex 11.5718 34.0895 14
      vertex 13.7766 33.2597 14
    endloop
  endfacet
  facet normal 0.35224 0.93591 0
    outer loop
      vertex 11.5718 34.0895 14
      vertex 13.7766 33.2597 7.62939e-07
      vertex 11.5718 34.0895 7.62939e-07
    endloop
  endfacet
  facet normal 0.986646 -0.162877 0
    outer loop
      vertex 35.3083 -7.02325 14
      vertex 35.692 -4.69894 7.62939e-07
      vertex 35.692 -4.69894 14
    endloop
  endfacet
  facet normal 0.986646 -0.162877 0
    outer loop
      vertex 35.692 -4.69894 7.62939e-07
      vertex 35.3083 -7.02325 14
      vertex 35.3083 -7.02325 7.62939e-07
    endloop
  endfacet
  facet normal 0.812846 0.582478 0
    outer loop
      vertex 29.9329 20.0005 14
      vertex 28.5607 21.9154 7.62939e-07
      vertex 28.5607 21.9154 14
    endloop
  endfacet
  facet normal 0.812846 0.582478 0
    outer loop
      vertex 28.5607 21.9154 7.62939e-07
      vertex 29.9329 20.0005 14
      vertex 29.9329 20.0005 7.62939e-07
    endloop
  endfacet
  facet normal 0.162877 -0.986646 0
    outer loop
      vertex 4.69894 -35.692 7.62939e-07
      vertex 7.02325 -35.3083 14
      vertex 4.69894 -35.692 14
    endloop
  endfacet
  facet normal 0.162877 -0.986646 0
    outer loop
      vertex 7.02325 -35.3083 14
      vertex 4.69894 -35.692 7.62939e-07
      vertex 7.02325 -35.3083 7.62939e-07
    endloop
  endfacet
  facet normal 0.528071 -0.8492 0
    outer loop
      vertex 18 -31.1769 7.62939e-07
      vertex 20.0005 -29.9329 14
      vertex 18 -31.1769 14
    endloop
  endfacet
  facet normal 0.528071 -0.8492 0
    outer loop
      vertex 20.0005 -29.9329 14
      vertex 18 -31.1769 7.62939e-07
      vertex 20.0005 -29.9329 7.62939e-07
    endloop
  endfacet
  facet normal 0.162877 0.986646 -0
    outer loop
      vertex 7.02325 35.3083 7.62939e-07
      vertex 4.69894 35.692 14
      vertex 7.02325 35.3083 14
    endloop
  endfacet
  facet normal 0.162877 0.986646 0
    outer loop
      vertex 4.69894 35.692 14
      vertex 7.02325 35.3083 7.62939e-07
      vertex 4.69894 35.692 7.62939e-07
    endloop
  endfacet
  facet normal -0.8492 0.528071 0
    outer loop
      vertex -31.1769 18 7.62939e-07
      vertex -29.9329 20.0005 14
      vertex -29.9329 20.0005 7.62939e-07
    endloop
  endfacet
  facet normal -0.8492 0.528071 0
    outer loop
      vertex -29.9329 20.0005 14
      vertex -31.1769 18 7.62939e-07
      vertex -31.1769 18 14
    endloop
  endfacet
  facet normal -0.986646 0.162877 0
    outer loop
      vertex -35.692 4.69894 7.62939e-07
      vertex -35.3083 7.02325 14
      vertex -35.3083 7.02325 7.62939e-07
    endloop
  endfacet
  facet normal -0.986646 0.162877 0
    outer loop
      vertex -35.3083 7.02325 14
      vertex -35.692 4.69894 7.62939e-07
      vertex -35.692 4.69894 14
    endloop
  endfacet
  facet normal 0.683615 0.729843 -0
    outer loop
      vertex 25.4558 25.4558 7.62939e-07
      vertex 23.7365 27.0662 14
      vertex 25.4558 25.4558 14
    endloop
  endfacet
  facet normal 0.683615 0.729843 0
    outer loop
      vertex 23.7365 27.0662 14
      vertex 25.4558 25.4558 7.62939e-07
      vertex 23.7365 27.0662 7.62939e-07
    endloop
  endfacet
  facet normal -0.0327281 0.999464 0
    outer loop
      vertex 0 36 7.62939e-07
      vertex -2.35451 35.9229 14
      vertex 0 36 14
    endloop
  endfacet
  facet normal -0.0327281 0.999464 0
    outer loop
      vertex -2.35451 35.9229 14
      vertex 0 36 7.62939e-07
      vertex -2.35451 35.9229 7.62939e-07
    endloop
  endfacet
  facet normal -0.995185 0.0980145 0
    outer loop
      vertex -35.9229 2.35451 7.62939e-07
      vertex -35.692 4.69894 14
      vertex -35.692 4.69894 7.62939e-07
    endloop
  endfacet
  facet normal -0.995185 0.0980145 0
    outer loop
      vertex -35.692 4.69894 14
      vertex -35.9229 2.35451 7.62939e-07
      vertex -35.9229 2.35451 14
    endloop
  endfacet
  facet normal -0.582478 0.812846 0
    outer loop
      vertex -20.0005 29.9329 7.62939e-07
      vertex -21.9154 28.5607 14
      vertex -20.0005 29.9329 14
    endloop
  endfacet
  facet normal -0.582478 0.812846 0
    outer loop
      vertex -21.9154 28.5607 14
      vertex -20.0005 29.9329 7.62939e-07
      vertex -21.9154 28.5607 7.62939e-07
    endloop
  endfacet
  facet normal 0.290269 -0.956945 0
    outer loop
      vertex 9.31748 -34.7733 7.62939e-07
      vertex 11.5718 -34.0895 14
      vertex 9.31748 -34.7733 14
    endloop
  endfacet
  facet normal 0.290269 -0.956945 0
    outer loop
      vertex 11.5718 -34.0895 14
      vertex 9.31748 -34.7733 7.62939e-07
      vertex 11.5718 -34.0895 7.62939e-07
    endloop
  endfacet
  facet normal 0.227101 -0.973871 0
    outer loop
      vertex 7.02325 -35.3083 7.62939e-07
      vertex 9.31748 -34.7733 14
      vertex 7.02325 -35.3083 14
    endloop
  endfacet
  facet normal 0.227101 -0.973871 0
    outer loop
      vertex 9.31748 -34.7733 14
      vertex 7.02325 -35.3083 7.62939e-07
      vertex 9.31748 -34.7733 7.62939e-07
    endloop
  endfacet
  facet normal -0.881921 -0.471397 0
    outer loop
      vertex -31.1769 -18 7.62939e-07
      vertex -32.2874 -15.9224 14
      vertex -32.2874 -15.9224 7.62939e-07
    endloop
  endfacet
  facet normal -0.881921 -0.471397 0
    outer loop
      vertex -32.2874 -15.9224 14
      vertex -31.1769 -18 7.62939e-07
      vertex -31.1769 -18 14
    endloop
  endfacet
  facet normal -0.528071 0.8492 0
    outer loop
      vertex -18 31.1769 7.62939e-07
      vertex -20.0005 29.9329 14
      vertex -18 31.1769 14
    endloop
  endfacet
  facet normal -0.528071 0.8492 0
    outer loop
      vertex -20.0005 29.9329 14
      vertex -18 31.1769 7.62939e-07
      vertex -20.0005 29.9329 7.62939e-07
    endloop
  endfacet
  facet normal -0.683615 0.729843 0
    outer loop
      vertex -23.7365 27.0662 7.62939e-07
      vertex -25.4558 25.4558 14
      vertex -23.7365 27.0662 14
    endloop
  endfacet
  facet normal -0.683615 0.729843 0
    outer loop
      vertex -25.4558 25.4558 14
      vertex -23.7365 27.0662 7.62939e-07
      vertex -25.4558 25.4558 7.62939e-07
    endloop
  endfacet
  facet normal -0.35224 0.93591 0
    outer loop
      vertex -11.5718 34.0895 7.62939e-07
      vertex -13.7766 33.2597 14
      vertex -11.5718 34.0895 14
    endloop
  endfacet
  facet normal -0.35224 0.93591 0
    outer loop
      vertex -13.7766 33.2597 14
      vertex -11.5718 34.0895 7.62939e-07
      vertex -13.7766 33.2597 7.62939e-07
    endloop
  endfacet
  facet normal -0.290269 0.956945 0
    outer loop
      vertex -9.31748 34.7733 7.62939e-07
      vertex -11.5718 34.0895 14
      vertex -9.31748 34.7733 14
    endloop
  endfacet
  facet normal -0.290269 0.956945 0
    outer loop
      vertex -11.5718 34.0895 14
      vertex -9.31748 34.7733 7.62939e-07
      vertex -11.5718 34.0895 7.62939e-07
    endloop
  endfacet
  facet normal 0.290269 0.956945 -0
    outer loop
      vertex 11.5718 34.0895 7.62939e-07
      vertex 9.31748 34.7733 14
      vertex 11.5718 34.0895 14
    endloop
  endfacet
  facet normal 0.290269 0.956945 0
    outer loop
      vertex 9.31748 34.7733 14
      vertex 11.5718 34.0895 7.62939e-07
      vertex 9.31748 34.7733 7.62939e-07
    endloop
  endfacet
  facet normal 0.910856 0.412725 0
    outer loop
      vertex 33.2597 13.7766 14
      vertex 32.2874 15.9224 7.62939e-07
      vertex 32.2874 15.9224 14
    endloop
  endfacet
  facet normal 0.910856 0.412725 0
    outer loop
      vertex 32.2874 15.9224 7.62939e-07
      vertex 33.2597 13.7766 14
      vertex 33.2597 13.7766 7.62939e-07
    endloop
  endfacet
  facet normal -0.634384 -0.773018 0
    outer loop
      vertex -23.7365 -27.0662 7.62939e-07
      vertex -21.9154 -28.5607 14
      vertex -23.7365 -27.0662 14
    endloop
  endfacet
  facet normal -0.634384 -0.773018 -0
    outer loop
      vertex -21.9154 -28.5607 14
      vertex -23.7365 -27.0662 7.62939e-07
      vertex -21.9154 -28.5607 7.62939e-07
    endloop
  endfacet
  facet normal 0.93591 0.35224 0
    outer loop
      vertex 34.0895 11.5718 14
      vertex 33.2597 13.7766 7.62939e-07
      vertex 33.2597 13.7766 14
    endloop
  endfacet
  facet normal 0.93591 0.35224 0
    outer loop
      vertex 33.2597 13.7766 7.62939e-07
      vertex 34.0895 11.5718 14
      vertex 34.0895 11.5718 7.62939e-07
    endloop
  endfacet
  facet normal 0 0 1
    outer loop
      vertex 34 0 14
      vertex 36 0 14
      vertex 35.9229 2.35451 14
    endloop
  endfacet
  facet normal 0 0 1
    outer loop
      vertex 33.9272 2.22371 14
      vertex 35.9229 2.35451 14
      vertex 35.692 4.69894 14
    endloop
  endfacet
  facet normal 0 0 1
    outer loop
      vertex 36 0 14
      vertex 34 0 14
      vertex 35.9229 -2.35451 14
    endloop
  endfacet
  facet normal 0 0 1
    outer loop
      vertex 33.7091 4.43789 14
      vertex 35.692 4.69894 14
      vertex 35.3083 7.02325 14
    endloop
  endfacet
  facet normal -0 0 1
    outer loop
      vertex 33.9272 -2.22371 14
      vertex 35.9229 -2.35451 14
      vertex 34 0 14
    endloop
  endfacet
  facet normal 0 0 1
    outer loop
      vertex 33.3467 6.63307 14
      vertex 35.3083 7.02325 14
      vertex 34.7733 9.31748 14
    endloop
  endfacet
  facet normal 0 0 1
    outer loop
      vertex 35.9229 -2.35451 14
      vertex 33.9272 -2.22371 14
      vertex 35.692 -4.69894 14
    endloop
  endfacet
  facet normal 0 0 1
    outer loop
      vertex 32.8415 8.79985 14
      vertex 34.7733 9.31748 14
      vertex 34.0895 11.5718 14
    endloop
  endfacet
  facet normal -0 0 1
    outer loop
      vertex 33.7091 -4.43789 14
      vertex 35.692 -4.69894 14
      vertex 33.9272 -2.22371 14
    endloop
  endfacet
  facet normal 0 0 1
    outer loop
      vertex 35.692 -4.69894 14
      vertex 33.7091 -4.43789 14
      vertex 35.3083 -7.02325 14
    endloop
  endfacet
  facet normal 0 0 1
    outer loop
      vertex 35.9229 2.35451 14
      vertex 33.9272 2.22371 14
      vertex 34 0 14
    endloop
  endfacet
  facet normal 0 0 1
    outer loop
      vertex 35.692 4.69894 14
      vertex 33.7091 4.43789 14
      vertex 33.9272 2.22371 14
    endloop
  endfacet
  facet normal 0 0 1
    outer loop
      vertex 35.3083 7.02325 14
      vertex 33.3467 6.63307 14
      vertex 33.7091 4.43789 14
    endloop
  endfacet
  facet normal 0 0 1
    outer loop
      vertex 32.1956 10.9289 14
      vertex 34.0895 11.5718 14
      vertex 33.2597 13.7766 14
    endloop
  endfacet
  facet normal 0 0 1
    outer loop
      vertex 34.7733 9.31748 14
      vertex 32.8415 8.79985 14
      vertex 33.3467 6.63307 14
    endloop
  endfacet
  facet normal 0 0 1
    outer loop
      vertex 31.4119 13.0112 14
      vertex 33.2597 13.7766 14
      vertex 32.2874 15.9224 14
    endloop
  endfacet
  facet normal 0 0 1
    outer loop
      vertex 34.0895 11.5718 14
      vertex 32.1956 10.9289 14
      vertex 32.8415 8.79985 14
    endloop
  endfacet
  facet normal 0 0 1
    outer loop
      vertex 33.2597 13.7766 14
      vertex 31.4119 13.0112 14
      vertex 32.1956 10.9289 14
    endloop
  endfacet
  facet normal 0 0 1
    outer loop
      vertex 30.4937 15.0378 14
      vertex 32.2874 15.9224 14
      vertex 31.1769 18 14
    endloop
  endfacet
  facet normal 0 0 1
    outer loop
      vertex 32.2874 15.9224 14
      vertex 30.4937 15.0378 14
      vertex 31.4119 13.0112 14
    endloop
  endfacet
  facet normal 0 0 1
    outer loop
      vertex 29.4449 17 14
      vertex 31.1769 18 14
      vertex 29.9329 20.0005 14
    endloop
  endfacet
  facet normal 0 0 1
    outer loop
      vertex 31.1769 18 14
      vertex 29.4449 17 14
      vertex 30.4937 15.0378 14
    endloop
  endfacet
  facet normal 0 0 1
    outer loop
      vertex 28.27 18.8894 14
      vertex 29.9329 20.0005 14
      vertex 28.5607 21.9154 14
    endloop
  endfacet
  facet normal 0 0 1
    outer loop
      vertex 29.9329 20.0005 14
      vertex 28.27 18.8894 14
      vertex 29.4449 17 14
    endloop
  endfacet
  facet normal 0 0 1
    outer loop
      vertex 26.974 20.6979 14
      vertex 28.5607 21.9154 14
      vertex 27.0662 23.7365 14
    endloop
  endfacet
  facet normal 0 0 1
    outer loop
      vertex 28.5607 21.9154 14
      vertex 26.974 20.6979 14
      vertex 28.27 18.8894 14
    endloop
  endfacet
  facet normal 0 0 1
    outer loop
      vertex 27.0662 23.7365 14
      vertex 25.5626 22.4178 14
      vertex 26.974 20.6979 14
    endloop
  endfacet
  facet normal 0 0 1
    outer loop
      vertex 25.4558 25.4558 14
      vertex 25.5626 22.4178 14
      vertex 27.0662 23.7365 14
    endloop
  endfacet
  facet normal 0 0 1
    outer loop
      vertex 25.4558 25.4558 14
      vertex 24.0416 24.0416 14
      vertex 25.5626 22.4178 14
    endloop
  endfacet
  facet normal 0 0 1
    outer loop
      vertex 23.7365 27.0662 14
      vertex 24.0416 24.0416 14
      vertex 25.4558 25.4558 14
    endloop
  endfacet
  facet normal 0 0 1
    outer loop
      vertex 23.7365 27.0662 14
      vertex 22.4178 25.5626 14
      vertex 24.0416 24.0416 14
    endloop
  endfacet
  facet normal 0 0 1
    outer loop
      vertex 21.9154 28.5607 14
      vertex 22.4178 25.5626 14
      vertex 23.7365 27.0662 14
    endloop
  endfacet
  facet normal 0 0 1
    outer loop
      vertex 21.9154 28.5607 14
      vertex 20.6979 26.974 14
      vertex 22.4178 25.5626 14
    endloop
  endfacet
  facet normal 0 0 1
    outer loop
      vertex 20.0005 29.9329 14
      vertex 20.6979 26.974 14
      vertex 21.9154 28.5607 14
    endloop
  endfacet
  facet normal 0 0 1
    outer loop
      vertex 20.0005 29.9329 14
      vertex 18.8894 28.27 14
      vertex 20.6979 26.974 14
    endloop
  endfacet
  facet normal 0 0 1
    outer loop
      vertex 18 31.1769 14
      vertex 18.8894 28.27 14
      vertex 20.0005 29.9329 14
    endloop
  endfacet
  facet normal 0 0 1
    outer loop
      vertex 18 31.1769 14
      vertex 17 29.4449 14
      vertex 18.8894 28.27 14
    endloop
  endfacet
  facet normal 0 0 1
    outer loop
      vertex 15.9224 32.2874 14
      vertex 17 29.4449 14
      vertex 18 31.1769 14
    endloop
  endfacet
  facet normal 0 0 1
    outer loop
      vertex 15.9224 32.2874 14
      vertex 15.0378 30.4937 14
      vertex 17 29.4449 14
    endloop
  endfacet
  facet normal 0 0 1
    outer loop
      vertex 13.7766 33.2597 14
      vertex 15.0378 30.4937 14
      vertex 15.9224 32.2874 14
    endloop
  endfacet
  facet normal 0 0 1
    outer loop
      vertex 13.7766 33.2597 14
      vertex 13.0112 31.4119 14
      vertex 15.0378 30.4937 14
    endloop
  endfacet
  facet normal 0 0 1
    outer loop
      vertex 11.5718 34.0895 14
      vertex 13.0112 31.4119 14
      vertex 13.7766 33.2597 14
    endloop
  endfacet
  facet normal 0 0 1
    outer loop
      vertex 11.5718 34.0895 14
      vertex 10.9289 32.1956 14
      vertex 13.0112 31.4119 14
    endloop
  endfacet
  facet normal 0 0 1
    outer loop
      vertex 9.31748 34.7733 14
      vertex 10.9289 32.1956 14
      vertex 11.5718 34.0895 14
    endloop
  endfacet
  facet normal 0 0 1
    outer loop
      vertex 9.31748 34.7733 14
      vertex 8.79985 32.8415 14
      vertex 10.9289 32.1956 14
    endloop
  endfacet
  facet normal 0 0 1
    outer loop
      vertex 7.02325 35.3083 14
      vertex 8.79985 32.8415 14
      vertex 9.31748 34.7733 14
    endloop
  endfacet
  facet normal 0 0 1
    outer loop
      vertex 7.02325 35.3083 14
      vertex 6.63307 33.3467 14
      vertex 8.79985 32.8415 14
    endloop
  endfacet
  facet normal 0 0 1
    outer loop
      vertex 4.69894 35.692 14
      vertex 6.63307 33.3467 14
      vertex 7.02325 35.3083 14
    endloop
  endfacet
  facet normal 0 0 1
    outer loop
      vertex 4.69894 35.692 14
      vertex 4.43789 33.7091 14
      vertex 6.63307 33.3467 14
    endloop
  endfacet
  facet normal 0 0 1
    outer loop
      vertex 2.35451 35.9229 14
      vertex 4.43789 33.7091 14
      vertex 4.69894 35.692 14
    endloop
  endfacet
  facet normal 0 0 1
    outer loop
      vertex 2.35451 35.9229 14
      vertex 2.22371 33.9272 14
      vertex 4.43789 33.7091 14
    endloop
  endfacet
  facet normal 0 0 1
    outer loop
      vertex 0 36 14
      vertex 2.22371 33.9272 14
      vertex 2.35451 35.9229 14
    endloop
  endfacet
  facet normal 0 0 1
    outer loop
      vertex 0 36 14
      vertex 0 34 14
      vertex 2.22371 33.9272 14
    endloop
  endfacet
  facet normal 0 0 1
    outer loop
      vertex 0 36 14
      vertex -2.22371 33.9272 14
      vertex 0 34 14
    endloop
  endfacet
  facet normal -0 0 1
    outer loop
      vertex -2.35451 35.9229 14
      vertex -2.22371 33.9272 14
      vertex 0 36 14
    endloop
  endfacet
  facet normal 0 0 1
    outer loop
      vertex -2.35451 35.9229 14
      vertex -4.43789 33.7091 14
      vertex -2.22371 33.9272 14
    endloop
  endfacet
  facet normal -0 0 1
    outer loop
      vertex -4.69894 35.692 14
      vertex -4.43789 33.7091 14
      vertex -2.35451 35.9229 14
    endloop
  endfacet
  facet normal 0 0 1
    outer loop
      vertex -4.69894 35.692 14
      vertex -6.63307 33.3467 14
      vertex -4.43789 33.7091 14
    endloop
  endfacet
  facet normal -0 0 1
    outer loop
      vertex -7.02325 35.3083 14
      vertex -6.63307 33.3467 14
      vertex -4.69894 35.692 14
    endloop
  endfacet
  facet normal 0 0 1
    outer loop
      vertex -7.02325 35.3083 14
      vertex -8.79985 32.8415 14
      vertex -6.63307 33.3467 14
    endloop
  endfacet
  facet normal -0 0 1
    outer loop
      vertex -9.31748 34.7733 14
      vertex -8.79985 32.8415 14
      vertex -7.02325 35.3083 14
    endloop
  endfacet
  facet normal 0 0 1
    outer loop
      vertex -9.31748 34.7733 14
      vertex -10.9289 32.1956 14
      vertex -8.79985 32.8415 14
    endloop
  endfacet
  facet normal -0 0 1
    outer loop
      vertex -11.5718 34.0895 14
      vertex -10.9289 32.1956 14
      vertex -9.31748 34.7733 14
    endloop
  endfacet
  facet normal 0 0 1
    outer loop
      vertex -11.5718 34.0895 14
      vertex -13.0112 31.4119 14
      vertex -10.9289 32.1956 14
    endloop
  endfacet
  facet normal -0 0 1
    outer loop
      vertex -13.7766 33.2597 14
      vertex -13.0112 31.4119 14
      vertex -11.5718 34.0895 14
    endloop
  endfacet
  facet normal 0 0 1
    outer loop
      vertex -13.7766 33.2597 14
      vertex -15.0378 30.4937 14
      vertex -13.0112 31.4119 14
    endloop
  endfacet
  facet normal -0 0 1
    outer loop
      vertex -15.9224 32.2874 14
      vertex -15.0378 30.4937 14
      vertex -13.7766 33.2597 14
    endloop
  endfacet
  facet normal 0 0 1
    outer loop
      vertex -15.9224 32.2874 14
      vertex -17 29.4449 14
      vertex -15.0378 30.4937 14
    endloop
  endfacet
  facet normal -0 0 1
    outer loop
      vertex -18 31.1769 14
      vertex -17 29.4449 14
      vertex -15.9224 32.2874 14
    endloop
  endfacet
  facet normal 0 0 1
    outer loop
      vertex -18 31.1769 14
      vertex -18.8894 28.27 14
      vertex -17 29.4449 14
    endloop
  endfacet
  facet normal -0 0 1
    outer loop
      vertex -20.0005 29.9329 14
      vertex -18.8894 28.27 14
      vertex -18 31.1769 14
    endloop
  endfacet
  facet normal 0 0 1
    outer loop
      vertex -20.0005 29.9329 14
      vertex -20.6979 26.974 14
      vertex -18.8894 28.27 14
    endloop
  endfacet
  facet normal -0 0 1
    outer loop
      vertex -21.9154 28.5607 14
      vertex -20.6979 26.974 14
      vertex -20.0005 29.9329 14
    endloop
  endfacet
  facet normal 0 0 1
    outer loop
      vertex -21.9154 28.5607 14
      vertex -22.4178 25.5626 14
      vertex -20.6979 26.974 14
    endloop
  endfacet
  facet normal -0 0 1
    outer loop
      vertex -23.7365 27.0662 14
      vertex -22.4178 25.5626 14
      vertex -21.9154 28.5607 14
    endloop
  endfacet
  facet normal 0 0 1
    outer loop
      vertex -23.7365 27.0662 14
      vertex -24.0416 24.0416 14
      vertex -22.4178 25.5626 14
    endloop
  endfacet
  facet normal -0 0 1
    outer loop
      vertex -25.4558 25.4558 14
      vertex -24.0416 24.0416 14
      vertex -23.7365 27.0662 14
    endloop
  endfacet
  facet normal 0 0 1
    outer loop
      vertex -25.4558 25.4558 14
      vertex -25.5626 22.4178 14
      vertex -24.0416 24.0416 14
    endloop
  endfacet
  facet normal -0 0 1
    outer loop
      vertex -27.0662 23.7365 14
      vertex -25.5626 22.4178 14
      vertex -25.4558 25.4558 14
    endloop
  endfacet
  facet normal 0 0 1
    outer loop
      vertex -25.5626 22.4178 14
      vertex -27.0662 23.7365 14
      vertex -26.974 20.6979 14
    endloop
  endfacet
  facet normal -0 0 1
    outer loop
      vertex -28.5607 21.9154 14
      vertex -26.974 20.6979 14
      vertex -27.0662 23.7365 14
    endloop
  endfacet
  facet normal 0 0 1
    outer loop
      vertex -26.974 20.6979 14
      vertex -28.5607 21.9154 14
      vertex -28.27 18.8894 14
    endloop
  endfacet
  facet normal -0 0 1
    outer loop
      vertex -29.9329 20.0005 14
      vertex -28.27 18.8894 14
      vertex -28.5607 21.9154 14
    endloop
  endfacet
  facet normal 0 0 1
    outer loop
      vertex -28.27 18.8894 14
      vertex -29.9329 20.0005 14
      vertex -29.4449 17 14
    endloop
  endfacet
  facet normal -0 0 1
    outer loop
      vertex -31.1769 18 14
      vertex -29.4449 17 14
      vertex -29.9329 20.0005 14
    endloop
  endfacet
  facet normal 0 0 1
    outer loop
      vertex -29.4449 17 14
      vertex -31.1769 18 14
      vertex -30.4937 15.0378 14
    endloop
  endfacet
  facet normal -0 0 1
    outer loop
      vertex -32.2874 15.9224 14
      vertex -30.4937 15.0378 14
      vertex -31.1769 18 14
    endloop
  endfacet
  facet normal 0 0 1
    outer loop
      vertex -30.4937 15.0378 14
      vertex -32.2874 15.9224 14
      vertex -31.4119 13.0112 14
    endloop
  endfacet
  facet normal -0 0 1
    outer loop
      vertex -33.2597 13.7766 14
      vertex -31.4119 13.0112 14
      vertex -32.2874 15.9224 14
    endloop
  endfacet
  facet normal 0 0 1
    outer loop
      vertex -31.4119 13.0112 14
      vertex -33.2597 13.7766 14
      vertex -32.1956 10.9289 14
    endloop
  endfacet
  facet normal -0 0 1
    outer loop
      vertex -34.0895 11.5718 14
      vertex -32.1956 10.9289 14
      vertex -33.2597 13.7766 14
    endloop
  endfacet
  facet normal 0 0 1
    outer loop
      vertex -32.1956 10.9289 14
      vertex -34.0895 11.5718 14
      vertex -32.8415 8.79985 14
    endloop
  endfacet
  facet normal -0 0 1
    outer loop
      vertex -34.7733 9.31748 14
      vertex -32.8415 8.79985 14
      vertex -34.0895 11.5718 14
    endloop
  endfacet
  facet normal 0 0 1
    outer loop
      vertex -32.8415 8.79985 14
      vertex -34.7733 9.31748 14
      vertex -33.3467 6.63307 14
    endloop
  endfacet
  facet normal 0 0 1
    outer loop
      vertex -33.3467 6.63307 14
      vertex -35.3083 7.02325 14
      vertex -33.7091 4.43789 14
    endloop
  endfacet
  facet normal -0 0 1
    outer loop
      vertex -35.3083 7.02325 14
      vertex -33.3467 6.63307 14
      vertex -34.7733 9.31748 14
    endloop
  endfacet
  facet normal -0 0 1
    outer loop
      vertex 33.3467 -6.63307 14
      vertex 35.3083 -7.02325 14
      vertex 33.7091 -4.43789 14
    endloop
  endfacet
  facet normal 0 0 1
    outer loop
      vertex 35.3083 -7.02325 14
      vertex 33.3467 -6.63307 14
      vertex 34.7733 -9.31748 14
    endloop
  endfacet
  facet normal -0 0 1
    outer loop
      vertex 32.8415 -8.79985 14
      vertex 34.7733 -9.31748 14
      vertex 33.3467 -6.63307 14
    endloop
  endfacet
  facet normal 0 0 1
    outer loop
      vertex 34.7733 -9.31748 14
      vertex 32.8415 -8.79985 14
      vertex 34.0895 -11.5718 14
    endloop
  endfacet
  facet normal -0 0 1
    outer loop
      vertex 32.1956 -10.9289 14
      vertex 34.0895 -11.5718 14
      vertex 32.8415 -8.79985 14
    endloop
  endfacet
  facet normal 0 0 1
    outer loop
      vertex 34.0895 -11.5718 14
      vertex 32.1956 -10.9289 14
      vertex 33.2597 -13.7766 14
    endloop
  endfacet
  facet normal -0 0 1
    outer loop
      vertex 31.4119 -13.0112 14
      vertex 33.2597 -13.7766 14
      vertex 32.1956 -10.9289 14
    endloop
  endfacet
  facet normal 0 0 1
    outer loop
      vertex 33.2597 -13.7766 14
      vertex 31.4119 -13.0112 14
      vertex 32.2874 -15.9224 14
    endloop
  endfacet
  facet normal -0 0 1
    outer loop
      vertex 30.4937 -15.0378 14
      vertex 32.2874 -15.9224 14
      vertex 31.4119 -13.0112 14
    endloop
  endfacet
  facet normal 0 0 1
    outer loop
      vertex 32.2874 -15.9224 14
      vertex 30.4937 -15.0378 14
      vertex 31.1769 -18 14
    endloop
  endfacet
  facet normal -0 0 1
    outer loop
      vertex 29.4449 -17 14
      vertex 31.1769 -18 14
      vertex 30.4937 -15.0378 14
    endloop
  endfacet
  facet normal 0 0 1
    outer loop
      vertex 31.1769 -18 14
      vertex 29.4449 -17 14
      vertex 29.9329 -20.0005 14
    endloop
  endfacet
  facet normal -0 0 1
    outer loop
      vertex 28.27 -18.8894 14
      vertex 29.9329 -20.0005 14
      vertex 29.4449 -17 14
    endloop
  endfacet
  facet normal 0 0 1
    outer loop
      vertex 29.9329 -20.0005 14
      vertex 28.27 -18.8894 14
      vertex 28.5607 -21.9154 14
    endloop
  endfacet
  facet normal -0 0 1
    outer loop
      vertex 26.974 -20.6979 14
      vertex 28.5607 -21.9154 14
      vertex 28.27 -18.8894 14
    endloop
  endfacet
  facet normal 0 0 1
    outer loop
      vertex 28.5607 -21.9154 14
      vertex 26.974 -20.6979 14
      vertex 27.0662 -23.7365 14
    endloop
  endfacet
  facet normal -0 0 1
    outer loop
      vertex 25.5626 -22.4178 14
      vertex 27.0662 -23.7365 14
      vertex 26.974 -20.6979 14
    endloop
  endfacet
  facet normal 0 0 1
    outer loop
      vertex 25.5626 -22.4178 14
      vertex 25.4558 -25.4558 14
      vertex 27.0662 -23.7365 14
    endloop
  endfacet
  facet normal -0 0 1
    outer loop
      vertex 24.0416 -24.0416 14
      vertex 25.4558 -25.4558 14
      vertex 25.5626 -22.4178 14
    endloop
  endfacet
  facet normal 0 0 1
    outer loop
      vertex 24.0416 -24.0416 14
      vertex 23.7365 -27.0662 14
      vertex 25.4558 -25.4558 14
    endloop
  endfacet
  facet normal -0 0 1
    outer loop
      vertex 22.4178 -25.5626 14
      vertex 23.7365 -27.0662 14
      vertex 24.0416 -24.0416 14
    endloop
  endfacet
  facet normal 0 0 1
    outer loop
      vertex 22.4178 -25.5626 14
      vertex 21.9154 -28.5607 14
      vertex 23.7365 -27.0662 14
    endloop
  endfacet
  facet normal -0 0 1
    outer loop
      vertex 20.6979 -26.974 14
      vertex 21.9154 -28.5607 14
      vertex 22.4178 -25.5626 14
    endloop
  endfacet
  facet normal 0 0 1
    outer loop
      vertex 20.6979 -26.974 14
      vertex 20.0005 -29.9329 14
      vertex 21.9154 -28.5607 14
    endloop
  endfacet
  facet normal -0 0 1
    outer loop
      vertex 18.8894 -28.27 14
      vertex 20.0005 -29.9329 14
      vertex 20.6979 -26.974 14
    endloop
  endfacet
  facet normal 0 0 1
    outer loop
      vertex 18.8894 -28.27 14
      vertex 18 -31.1769 14
      vertex 20.0005 -29.9329 14
    endloop
  endfacet
  facet normal -0 0 1
    outer loop
      vertex 17 -29.4449 14
      vertex 18 -31.1769 14
      vertex 18.8894 -28.27 14
    endloop
  endfacet
  facet normal 0 0 1
    outer loop
      vertex 17 -29.4449 14
      vertex 15.9224 -32.2874 14
      vertex 18 -31.1769 14
    endloop
  endfacet
  facet normal -0 0 1
    outer loop
      vertex 15.0378 -30.4937 14
      vertex 15.9224 -32.2874 14
      vertex 17 -29.4449 14
    endloop
  endfacet
  facet normal 0 0 1
    outer loop
      vertex 15.0378 -30.4937 14
      vertex 13.7766 -33.2597 14
      vertex 15.9224 -32.2874 14
    endloop
  endfacet
  facet normal -0 0 1
    outer loop
      vertex 13.0112 -31.4119 14
      vertex 13.7766 -33.2597 14
      vertex 15.0378 -30.4937 14
    endloop
  endfacet
  facet normal 0 0 1
    outer loop
      vertex 13.0112 -31.4119 14
      vertex 11.5718 -34.0895 14
      vertex 13.7766 -33.2597 14
    endloop
  endfacet
  facet normal -0 0 1
    outer loop
      vertex 10.9289 -32.1956 14
      vertex 11.5718 -34.0895 14
      vertex 13.0112 -31.4119 14
    endloop
  endfacet
  facet normal 0 0 1
    outer loop
      vertex 10.9289 -32.1956 14
      vertex 9.31748 -34.7733 14
      vertex 11.5718 -34.0895 14
    endloop
  endfacet
  facet normal -0 0 1
    outer loop
      vertex 8.79985 -32.8415 14
      vertex 9.31748 -34.7733 14
      vertex 10.9289 -32.1956 14
    endloop
  endfacet
  facet normal 0 0 1
    outer loop
      vertex 8.79985 -32.8415 14
      vertex 7.02325 -35.3083 14
      vertex 9.31748 -34.7733 14
    endloop
  endfacet
  facet normal -0 0 1
    outer loop
      vertex 6.63307 -33.3467 14
      vertex 7.02325 -35.3083 14
      vertex 8.79985 -32.8415 14
    endloop
  endfacet
  facet normal 0 0 1
    outer loop
      vertex 6.63307 -33.3467 14
      vertex 4.69894 -35.692 14
      vertex 7.02325 -35.3083 14
    endloop
  endfacet
  facet normal -0 0 1
    outer loop
      vertex 4.43789 -33.7091 14
      vertex 4.69894 -35.692 14
      vertex 6.63307 -33.3467 14
    endloop
  endfacet
  facet normal 0 0 1
    outer loop
      vertex 4.43789 -33.7091 14
      vertex 2.35451 -35.9229 14
      vertex 4.69894 -35.692 14
    endloop
  endfacet
  facet normal -0 0 1
    outer loop
      vertex 2.22371 -33.9272 14
      vertex 2.35451 -35.9229 14
      vertex 4.43789 -33.7091 14
    endloop
  endfacet
  facet normal -0 0 1
    outer loop
      vertex 0 -34 14
      vertex 2.35451 -35.9229 14
      vertex 2.22371 -33.9272 14
    endloop
  endfacet
  facet normal 0 0 1
    outer loop
      vertex 0 -34 14
      vertex 0 -36 14
      vertex 2.35451 -35.9229 14
    endloop
  endfacet
  facet normal 0 0 1
    outer loop
      vertex -2.22371 -33.9272 14
      vertex 0 -36 14
      vertex 0 -34 14
    endloop
  endfacet
  facet normal 0 0 1
    outer loop
      vertex -2.22371 -33.9272 14
      vertex -2.35451 -35.9229 14
      vertex 0 -36 14
    endloop
  endfacet
  facet normal 0 0 1
    outer loop
      vertex -4.43789 -33.7091 14
      vertex -2.35451 -35.9229 14
      vertex -2.22371 -33.9272 14
    endloop
  endfacet
  facet normal 0 0 1
    outer loop
      vertex -4.43789 -33.7091 14
      vertex -4.69894 -35.692 14
      vertex -2.35451 -35.9229 14
    endloop
  endfacet
  facet normal 0 0 1
    outer loop
      vertex -6.63307 -33.3467 14
      vertex -4.69894 -35.692 14
      vertex -4.43789 -33.7091 14
    endloop
  endfacet
  facet normal 0 0 1
    outer loop
      vertex -6.63307 -33.3467 14
      vertex -7.02325 -35.3083 14
      vertex -4.69894 -35.692 14
    endloop
  endfacet
  facet normal 0 0 1
    outer loop
      vertex -8.79985 -32.8415 14
      vertex -7.02325 -35.3083 14
      vertex -6.63307 -33.3467 14
    endloop
  endfacet
  facet normal 0 0 1
    outer loop
      vertex -8.79985 -32.8415 14
      vertex -9.31748 -34.7733 14
      vertex -7.02325 -35.3083 14
    endloop
  endfacet
  facet normal 0 0 1
    outer loop
      vertex -10.9289 -32.1956 14
      vertex -9.31748 -34.7733 14
      vertex -8.79985 -32.8415 14
    endloop
  endfacet
  facet normal 0 0 1
    outer loop
      vertex -10.9289 -32.1956 14
      vertex -11.5718 -34.0895 14
      vertex -9.31748 -34.7733 14
    endloop
  endfacet
  facet normal 0 0 1
    outer loop
      vertex -13.0112 -31.4119 14
      vertex -11.5718 -34.0895 14
      vertex -10.9289 -32.1956 14
    endloop
  endfacet
  facet normal 0 0 1
    outer loop
      vertex -13.0112 -31.4119 14
      vertex -13.7766 -33.2597 14
      vertex -11.5718 -34.0895 14
    endloop
  endfacet
  facet normal 0 0 1
    outer loop
      vertex -15.0378 -30.4937 14
      vertex -13.7766 -33.2597 14
      vertex -13.0112 -31.4119 14
    endloop
  endfacet
  facet normal 0 0 1
    outer loop
      vertex -15.0378 -30.4937 14
      vertex -15.9224 -32.2874 14
      vertex -13.7766 -33.2597 14
    endloop
  endfacet
  facet normal 0 0 1
    outer loop
      vertex -17 -29.4449 14
      vertex -15.9224 -32.2874 14
      vertex -15.0378 -30.4937 14
    endloop
  endfacet
  facet normal 0 0 1
    outer loop
      vertex -17 -29.4449 14
      vertex -18 -31.1769 14
      vertex -15.9224 -32.2874 14
    endloop
  endfacet
  facet normal 0 0 1
    outer loop
      vertex -18.8894 -28.27 14
      vertex -18 -31.1769 14
      vertex -17 -29.4449 14
    endloop
  endfacet
  facet normal 0 0 1
    outer loop
      vertex -18.8894 -28.27 14
      vertex -20.0005 -29.9329 14
      vertex -18 -31.1769 14
    endloop
  endfacet
  facet normal 0 0 1
    outer loop
      vertex -20.6979 -26.974 14
      vertex -20.0005 -29.9329 14
      vertex -18.8894 -28.27 14
    endloop
  endfacet
  facet normal 0 0 1
    outer loop
      vertex -20.6979 -26.974 14
      vertex -21.9154 -28.5607 14
      vertex -20.0005 -29.9329 14
    endloop
  endfacet
  facet normal 0 0 1
    outer loop
      vertex -22.4178 -25.5626 14
      vertex -21.9154 -28.5607 14
      vertex -20.6979 -26.974 14
    endloop
  endfacet
  facet normal 0 0 1
    outer loop
      vertex -22.4178 -25.5626 14
      vertex -23.7365 -27.0662 14
      vertex -21.9154 -28.5607 14
    endloop
  endfacet
  facet normal 0 0 1
    outer loop
      vertex -24.0416 -24.0416 14
      vertex -23.7365 -27.0662 14
      vertex -22.4178 -25.5626 14
    endloop
  endfacet
  facet normal 0 0 1
    outer loop
      vertex -24.0416 -24.0416 14
      vertex -25.4558 -25.4558 14
      vertex -23.7365 -27.0662 14
    endloop
  endfacet
  facet normal 0 0 1
    outer loop
      vertex -25.5626 -22.4178 14
      vertex -25.4558 -25.4558 14
      vertex -24.0416 -24.0416 14
    endloop
  endfacet
  facet normal 0 0 1
    outer loop
      vertex -27.0662 -23.7365 14
      vertex -25.5626 -22.4178 14
      vertex -26.974 -20.6979 14
    endloop
  endfacet
  facet normal 0 0 1
    outer loop
      vertex -25.5626 -22.4178 14
      vertex -27.0662 -23.7365 14
      vertex -25.4558 -25.4558 14
    endloop
  endfacet
  facet normal 0 0 1
    outer loop
      vertex -28.5607 -21.9154 14
      vertex -26.974 -20.6979 14
      vertex -28.27 -18.8894 14
    endloop
  endfacet
  facet normal 0 0 1
    outer loop
      vertex -26.974 -20.6979 14
      vertex -28.5607 -21.9154 14
      vertex -27.0662 -23.7365 14
    endloop
  endfacet
  facet normal 0 0 1
    outer loop
      vertex -29.9329 -20.0005 14
      vertex -28.27 -18.8894 14
      vertex -29.4449 -17 14
    endloop
  endfacet
  facet normal 0 0 1
    outer loop
      vertex -28.27 -18.8894 14
      vertex -29.9329 -20.0005 14
      vertex -28.5607 -21.9154 14
    endloop
  endfacet
  facet normal 0 0 1
    outer loop
      vertex -31.1769 -18 14
      vertex -29.4449 -17 14
      vertex -30.4937 -15.0378 14
    endloop
  endfacet
  facet normal 0 0 1
    outer loop
      vertex -29.4449 -17 14
      vertex -31.1769 -18 14
      vertex -29.9329 -20.0005 14
    endloop
  endfacet
  facet normal 0 0 1
    outer loop
      vertex -32.2874 -15.9224 14
      vertex -30.4937 -15.0378 14
      vertex -31.4119 -13.0112 14
    endloop
  endfacet
  facet normal 0 0 1
    outer loop
      vertex -33.2597 -13.7766 14
      vertex -31.4119 -13.0112 14
      vertex -32.1956 -10.9289 14
    endloop
  endfacet
  facet normal 0 0 1
    outer loop
      vertex -30.4937 -15.0378 14
      vertex -32.2874 -15.9224 14
      vertex -31.1769 -18 14
    endloop
  endfacet
  facet normal 0 0 1
    outer loop
      vertex -34.0895 -11.5718 14
      vertex -32.1956 -10.9289 14
      vertex -32.8415 -8.79985 14
    endloop
  endfacet
  facet normal 0 0 1
    outer loop
      vertex -31.4119 -13.0112 14
      vertex -33.2597 -13.7766 14
      vertex -32.2874 -15.9224 14
    endloop
  endfacet
  facet normal 0 0 1
    outer loop
      vertex -34.7733 -9.31748 14
      vertex -32.8415 -8.79985 14
      vertex -33.3467 -6.63307 14
    endloop
  endfacet
  facet normal 0 0 1
    outer loop
      vertex -35.3083 -7.02325 14
      vertex -33.3467 -6.63307 14
      vertex -33.7091 -4.43789 14
    endloop
  endfacet
  facet normal 0 0 1
    outer loop
      vertex -35.692 -4.69894 14
      vertex -33.7091 -4.43789 14
      vertex -33.9272 -2.22371 14
    endloop
  endfacet
  facet normal 0 0 1
    outer loop
      vertex -32.1956 -10.9289 14
      vertex -34.0895 -11.5718 14
      vertex -33.2597 -13.7766 14
    endloop
  endfacet
  facet normal 0 0 1
    outer loop
      vertex -35.9229 -2.35451 14
      vertex -33.9272 -2.22371 14
      vertex -34 0 14
    endloop
  endfacet
  facet normal -0 0 1
    outer loop
      vertex -35.692 4.69894 14
      vertex -33.7091 4.43789 14
      vertex -35.3083 7.02325 14
    endloop
  endfacet
  facet normal 0 0 1
    outer loop
      vertex -33.7091 4.43789 14
      vertex -35.692 4.69894 14
      vertex -33.9272 2.22371 14
    endloop
  endfacet
  facet normal 0 0 1
    outer loop
      vertex -32.8415 -8.79985 14
      vertex -34.7733 -9.31748 14
      vertex -34.0895 -11.5718 14
    endloop
  endfacet
  facet normal -0 0 1
    outer loop
      vertex -35.9229 2.35451 14
      vertex -33.9272 2.22371 14
      vertex -35.692 4.69894 14
    endloop
  endfacet
  facet normal 0 0 1
    outer loop
      vertex -33.3467 -6.63307 14
      vertex -35.3083 -7.02325 14
      vertex -34.7733 -9.31748 14
    endloop
  endfacet
  facet normal 0 0 1
    outer loop
      vertex -33.9272 2.22371 14
      vertex -35.9229 2.35451 14
      vertex -34 0 14
    endloop
  endfacet
  facet normal 0 0 1
    outer loop
      vertex -33.7091 -4.43789 14
      vertex -35.692 -4.69894 14
      vertex -35.3083 -7.02325 14
    endloop
  endfacet
  facet normal 0 0 1
    outer loop
      vertex -36 0 14
      vertex -34 0 14
      vertex -35.9229 2.35451 14
    endloop
  endfacet
  facet normal 0 0 1
    outer loop
      vertex -33.9272 -2.22371 14
      vertex -35.9229 -2.35451 14
      vertex -35.692 -4.69894 14
    endloop
  endfacet
  facet normal 0 0 1
    outer loop
      vertex -34 0 14
      vertex -36 0 14
      vertex -35.9229 -2.35451 14
    endloop
  endfacet
  facet normal -0.995184 0.0980271 0
    outer loop
      vertex 33.7091 -4.43789 4
      vertex 33.9272 -2.22371 14
      vertex 33.9272 -2.22371 4
    endloop
  endfacet
  facet normal -0.995184 0.0980271 0
    outer loop
      vertex 33.9272 -2.22371 14
      vertex 33.7091 -4.43789 4
      vertex 33.7091 -4.43789 14
    endloop
  endfacet
  facet normal -0.999465 0.0327206 0
    outer loop
      vertex 33.9272 -2.22371 4
      vertex 34 0 14
      vertex 34 0 4
    endloop
  endfacet
  facet normal -0.999465 0.0327206 0
    outer loop
      vertex 34 0 14
      vertex 33.9272 -2.22371 4
      vertex 33.9272 -2.22371 14
    endloop
  endfacet
  facet normal -0.986645 0.162884 0
    outer loop
      vertex 33.3467 -6.63307 4
      vertex 33.7091 -4.43789 14
      vertex 33.7091 -4.43789 4
    endloop
  endfacet
  facet normal -0.986645 0.162884 0
    outer loop
      vertex 33.7091 -4.43789 14
      vertex 33.3467 -6.63307 4
      vertex 33.3467 -6.63307 14
    endloop
  endfacet
  facet normal -0.849203 0.528066 0
    outer loop
      vertex 28.27 -18.8894 4
      vertex 29.4449 -17 14
      vertex 29.4449 -17 4
    endloop
  endfacet
  facet normal -0.849203 0.528066 0
    outer loop
      vertex 29.4449 -17 14
      vertex 28.27 -18.8894 4
      vertex 28.27 -18.8894 14
    endloop
  endfacet
  facet normal 0.683627 0.729831 -0
    outer loop
      vertex -22.4178 -25.5626 4
      vertex -24.0416 -24.0416 14
      vertex -22.4178 -25.5626 14
    endloop
  endfacet
  facet normal 0.683627 0.729831 0
    outer loop
      vertex -24.0416 -24.0416 14
      vertex -22.4178 -25.5626 4
      vertex -24.0416 -24.0416 4
    endloop
  endfacet
  facet normal -0.528066 0.849203 0
    outer loop
      vertex 18.8894 -28.27 4
      vertex 17 -29.4449 14
      vertex 18.8894 -28.27 14
    endloop
  endfacet
  facet normal -0.528066 0.849203 0
    outer loop
      vertex 17 -29.4449 14
      vertex 18.8894 -28.27 4
      vertex 17 -29.4449 4
    endloop
  endfacet
  facet normal -0.352241 0.935909 0
    outer loop
      vertex 13.0112 -31.4119 4
      vertex 10.9289 -32.1956 14
      vertex 13.0112 -31.4119 14
    endloop
  endfacet
  facet normal -0.352241 0.935909 0
    outer loop
      vertex 10.9289 -32.1956 14
      vertex 13.0112 -31.4119 4
      vertex 10.9289 -32.1956 4
    endloop
  endfacet
  facet normal -0.935909 0.352241 0
    outer loop
      vertex 31.4119 -13.0112 4
      vertex 32.1956 -10.9289 14
      vertex 32.1956 -10.9289 4
    endloop
  endfacet
  facet normal -0.935909 0.352241 0
    outer loop
      vertex 32.1956 -10.9289 14
      vertex 31.4119 -13.0112 4
      vertex 31.4119 -13.0112 14
    endloop
  endfacet
  facet normal -0.973879 0.227067 0
    outer loop
      vertex 32.8415 -8.79985 4
      vertex 33.3467 -6.63307 14
      vertex 33.3467 -6.63307 4
    endloop
  endfacet
  facet normal -0.973879 0.227067 0
    outer loop
      vertex 33.3467 -6.63307 14
      vertex 32.8415 -8.79985 4
      vertex 32.8415 -8.79985 14
    endloop
  endfacet
  facet normal -0.471391 0.881925 0
    outer loop
      vertex 17 -29.4449 4
      vertex 15.0378 -30.4937 14
      vertex 17 -29.4449 14
    endloop
  endfacet
  facet normal -0.471391 0.881925 0
    outer loop
      vertex 15.0378 -30.4937 14
      vertex 17 -29.4449 4
      vertex 15.0378 -30.4937 4
    endloop
  endfacet
  facet normal -0.910871 0.412692 0
    outer loop
      vertex 30.4937 -15.0378 4
      vertex 31.4119 -13.0112 14
      vertex 31.4119 -13.0112 4
    endloop
  endfacet
  facet normal -0.910871 0.412692 0
    outer loop
      vertex 31.4119 -13.0112 14
      vertex 30.4937 -15.0378 4
      vertex 30.4937 -15.0378 14
    endloop
  endfacet
  facet normal 0.63437 0.773029 -0
    outer loop
      vertex -20.6979 -26.974 4
      vertex -22.4178 -25.5626 14
      vertex -20.6979 -26.974 14
    endloop
  endfacet
  facet normal 0.63437 0.773029 0
    outer loop
      vertex -22.4178 -25.5626 14
      vertex -20.6979 -26.974 4
      vertex -22.4178 -25.5626 4
    endloop
  endfacet
  facet normal -0.683627 -0.729831 0
    outer loop
      vertex 22.4178 25.5626 4
      vertex 24.0416 24.0416 14
      vertex 22.4178 25.5626 14
    endloop
  endfacet
  facet normal -0.683627 -0.729831 -0
    outer loop
      vertex 24.0416 24.0416 14
      vertex 22.4178 25.5626 4
      vertex 24.0416 24.0416 4
    endloop
  endfacet
  facet normal -0.995184 -0.0980271 0
    outer loop
      vertex 33.9272 2.22371 4
      vertex 33.7091 4.43789 14
      vertex 33.7091 4.43789 4
    endloop
  endfacet
  facet normal -0.995184 -0.0980271 0
    outer loop
      vertex 33.7091 4.43789 14
      vertex 33.9272 2.22371 4
      vertex 33.9272 2.22371 14
    endloop
  endfacet
  facet normal 0.812837 -0.582492 0
    outer loop
      vertex -28.27 18.8894 14
      vertex -26.974 20.6979 4
      vertex -26.974 20.6979 14
    endloop
  endfacet
  facet normal 0.812837 -0.582492 0
    outer loop
      vertex -26.974 20.6979 4
      vertex -28.27 18.8894 14
      vertex -28.27 18.8894 4
    endloop
  endfacet
  facet normal -0.0980271 -0.995184 0
    outer loop
      vertex 2.22371 33.9272 4
      vertex 4.43789 33.7091 14
      vertex 2.22371 33.9272 14
    endloop
  endfacet
  facet normal -0.0980271 -0.995184 -0
    outer loop
      vertex 4.43789 33.7091 14
      vertex 2.22371 33.9272 4
      vertex 4.43789 33.7091 4
    endloop
  endfacet
  facet normal -0.773029 0.63437 0
    outer loop
      vertex 25.5626 -22.4178 4
      vertex 26.974 -20.6979 14
      vertex 26.974 -20.6979 4
    endloop
  endfacet
  facet normal -0.773029 0.63437 0
    outer loop
      vertex 26.974 -20.6979 14
      vertex 25.5626 -22.4178 4
      vertex 25.5626 -22.4178 14
    endloop
  endfacet
  facet normal -0.729831 -0.683627 0
    outer loop
      vertex 25.5626 22.4178 4
      vertex 24.0416 24.0416 14
      vertex 24.0416 24.0416 4
    endloop
  endfacet
  facet normal -0.729831 -0.683627 0
    outer loop
      vertex 24.0416 24.0416 14
      vertex 25.5626 22.4178 4
      vertex 25.5626 22.4178 14
    endloop
  endfacet
  facet normal 0.729831 0.683627 0
    outer loop
      vertex -24.0416 -24.0416 14
      vertex -25.5626 -22.4178 4
      vertex -25.5626 -22.4178 14
    endloop
  endfacet
  facet normal 0.729831 0.683627 0
    outer loop
      vertex -25.5626 -22.4178 4
      vertex -24.0416 -24.0416 14
      vertex -24.0416 -24.0416 4
    endloop
  endfacet
  facet normal 0.995184 -0.0980271 0
    outer loop
      vertex -33.9272 2.22371 14
      vertex -33.7091 4.43789 4
      vertex -33.7091 4.43789 14
    endloop
  endfacet
  facet normal 0.995184 -0.0980271 0
    outer loop
      vertex -33.7091 4.43789 4
      vertex -33.9272 2.22371 14
      vertex -33.9272 2.22371 4
    endloop
  endfacet
  facet normal -0.956933 0.290309 0
    outer loop
      vertex 32.1956 -10.9289 4
      vertex 32.8415 -8.79985 14
      vertex 32.8415 -8.79985 4
    endloop
  endfacet
  facet normal -0.956933 0.290309 0
    outer loop
      vertex 32.8415 -8.79985 14
      vertex 32.1956 -10.9289 4
      vertex 32.1956 -10.9289 14
    endloop
  endfacet
  facet normal -0.773029 -0.63437 0
    outer loop
      vertex 26.974 20.6979 4
      vertex 25.5626 22.4178 14
      vertex 25.5626 22.4178 4
    endloop
  endfacet
  facet normal -0.773029 -0.63437 0
    outer loop
      vertex 25.5626 22.4178 14
      vertex 26.974 20.6979 4
      vertex 26.974 20.6979 14
    endloop
  endfacet
  facet normal 0.999465 -0.0327206 0
    outer loop
      vertex -34 0 14
      vertex -33.9272 2.22371 4
      vertex -33.9272 2.22371 14
    endloop
  endfacet
  facet normal 0.999465 -0.0327206 0
    outer loop
      vertex -33.9272 2.22371 4
      vertex -34 0 14
      vertex -34 0 4
    endloop
  endfacet
  facet normal 0.683627 -0.729831 0
    outer loop
      vertex -24.0416 24.0416 4
      vertex -22.4178 25.5626 14
      vertex -24.0416 24.0416 14
    endloop
  endfacet
  facet normal 0.683627 -0.729831 0
    outer loop
      vertex -22.4178 25.5626 14
      vertex -24.0416 24.0416 4
      vertex -22.4178 25.5626 4
    endloop
  endfacet
  facet normal 0.986645 -0.162884 0
    outer loop
      vertex -33.7091 4.43789 14
      vertex -33.3467 6.63307 4
      vertex -33.3467 6.63307 14
    endloop
  endfacet
  facet normal 0.986645 -0.162884 0
    outer loop
      vertex -33.3467 6.63307 4
      vertex -33.7091 4.43789 14
      vertex -33.7091 4.43789 4
    endloop
  endfacet
  facet normal 0.881925 -0.471391 0
    outer loop
      vertex -30.4937 15.0378 14
      vertex -29.4449 17 4
      vertex -29.4449 17 14
    endloop
  endfacet
  facet normal 0.881925 -0.471391 0
    outer loop
      vertex -29.4449 17 4
      vertex -30.4937 15.0378 14
      vertex -30.4937 15.0378 4
    endloop
  endfacet
  facet normal 0.935909 -0.352241 0
    outer loop
      vertex -32.1956 10.9289 14
      vertex -31.4119 13.0112 4
      vertex -31.4119 13.0112 14
    endloop
  endfacet
  facet normal 0.935909 -0.352241 0
    outer loop
      vertex -31.4119 13.0112 4
      vertex -32.1956 10.9289 14
      vertex -32.1956 10.9289 4
    endloop
  endfacet
  facet normal -0.63437 0.773029 0
    outer loop
      vertex 22.4178 -25.5626 4
      vertex 20.6979 -26.974 14
      vertex 22.4178 -25.5626 14
    endloop
  endfacet
  facet normal -0.63437 0.773029 0
    outer loop
      vertex 20.6979 -26.974 14
      vertex 22.4178 -25.5626 4
      vertex 20.6979 -26.974 4
    endloop
  endfacet
  facet normal -0.471391 -0.881925 0
    outer loop
      vertex 15.0378 30.4937 4
      vertex 17 29.4449 14
      vertex 15.0378 30.4937 14
    endloop
  endfacet
  facet normal -0.471391 -0.881925 -0
    outer loop
      vertex 17 29.4449 14
      vertex 15.0378 30.4937 4
      vertex 17 29.4449 4
    endloop
  endfacet
  facet normal 0.973879 -0.227067 0
    outer loop
      vertex -33.3467 6.63307 14
      vertex -32.8415 8.79985 4
      vertex -32.8415 8.79985 14
    endloop
  endfacet
  facet normal 0.973879 -0.227067 0
    outer loop
      vertex -32.8415 8.79985 4
      vertex -33.3467 6.63307 14
      vertex -33.3467 6.63307 4
    endloop
  endfacet
  facet normal 0.412692 0.910871 -0
    outer loop
      vertex -13.0112 -31.4119 4
      vertex -15.0378 -30.4937 14
      vertex -13.0112 -31.4119 14
    endloop
  endfacet
  facet normal 0.412692 0.910871 0
    outer loop
      vertex -15.0378 -30.4937 14
      vertex -13.0112 -31.4119 4
      vertex -15.0378 -30.4937 4
    endloop
  endfacet
  facet normal 0.729831 -0.683627 0
    outer loop
      vertex -25.5626 22.4178 14
      vertex -24.0416 24.0416 4
      vertex -24.0416 24.0416 14
    endloop
  endfacet
  facet normal 0.729831 -0.683627 0
    outer loop
      vertex -24.0416 24.0416 4
      vertex -25.5626 22.4178 14
      vertex -25.5626 22.4178 4
    endloop
  endfacet
  facet normal 0.935909 0.352241 0
    outer loop
      vertex -31.4119 -13.0112 14
      vertex -32.1956 -10.9289 4
      vertex -32.1956 -10.9289 14
    endloop
  endfacet
  facet normal 0.935909 0.352241 0
    outer loop
      vertex -32.1956 -10.9289 4
      vertex -31.4119 -13.0112 14
      vertex -31.4119 -13.0112 4
    endloop
  endfacet
  facet normal -0.0327206 -0.999465 0
    outer loop
      vertex 0 34 4
      vertex 2.22371 33.9272 14
      vertex 0 34 14
    endloop
  endfacet
  facet normal -0.0327206 -0.999465 -0
    outer loop
      vertex 2.22371 33.9272 14
      vertex 0 34 4
      vertex 2.22371 33.9272 4
    endloop
  endfacet
  facet normal -0.986645 -0.162884 0
    outer loop
      vertex 33.7091 4.43789 4
      vertex 33.3467 6.63307 14
      vertex 33.3467 6.63307 4
    endloop
  endfacet
  facet normal -0.986645 -0.162884 0
    outer loop
      vertex 33.3467 6.63307 14
      vertex 33.7091 4.43789 4
      vertex 33.7091 4.43789 14
    endloop
  endfacet
  facet normal 0.290309 -0.956933 0
    outer loop
      vertex -10.9289 32.1956 4
      vertex -8.79985 32.8415 14
      vertex -10.9289 32.1956 14
    endloop
  endfacet
  facet normal 0.290309 -0.956933 0
    outer loop
      vertex -8.79985 32.8415 14
      vertex -10.9289 32.1956 4
      vertex -8.79985 32.8415 4
    endloop
  endfacet
  facet normal -0.352241 -0.935909 0
    outer loop
      vertex 10.9289 32.1956 4
      vertex 13.0112 31.4119 14
      vertex 10.9289 32.1956 14
    endloop
  endfacet
  facet normal -0.352241 -0.935909 -0
    outer loop
      vertex 13.0112 31.4119 14
      vertex 10.9289 32.1956 4
      vertex 13.0112 31.4119 4
    endloop
  endfacet
  facet normal -0.412692 -0.910871 0
    outer loop
      vertex 13.0112 31.4119 4
      vertex 15.0378 30.4937 14
      vertex 13.0112 31.4119 14
    endloop
  endfacet
  facet normal -0.412692 -0.910871 -0
    outer loop
      vertex 15.0378 30.4937 14
      vertex 13.0112 31.4119 4
      vertex 15.0378 30.4937 4
    endloop
  endfacet
  facet normal 0.227067 0.973879 -0
    outer loop
      vertex -6.63307 -33.3467 4
      vertex -8.79985 -32.8415 14
      vertex -6.63307 -33.3467 14
    endloop
  endfacet
  facet normal 0.227067 0.973879 0
    outer loop
      vertex -8.79985 -32.8415 14
      vertex -6.63307 -33.3467 4
      vertex -8.79985 -32.8415 4
    endloop
  endfacet
  facet normal 0.582492 0.812837 -0
    outer loop
      vertex -18.8894 -28.27 4
      vertex -20.6979 -26.974 14
      vertex -18.8894 -28.27 14
    endloop
  endfacet
  facet normal 0.582492 0.812837 0
    outer loop
      vertex -20.6979 -26.974 14
      vertex -18.8894 -28.27 4
      vertex -20.6979 -26.974 4
    endloop
  endfacet
  facet normal -0.881925 0.471391 0
    outer loop
      vertex 29.4449 -17 4
      vertex 30.4937 -15.0378 14
      vertex 30.4937 -15.0378 4
    endloop
  endfacet
  facet normal -0.881925 0.471391 0
    outer loop
      vertex 30.4937 -15.0378 14
      vertex 29.4449 -17 4
      vertex 29.4449 -17 14
    endloop
  endfacet
  facet normal 0.0980271 -0.995184 0
    outer loop
      vertex -4.43789 33.7091 4
      vertex -2.22371 33.9272 14
      vertex -4.43789 33.7091 14
    endloop
  endfacet
  facet normal 0.0980271 -0.995184 0
    outer loop
      vertex -2.22371 33.9272 14
      vertex -4.43789 33.7091 4
      vertex -2.22371 33.9272 4
    endloop
  endfacet
  facet normal -0.812837 0.582492 0
    outer loop
      vertex 26.974 -20.6979 4
      vertex 28.27 -18.8894 14
      vertex 28.27 -18.8894 4
    endloop
  endfacet
  facet normal -0.812837 0.582492 0
    outer loop
      vertex 28.27 -18.8894 14
      vertex 26.974 -20.6979 4
      vertex 26.974 -20.6979 14
    endloop
  endfacet
  facet normal -0.683627 0.729831 0
    outer loop
      vertex 24.0416 -24.0416 4
      vertex 22.4178 -25.5626 14
      vertex 24.0416 -24.0416 14
    endloop
  endfacet
  facet normal -0.683627 0.729831 0
    outer loop
      vertex 22.4178 -25.5626 14
      vertex 24.0416 -24.0416 4
      vertex 22.4178 -25.5626 4
    endloop
  endfacet
  facet normal -0.0327206 0.999465 0
    outer loop
      vertex 2.22371 -33.9272 4
      vertex 0 -34 14
      vertex 2.22371 -33.9272 14
    endloop
  endfacet
  facet normal -0.0327206 0.999465 0
    outer loop
      vertex 0 -34 14
      vertex 2.22371 -33.9272 4
      vertex 0 -34 4
    endloop
  endfacet
  facet normal 0.471391 -0.881925 0
    outer loop
      vertex -17 29.4449 4
      vertex -15.0378 30.4937 14
      vertex -17 29.4449 14
    endloop
  endfacet
  facet normal 0.471391 -0.881925 0
    outer loop
      vertex -15.0378 30.4937 14
      vertex -17 29.4449 4
      vertex -15.0378 30.4937 4
    endloop
  endfacet
  facet normal -0.227067 -0.973879 0
    outer loop
      vertex 6.63307 33.3467 4
      vertex 8.79985 32.8415 14
      vertex 6.63307 33.3467 14
    endloop
  endfacet
  facet normal -0.227067 -0.973879 -0
    outer loop
      vertex 8.79985 32.8415 14
      vertex 6.63307 33.3467 4
      vertex 8.79985 32.8415 4
    endloop
  endfacet
  facet normal 0.0327206 -0.999465 0
    outer loop
      vertex -2.22371 33.9272 4
      vertex 0 34 14
      vertex -2.22371 33.9272 14
    endloop
  endfacet
  facet normal 0.0327206 -0.999465 0
    outer loop
      vertex 0 34 14
      vertex -2.22371 33.9272 4
      vertex 0 34 4
    endloop
  endfacet
  facet normal -0.528066 -0.849203 0
    outer loop
      vertex 17 29.4449 4
      vertex 18.8894 28.27 14
      vertex 17 29.4449 14
    endloop
  endfacet
  facet normal -0.528066 -0.849203 -0
    outer loop
      vertex 18.8894 28.27 14
      vertex 17 29.4449 4
      vertex 18.8894 28.27 4
    endloop
  endfacet
  facet normal 0.881925 0.471391 0
    outer loop
      vertex -29.4449 -17 14
      vertex -30.4937 -15.0378 4
      vertex -30.4937 -15.0378 14
    endloop
  endfacet
  facet normal 0.881925 0.471391 0
    outer loop
      vertex -30.4937 -15.0378 4
      vertex -29.4449 -17 14
      vertex -29.4449 -17 4
    endloop
  endfacet
  facet normal -0.290309 -0.956933 0
    outer loop
      vertex 8.79985 32.8415 4
      vertex 10.9289 32.1956 14
      vertex 8.79985 32.8415 14
    endloop
  endfacet
  facet normal -0.290309 -0.956933 -0
    outer loop
      vertex 10.9289 32.1956 14
      vertex 8.79985 32.8415 4
      vertex 10.9289 32.1956 4
    endloop
  endfacet
  facet normal -0.227067 0.973879 0
    outer loop
      vertex 8.79985 -32.8415 4
      vertex 6.63307 -33.3467 14
      vertex 8.79985 -32.8415 14
    endloop
  endfacet
  facet normal -0.227067 0.973879 0
    outer loop
      vertex 6.63307 -33.3467 14
      vertex 8.79985 -32.8415 4
      vertex 6.63307 -33.3467 4
    endloop
  endfacet
  facet normal 0.849203 0.528066 0
    outer loop
      vertex -28.27 -18.8894 14
      vertex -29.4449 -17 4
      vertex -29.4449 -17 14
    endloop
  endfacet
  facet normal 0.849203 0.528066 0
    outer loop
      vertex -29.4449 -17 4
      vertex -28.27 -18.8894 14
      vertex -28.27 -18.8894 4
    endloop
  endfacet
  facet normal -0.729831 0.683627 0
    outer loop
      vertex 24.0416 -24.0416 4
      vertex 25.5626 -22.4178 14
      vertex 25.5626 -22.4178 4
    endloop
  endfacet
  facet normal -0.729831 0.683627 0
    outer loop
      vertex 25.5626 -22.4178 14
      vertex 24.0416 -24.0416 4
      vertex 24.0416 -24.0416 14
    endloop
  endfacet
  facet normal 0.352241 0.935909 -0
    outer loop
      vertex -10.9289 -32.1956 4
      vertex -13.0112 -31.4119 14
      vertex -10.9289 -32.1956 14
    endloop
  endfacet
  facet normal 0.352241 0.935909 0
    outer loop
      vertex -13.0112 -31.4119 14
      vertex -10.9289 -32.1956 4
      vertex -13.0112 -31.4119 4
    endloop
  endfacet
  facet normal 0.0980271 0.995184 -0
    outer loop
      vertex -2.22371 -33.9272 4
      vertex -4.43789 -33.7091 14
      vertex -2.22371 -33.9272 14
    endloop
  endfacet
  facet normal 0.0980271 0.995184 0
    outer loop
      vertex -4.43789 -33.7091 14
      vertex -2.22371 -33.9272 4
      vertex -4.43789 -33.7091 4
    endloop
  endfacet
  facet normal 0.0327206 0.999465 -0
    outer loop
      vertex 0 -34 4
      vertex -2.22371 -33.9272 14
      vertex 0 -34 14
    endloop
  endfacet
  facet normal 0.0327206 0.999465 0
    outer loop
      vertex -2.22371 -33.9272 14
      vertex 0 -34 4
      vertex -2.22371 -33.9272 4
    endloop
  endfacet
  facet normal -0.999465 -0.0327206 0
    outer loop
      vertex 34 0 4
      vertex 33.9272 2.22371 14
      vertex 33.9272 2.22371 4
    endloop
  endfacet
  facet normal -0.999465 -0.0327206 0
    outer loop
      vertex 33.9272 2.22371 14
      vertex 34 0 4
      vertex 34 0 14
    endloop
  endfacet
  facet normal 0.528066 0.849203 -0
    outer loop
      vertex -17 -29.4449 4
      vertex -18.8894 -28.27 14
      vertex -17 -29.4449 14
    endloop
  endfacet
  facet normal 0.528066 0.849203 0
    outer loop
      vertex -18.8894 -28.27 14
      vertex -17 -29.4449 4
      vertex -18.8894 -28.27 4
    endloop
  endfacet
  facet normal 0.812837 0.582492 0
    outer loop
      vertex -26.974 -20.6979 14
      vertex -28.27 -18.8894 4
      vertex -28.27 -18.8894 14
    endloop
  endfacet
  facet normal 0.812837 0.582492 0
    outer loop
      vertex -28.27 -18.8894 4
      vertex -26.974 -20.6979 14
      vertex -26.974 -20.6979 4
    endloop
  endfacet
  facet normal 0.227067 -0.973879 0
    outer loop
      vertex -8.79985 32.8415 4
      vertex -6.63307 33.3467 14
      vertex -8.79985 32.8415 14
    endloop
  endfacet
  facet normal 0.227067 -0.973879 0
    outer loop
      vertex -6.63307 33.3467 14
      vertex -8.79985 32.8415 4
      vertex -6.63307 33.3467 4
    endloop
  endfacet
  facet normal 0.910871 -0.412692 0
    outer loop
      vertex -31.4119 13.0112 14
      vertex -30.4937 15.0378 4
      vertex -30.4937 15.0378 14
    endloop
  endfacet
  facet normal 0.910871 -0.412692 0
    outer loop
      vertex -30.4937 15.0378 4
      vertex -31.4119 13.0112 14
      vertex -31.4119 13.0112 4
    endloop
  endfacet
  facet normal -0.582492 0.812837 0
    outer loop
      vertex 20.6979 -26.974 4
      vertex 18.8894 -28.27 14
      vertex 20.6979 -26.974 14
    endloop
  endfacet
  facet normal -0.582492 0.812837 0
    outer loop
      vertex 18.8894 -28.27 14
      vertex 20.6979 -26.974 4
      vertex 18.8894 -28.27 4
    endloop
  endfacet
  facet normal -0.849203 -0.528066 0
    outer loop
      vertex 29.4449 17 4
      vertex 28.27 18.8894 14
      vertex 28.27 18.8894 4
    endloop
  endfacet
  facet normal -0.849203 -0.528066 0
    outer loop
      vertex 28.27 18.8894 14
      vertex 29.4449 17 4
      vertex 29.4449 17 14
    endloop
  endfacet
  facet normal -0.881925 -0.471391 0
    outer loop
      vertex 30.4937 15.0378 4
      vertex 29.4449 17 14
      vertex 29.4449 17 4
    endloop
  endfacet
  facet normal -0.881925 -0.471391 0
    outer loop
      vertex 29.4449 17 14
      vertex 30.4937 15.0378 4
      vertex 30.4937 15.0378 14
    endloop
  endfacet
  facet normal -0.0980271 0.995184 0
    outer loop
      vertex 4.43789 -33.7091 4
      vertex 2.22371 -33.9272 14
      vertex 4.43789 -33.7091 14
    endloop
  endfacet
  facet normal -0.0980271 0.995184 0
    outer loop
      vertex 2.22371 -33.9272 14
      vertex 4.43789 -33.7091 4
      vertex 2.22371 -33.9272 4
    endloop
  endfacet
  facet normal 0.973879 0.227067 0
    outer loop
      vertex -32.8415 -8.79985 14
      vertex -33.3467 -6.63307 4
      vertex -33.3467 -6.63307 14
    endloop
  endfacet
  facet normal 0.973879 0.227067 0
    outer loop
      vertex -33.3467 -6.63307 4
      vertex -32.8415 -8.79985 14
      vertex -32.8415 -8.79985 4
    endloop
  endfacet
  facet normal -0.956933 -0.290309 0
    outer loop
      vertex 32.8415 8.79985 4
      vertex 32.1956 10.9289 14
      vertex 32.1956 10.9289 4
    endloop
  endfacet
  facet normal -0.956933 -0.290309 0
    outer loop
      vertex 32.1956 10.9289 14
      vertex 32.8415 8.79985 4
      vertex 32.8415 8.79985 14
    endloop
  endfacet
  facet normal -0.412692 0.910871 0
    outer loop
      vertex 15.0378 -30.4937 4
      vertex 13.0112 -31.4119 14
      vertex 15.0378 -30.4937 14
    endloop
  endfacet
  facet normal -0.412692 0.910871 0
    outer loop
      vertex 13.0112 -31.4119 14
      vertex 15.0378 -30.4937 4
      vertex 13.0112 -31.4119 4
    endloop
  endfacet
  facet normal 0.773029 0.63437 0
    outer loop
      vertex -25.5626 -22.4178 14
      vertex -26.974 -20.6979 4
      vertex -26.974 -20.6979 14
    endloop
  endfacet
  facet normal 0.773029 0.63437 0
    outer loop
      vertex -26.974 -20.6979 4
      vertex -25.5626 -22.4178 14
      vertex -25.5626 -22.4178 4
    endloop
  endfacet
  facet normal -0.973879 -0.227067 0
    outer loop
      vertex 33.3467 6.63307 4
      vertex 32.8415 8.79985 14
      vertex 32.8415 8.79985 4
    endloop
  endfacet
  facet normal -0.973879 -0.227067 0
    outer loop
      vertex 32.8415 8.79985 14
      vertex 33.3467 6.63307 4
      vertex 33.3467 6.63307 14
    endloop
  endfacet
  facet normal 0.986645 0.162884 0
    outer loop
      vertex -33.3467 -6.63307 14
      vertex -33.7091 -4.43789 4
      vertex -33.7091 -4.43789 14
    endloop
  endfacet
  facet normal 0.986645 0.162884 0
    outer loop
      vertex -33.7091 -4.43789 4
      vertex -33.3467 -6.63307 14
      vertex -33.3467 -6.63307 4
    endloop
  endfacet
  facet normal 0.162884 0.986645 -0
    outer loop
      vertex -4.43789 -33.7091 4
      vertex -6.63307 -33.3467 14
      vertex -4.43789 -33.7091 14
    endloop
  endfacet
  facet normal 0.162884 0.986645 0
    outer loop
      vertex -6.63307 -33.3467 14
      vertex -4.43789 -33.7091 4
      vertex -6.63307 -33.3467 4
    endloop
  endfacet
  facet normal -0.935909 -0.352241 0
    outer loop
      vertex 32.1956 10.9289 4
      vertex 31.4119 13.0112 14
      vertex 31.4119 13.0112 4
    endloop
  endfacet
  facet normal -0.935909 -0.352241 0
    outer loop
      vertex 31.4119 13.0112 14
      vertex 32.1956 10.9289 4
      vertex 32.1956 10.9289 14
    endloop
  endfacet
  facet normal -0.582492 -0.812837 0
    outer loop
      vertex 18.8894 28.27 4
      vertex 20.6979 26.974 14
      vertex 18.8894 28.27 14
    endloop
  endfacet
  facet normal -0.582492 -0.812837 -0
    outer loop
      vertex 20.6979 26.974 14
      vertex 18.8894 28.27 4
      vertex 20.6979 26.974 4
    endloop
  endfacet
  facet normal 0.582492 -0.812837 0
    outer loop
      vertex -20.6979 26.974 4
      vertex -18.8894 28.27 14
      vertex -20.6979 26.974 14
    endloop
  endfacet
  facet normal 0.582492 -0.812837 0
    outer loop
      vertex -18.8894 28.27 14
      vertex -20.6979 26.974 4
      vertex -18.8894 28.27 4
    endloop
  endfacet
  facet normal 0.849203 -0.528066 0
    outer loop
      vertex -29.4449 17 14
      vertex -28.27 18.8894 4
      vertex -28.27 18.8894 14
    endloop
  endfacet
  facet normal 0.849203 -0.528066 0
    outer loop
      vertex -28.27 18.8894 4
      vertex -29.4449 17 14
      vertex -29.4449 17 4
    endloop
  endfacet
  facet normal 0.999465 0.0327206 0
    outer loop
      vertex -33.9272 -2.22371 14
      vertex -34 0 4
      vertex -34 0 14
    endloop
  endfacet
  facet normal 0.999465 0.0327206 0
    outer loop
      vertex -34 0 4
      vertex -33.9272 -2.22371 14
      vertex -33.9272 -2.22371 4
    endloop
  endfacet
  facet normal 0.352241 -0.935909 0
    outer loop
      vertex -13.0112 31.4119 4
      vertex -10.9289 32.1956 14
      vertex -13.0112 31.4119 14
    endloop
  endfacet
  facet normal 0.352241 -0.935909 0
    outer loop
      vertex -10.9289 32.1956 14
      vertex -13.0112 31.4119 4
      vertex -10.9289 32.1956 4
    endloop
  endfacet
  facet normal 0.773029 -0.63437 0
    outer loop
      vertex -26.974 20.6979 14
      vertex -25.5626 22.4178 4
      vertex -25.5626 22.4178 14
    endloop
  endfacet
  facet normal 0.773029 -0.63437 0
    outer loop
      vertex -25.5626 22.4178 4
      vertex -26.974 20.6979 14
      vertex -26.974 20.6979 4
    endloop
  endfacet
  facet normal -0.162884 -0.986645 0
    outer loop
      vertex 4.43789 33.7091 4
      vertex 6.63307 33.3467 14
      vertex 4.43789 33.7091 14
    endloop
  endfacet
  facet normal -0.162884 -0.986645 -0
    outer loop
      vertex 6.63307 33.3467 14
      vertex 4.43789 33.7091 4
      vertex 6.63307 33.3467 4
    endloop
  endfacet
  facet normal -0.812837 -0.582492 0
    outer loop
      vertex 28.27 18.8894 4
      vertex 26.974 20.6979 14
      vertex 26.974 20.6979 4
    endloop
  endfacet
  facet normal -0.812837 -0.582492 0
    outer loop
      vertex 26.974 20.6979 14
      vertex 28.27 18.8894 4
      vertex 28.27 18.8894 14
    endloop
  endfacet
  facet normal -0.63437 -0.773029 0
    outer loop
      vertex 20.6979 26.974 4
      vertex 22.4178 25.5626 14
      vertex 20.6979 26.974 14
    endloop
  endfacet
  facet normal -0.63437 -0.773029 -0
    outer loop
      vertex 22.4178 25.5626 14
      vertex 20.6979 26.974 4
      vertex 22.4178 25.5626 4
    endloop
  endfacet
  facet normal 0.956933 -0.290309 0
    outer loop
      vertex -32.8415 8.79985 14
      vertex -32.1956 10.9289 4
      vertex -32.1956 10.9289 14
    endloop
  endfacet
  facet normal 0.956933 -0.290309 0
    outer loop
      vertex -32.1956 10.9289 4
      vertex -32.8415 8.79985 14
      vertex -32.8415 8.79985 4
    endloop
  endfacet
  facet normal 0.290309 0.956933 -0
    outer loop
      vertex -8.79985 -32.8415 4
      vertex -10.9289 -32.1956 14
      vertex -8.79985 -32.8415 14
    endloop
  endfacet
  facet normal 0.290309 0.956933 0
    outer loop
      vertex -10.9289 -32.1956 14
      vertex -8.79985 -32.8415 4
      vertex -10.9289 -32.1956 4
    endloop
  endfacet
  facet normal -0.162884 0.986645 0
    outer loop
      vertex 6.63307 -33.3467 4
      vertex 4.43789 -33.7091 14
      vertex 6.63307 -33.3467 14
    endloop
  endfacet
  facet normal -0.162884 0.986645 0
    outer loop
      vertex 4.43789 -33.7091 14
      vertex 6.63307 -33.3467 4
      vertex 4.43789 -33.7091 4
    endloop
  endfacet
  facet normal -0.290309 0.956933 0
    outer loop
      vertex 10.9289 -32.1956 4
      vertex 8.79985 -32.8415 14
      vertex 10.9289 -32.1956 14
    endloop
  endfacet
  facet normal -0.290309 0.956933 0
    outer loop
      vertex 8.79985 -32.8415 14
      vertex 10.9289 -32.1956 4
      vertex 8.79985 -32.8415 4
    endloop
  endfacet
  facet normal 0.162884 -0.986645 0
    outer loop
      vertex -6.63307 33.3467 4
      vertex -4.43789 33.7091 14
      vertex -6.63307 33.3467 14
    endloop
  endfacet
  facet normal 0.162884 -0.986645 0
    outer loop
      vertex -4.43789 33.7091 14
      vertex -6.63307 33.3467 4
      vertex -4.43789 33.7091 4
    endloop
  endfacet
  facet normal 0.528066 -0.849203 0
    outer loop
      vertex -18.8894 28.27 4
      vertex -17 29.4449 14
      vertex -18.8894 28.27 14
    endloop
  endfacet
  facet normal 0.528066 -0.849203 0
    outer loop
      vertex -17 29.4449 14
      vertex -18.8894 28.27 4
      vertex -17 29.4449 4
    endloop
  endfacet
  facet normal 0.910871 0.412692 0
    outer loop
      vertex -30.4937 -15.0378 14
      vertex -31.4119 -13.0112 4
      vertex -31.4119 -13.0112 14
    endloop
  endfacet
  facet normal 0.910871 0.412692 0
    outer loop
      vertex -31.4119 -13.0112 4
      vertex -30.4937 -15.0378 14
      vertex -30.4937 -15.0378 4
    endloop
  endfacet
  facet normal 0.995184 0.0980271 0
    outer loop
      vertex -33.7091 -4.43789 14
      vertex -33.9272 -2.22371 4
      vertex -33.9272 -2.22371 14
    endloop
  endfacet
  facet normal 0.995184 0.0980271 0
    outer loop
      vertex -33.9272 -2.22371 4
      vertex -33.7091 -4.43789 14
      vertex -33.7091 -4.43789 4
    endloop
  endfacet
  facet normal -0.910871 -0.412692 0
    outer loop
      vertex 31.4119 13.0112 4
      vertex 30.4937 15.0378 14
      vertex 30.4937 15.0378 4
    endloop
  endfacet
  facet normal -0.910871 -0.412692 0
    outer loop
      vertex 30.4937 15.0378 14
      vertex 31.4119 13.0112 4
      vertex 31.4119 13.0112 14
    endloop
  endfacet
  facet normal 0.63437 -0.773029 0
    outer loop
      vertex -22.4178 25.5626 4
      vertex -20.6979 26.974 14
      vertex -22.4178 25.5626 14
    endloop
  endfacet
  facet normal 0.63437 -0.773029 0
    outer loop
      vertex -20.6979 26.974 14
      vertex -22.4178 25.5626 4
      vertex -20.6979 26.974 4
    endloop
  endfacet
  facet normal 0.956933 0.290309 0
    outer loop
      vertex -32.1956 -10.9289 14
      vertex -32.8415 -8.79985 4
      vertex -32.8415 -8.79985 14
    endloop
  endfacet
  facet normal 0.956933 0.290309 0
    outer loop
      vertex -32.8415 -8.79985 4
      vertex -32.1956 -10.9289 14
      vertex -32.1956 -10.9289 4
    endloop
  endfacet
  facet normal 0.412692 -0.910871 0
    outer loop
      vertex -15.0378 30.4937 4
      vertex -13.0112 31.4119 14
      vertex -15.0378 30.4937 14
    endloop
  endfacet
  facet normal 0.412692 -0.910871 0
    outer loop
      vertex -13.0112 31.4119 14
      vertex -15.0378 30.4937 4
      vertex -13.0112 31.4119 4
    endloop
  endfacet
  facet normal 0.471391 0.881925 -0
    outer loop
      vertex -15.0378 -30.4937 4
      vertex -17 -29.4449 14
      vertex -15.0378 -30.4937 14
    endloop
  endfacet
  facet normal 0.471391 0.881925 0
    outer loop
      vertex -17 -29.4449 14
      vertex -15.0378 -30.4937 4
      vertex -17 -29.4449 4
    endloop
  endfacet
  facet normal 0 0 -1
    outer loop
      vertex 25 0 7.62939e-07
      vertex 36 0 7.62939e-07
      vertex 35.9229 -2.35451 7.62939e-07
    endloop
  endfacet
  facet normal 0 0 -1
    outer loop
      vertex 24.9465 -1.63508 7.62939e-07
      vertex 35.9229 -2.35451 7.62939e-07
      vertex 35.692 -4.69894 7.62939e-07
    endloop
  endfacet
  facet normal 0 0 -1
    outer loop
      vertex 36 0 7.62939e-07
      vertex 25 0 7.62939e-07
      vertex 35.9229 2.35451 7.62939e-07
    endloop
  endfacet
  facet normal 0 0 -1
    outer loop
      vertex 24.7861 -3.26315 7.62939e-07
      vertex 35.692 -4.69894 7.62939e-07
      vertex 35.3083 -7.02325 7.62939e-07
    endloop
  endfacet
  facet normal 0 0 -1
    outer loop
      vertex 24.9465 1.63508 7.62939e-07
      vertex 35.9229 2.35451 7.62939e-07
      vertex 25 0 7.62939e-07
    endloop
  endfacet
  facet normal 0 0 -1
    outer loop
      vertex 24.5196 -4.87726 7.62939e-07
      vertex 35.3083 -7.02325 7.62939e-07
      vertex 34.7733 -9.31748 7.62939e-07
    endloop
  endfacet
  facet normal -0 0 -1
    outer loop
      vertex 35.9229 2.35451 7.62939e-07
      vertex 24.9465 1.63508 7.62939e-07
      vertex 35.692 4.69894 7.62939e-07
    endloop
  endfacet
  facet normal 0 0 -1
    outer loop
      vertex 24.1481 -6.47048 7.62939e-07
      vertex 34.7733 -9.31748 7.62939e-07
      vertex 34.0895 -11.5718 7.62939e-07
    endloop
  endfacet
  facet normal 0 0 -1
    outer loop
      vertex 24.7861 3.26315 7.62939e-07
      vertex 35.692 4.69894 7.62939e-07
      vertex 24.9465 1.63508 7.62939e-07
    endloop
  endfacet
  facet normal 0 0 -1
    outer loop
      vertex 23.6733 -8.03599 7.62939e-07
      vertex 34.0895 -11.5718 7.62939e-07
      vertex 33.2597 -13.7766 7.62939e-07
    endloop
  endfacet
  facet normal -0 0 -1
    outer loop
      vertex 35.692 4.69894 7.62939e-07
      vertex 24.7861 3.26315 7.62939e-07
      vertex 35.3083 7.02325 7.62939e-07
    endloop
  endfacet
  facet normal 0 0 -1
    outer loop
      vertex 23.097 -9.56709 7.62939e-07
      vertex 33.2597 -13.7766 7.62939e-07
      vertex 32.2874 -15.9224 7.62939e-07
    endloop
  endfacet
  facet normal 0 0 -1
    outer loop
      vertex 24.5196 4.87726 7.62939e-07
      vertex 35.3083 7.02325 7.62939e-07
      vertex 24.7861 3.26315 7.62939e-07
    endloop
  endfacet
  facet normal 0 0 -1
    outer loop
      vertex 22.4218 -11.0572 7.62939e-07
      vertex 32.2874 -15.9224 7.62939e-07
      vertex 31.1769 -18 7.62939e-07
    endloop
  endfacet
  facet normal -0 0 -1
    outer loop
      vertex 35.3083 7.02325 7.62939e-07
      vertex 24.5196 4.87726 7.62939e-07
      vertex 34.7733 9.31748 7.62939e-07
    endloop
  endfacet
  facet normal 0 0 -1
    outer loop
      vertex 21.6506 -12.5 7.62939e-07
      vertex 31.1769 -18 7.62939e-07
      vertex 29.9329 -20.0005 7.62939e-07
    endloop
  endfacet
  facet normal 0 0 -1
    outer loop
      vertex 24.1481 6.47048 7.62939e-07
      vertex 34.7733 9.31748 7.62939e-07
      vertex 24.5196 4.87726 7.62939e-07
    endloop
  endfacet
  facet normal 0 0 -1
    outer loop
      vertex 20.7867 -13.8893 7.62939e-07
      vertex 29.9329 -20.0005 7.62939e-07
      vertex 28.5607 -21.9154 7.62939e-07
    endloop
  endfacet
  facet normal -0 0 -1
    outer loop
      vertex 34.7733 9.31748 7.62939e-07
      vertex 24.1481 6.47048 7.62939e-07
      vertex 34.0895 11.5718 7.62939e-07
    endloop
  endfacet
  facet normal 0 0 -1
    outer loop
      vertex 19.8338 -15.219 7.62939e-07
      vertex 28.5607 -21.9154 7.62939e-07
      vertex 27.0662 -23.7365 7.62939e-07
    endloop
  endfacet
  facet normal 0 0 -1
    outer loop
      vertex 23.6733 8.03599 7.62939e-07
      vertex 34.0895 11.5718 7.62939e-07
      vertex 24.1481 6.47048 7.62939e-07
    endloop
  endfacet
  facet normal 0 0 -1
    outer loop
      vertex 18.796 -16.4836 7.62939e-07
      vertex 27.0662 -23.7365 7.62939e-07
      vertex 25.4558 -25.4558 7.62939e-07
    endloop
  endfacet
  facet normal -0 0 -1
    outer loop
      vertex 34.0895 11.5718 7.62939e-07
      vertex 23.6733 8.03599 7.62939e-07
      vertex 33.2597 13.7766 7.62939e-07
    endloop
  endfacet
  facet normal 0 0 -1
    outer loop
      vertex 23.097 9.56709 7.62939e-07
      vertex 33.2597 13.7766 7.62939e-07
      vertex 23.6733 8.03599 7.62939e-07
    endloop
  endfacet
  facet normal 0 0 -1
    outer loop
      vertex 35.9229 -2.35451 7.62939e-07
      vertex 24.9465 -1.63508 7.62939e-07
      vertex 25 0 7.62939e-07
    endloop
  endfacet
  facet normal 0 0 -1
    outer loop
      vertex 35.692 -4.69894 7.62939e-07
      vertex 24.7861 -3.26315 7.62939e-07
      vertex 24.9465 -1.63508 7.62939e-07
    endloop
  endfacet
  facet normal 0 0 -1
    outer loop
      vertex 35.3083 -7.02325 7.62939e-07
      vertex 24.5196 -4.87726 7.62939e-07
      vertex 24.7861 -3.26315 7.62939e-07
    endloop
  endfacet
  facet normal 0 0 -1
    outer loop
      vertex 34.7733 -9.31748 7.62939e-07
      vertex 24.1481 -6.47048 7.62939e-07
      vertex 24.5196 -4.87726 7.62939e-07
    endloop
  endfacet
  facet normal 0 0 -1
    outer loop
      vertex 17.6777 -17.6777 7.62939e-07
      vertex 25.4558 -25.4558 7.62939e-07
      vertex 23.7365 -27.0662 7.62939e-07
    endloop
  endfacet
  facet normal 0 0 -1
    outer loop
      vertex 34.0895 -11.5718 7.62939e-07
      vertex 23.6733 -8.03599 7.62939e-07
      vertex 24.1481 -6.47048 7.62939e-07
    endloop
  endfacet
  facet normal 0 0 -1
    outer loop
      vertex 33.2597 -13.7766 7.62939e-07
      vertex 23.097 -9.56709 7.62939e-07
      vertex 23.6733 -8.03599 7.62939e-07
    endloop
  endfacet
  facet normal 0 0 -1
    outer loop
      vertex 32.2874 -15.9224 7.62939e-07
      vertex 22.4218 -11.0572 7.62939e-07
      vertex 23.097 -9.56709 7.62939e-07
    endloop
  endfacet
  facet normal 0 0 -1
    outer loop
      vertex 16.4836 -18.796 7.62939e-07
      vertex 23.7365 -27.0662 7.62939e-07
      vertex 21.9154 -28.5607 7.62939e-07
    endloop
  endfacet
  facet normal 0 0 -1
    outer loop
      vertex 31.1769 -18 7.62939e-07
      vertex 21.6506 -12.5 7.62939e-07
      vertex 22.4218 -11.0572 7.62939e-07
    endloop
  endfacet
  facet normal 0 0 -1
    outer loop
      vertex 29.9329 -20.0005 7.62939e-07
      vertex 20.7867 -13.8893 7.62939e-07
      vertex 21.6506 -12.5 7.62939e-07
    endloop
  endfacet
  facet normal 0 0 -1
    outer loop
      vertex 15.219 -19.8338 7.62939e-07
      vertex 21.9154 -28.5607 7.62939e-07
      vertex 20.0005 -29.9329 7.62939e-07
    endloop
  endfacet
  facet normal 0 0 -1
    outer loop
      vertex 28.5607 -21.9154 7.62939e-07
      vertex 19.8338 -15.219 7.62939e-07
      vertex 20.7867 -13.8893 7.62939e-07
    endloop
  endfacet
  facet normal 0 0 -1
    outer loop
      vertex 27.0662 -23.7365 7.62939e-07
      vertex 18.796 -16.4836 7.62939e-07
      vertex 19.8338 -15.219 7.62939e-07
    endloop
  endfacet
  facet normal 0 0 -1
    outer loop
      vertex 13.8893 -20.7867 7.62939e-07
      vertex 20.0005 -29.9329 7.62939e-07
      vertex 18 -31.1769 7.62939e-07
    endloop
  endfacet
  facet normal 0 0 -1
    outer loop
      vertex 25.4558 -25.4558 7.62939e-07
      vertex 17.6777 -17.6777 7.62939e-07
      vertex 18.796 -16.4836 7.62939e-07
    endloop
  endfacet
  facet normal 0 0 -1
    outer loop
      vertex 23.7365 -27.0662 7.62939e-07
      vertex 16.4836 -18.796 7.62939e-07
      vertex 17.6777 -17.6777 7.62939e-07
    endloop
  endfacet
  facet normal 0 0 -1
    outer loop
      vertex 12.5 -21.6506 7.62939e-07
      vertex 18 -31.1769 7.62939e-07
      vertex 15.9224 -32.2874 7.62939e-07
    endloop
  endfacet
  facet normal 0 0 -1
    outer loop
      vertex 21.9154 -28.5607 7.62939e-07
      vertex 15.219 -19.8338 7.62939e-07
      vertex 16.4836 -18.796 7.62939e-07
    endloop
  endfacet
  facet normal 0 0 -1
    outer loop
      vertex 20.0005 -29.9329 7.62939e-07
      vertex 13.8893 -20.7867 7.62939e-07
      vertex 15.219 -19.8338 7.62939e-07
    endloop
  endfacet
  facet normal 0 0 -1
    outer loop
      vertex 11.0572 -22.4218 7.62939e-07
      vertex 15.9224 -32.2874 7.62939e-07
      vertex 13.7766 -33.2597 7.62939e-07
    endloop
  endfacet
  facet normal 0 0 -1
    outer loop
      vertex 18 -31.1769 7.62939e-07
      vertex 12.5 -21.6506 7.62939e-07
      vertex 13.8893 -20.7867 7.62939e-07
    endloop
  endfacet
  facet normal 0 0 -1
    outer loop
      vertex 9.56709 -23.097 7.62939e-07
      vertex 13.7766 -33.2597 7.62939e-07
      vertex 11.5718 -34.0895 7.62939e-07
    endloop
  endfacet
  facet normal 0 0 -1
    outer loop
      vertex 15.9224 -32.2874 7.62939e-07
      vertex 11.0572 -22.4218 7.62939e-07
      vertex 12.5 -21.6506 7.62939e-07
    endloop
  endfacet
  facet normal 0 0 -1
    outer loop
      vertex 13.7766 -33.2597 7.62939e-07
      vertex 9.56709 -23.097 7.62939e-07
      vertex 11.0572 -22.4218 7.62939e-07
    endloop
  endfacet
  facet normal 0 0 -1
    outer loop
      vertex 8.03599 -23.6733 7.62939e-07
      vertex 11.5718 -34.0895 7.62939e-07
      vertex 9.31748 -34.7733 7.62939e-07
    endloop
  endfacet
  facet normal 0 0 -1
    outer loop
      vertex 11.5718 -34.0895 7.62939e-07
      vertex 8.03599 -23.6733 7.62939e-07
      vertex 9.56709 -23.097 7.62939e-07
    endloop
  endfacet
  facet normal 0 0 -1
    outer loop
      vertex 6.47048 -24.1481 7.62939e-07
      vertex 9.31748 -34.7733 7.62939e-07
      vertex 7.02325 -35.3083 7.62939e-07
    endloop
  endfacet
  facet normal 0 0 -1
    outer loop
      vertex 9.31748 -34.7733 7.62939e-07
      vertex 6.47048 -24.1481 7.62939e-07
      vertex 8.03599 -23.6733 7.62939e-07
    endloop
  endfacet
  facet normal 0 0 -1
    outer loop
      vertex 7.02325 -35.3083 7.62939e-07
      vertex 4.87726 -24.5196 7.62939e-07
      vertex 6.47048 -24.1481 7.62939e-07
    endloop
  endfacet
  facet normal 0 0 -1
    outer loop
      vertex 4.69894 -35.692 7.62939e-07
      vertex 4.87726 -24.5196 7.62939e-07
      vertex 7.02325 -35.3083 7.62939e-07
    endloop
  endfacet
  facet normal 0 0 -1
    outer loop
      vertex 4.69894 -35.692 7.62939e-07
      vertex 3.26315 -24.7861 7.62939e-07
      vertex 4.87726 -24.5196 7.62939e-07
    endloop
  endfacet
  facet normal 0 0 -1
    outer loop
      vertex 2.35451 -35.9229 7.62939e-07
      vertex 3.26315 -24.7861 7.62939e-07
      vertex 4.69894 -35.692 7.62939e-07
    endloop
  endfacet
  facet normal 0 0 -1
    outer loop
      vertex 2.35451 -35.9229 7.62939e-07
      vertex 1.63508 -24.9465 7.62939e-07
      vertex 3.26315 -24.7861 7.62939e-07
    endloop
  endfacet
  facet normal 0 0 -1
    outer loop
      vertex 0 -36 7.62939e-07
      vertex 1.63508 -24.9465 7.62939e-07
      vertex 2.35451 -35.9229 7.62939e-07
    endloop
  endfacet
  facet normal 0 0 -1
    outer loop
      vertex 0 -36 7.62939e-07
      vertex 0 -25 7.62939e-07
      vertex 1.63508 -24.9465 7.62939e-07
    endloop
  endfacet
  facet normal 0 0 -1
    outer loop
      vertex 0 -36 7.62939e-07
      vertex -1.63508 -24.9465 7.62939e-07
      vertex 0 -25 7.62939e-07
    endloop
  endfacet
  facet normal 0 0 -1
    outer loop
      vertex -2.35451 -35.9229 7.62939e-07
      vertex -1.63508 -24.9465 7.62939e-07
      vertex 0 -36 7.62939e-07
    endloop
  endfacet
  facet normal 0 0 -1
    outer loop
      vertex -2.35451 -35.9229 7.62939e-07
      vertex -3.26315 -24.7861 7.62939e-07
      vertex -1.63508 -24.9465 7.62939e-07
    endloop
  endfacet
  facet normal 0 0 -1
    outer loop
      vertex -4.69894 -35.692 7.62939e-07
      vertex -3.26315 -24.7861 7.62939e-07
      vertex -2.35451 -35.9229 7.62939e-07
    endloop
  endfacet
  facet normal 0 0 -1
    outer loop
      vertex -4.69894 -35.692 7.62939e-07
      vertex -4.87726 -24.5196 7.62939e-07
      vertex -3.26315 -24.7861 7.62939e-07
    endloop
  endfacet
  facet normal 0 0 -1
    outer loop
      vertex -7.02325 -35.3083 7.62939e-07
      vertex -4.87726 -24.5196 7.62939e-07
      vertex -4.69894 -35.692 7.62939e-07
    endloop
  endfacet
  facet normal -0 0 -1
    outer loop
      vertex -4.87726 -24.5196 7.62939e-07
      vertex -7.02325 -35.3083 7.62939e-07
      vertex -6.47048 -24.1481 7.62939e-07
    endloop
  endfacet
  facet normal 0 0 -1
    outer loop
      vertex -9.31748 -34.7733 7.62939e-07
      vertex -6.47048 -24.1481 7.62939e-07
      vertex -7.02325 -35.3083 7.62939e-07
    endloop
  endfacet
  facet normal -0 0 -1
    outer loop
      vertex -6.47048 -24.1481 7.62939e-07
      vertex -9.31748 -34.7733 7.62939e-07
      vertex -8.03599 -23.6733 7.62939e-07
    endloop
  endfacet
  facet normal 0 0 -1
    outer loop
      vertex -11.5718 -34.0895 7.62939e-07
      vertex -8.03599 -23.6733 7.62939e-07
      vertex -9.31748 -34.7733 7.62939e-07
    endloop
  endfacet
  facet normal -0 0 -1
    outer loop
      vertex -8.03599 -23.6733 7.62939e-07
      vertex -11.5718 -34.0895 7.62939e-07
      vertex -9.56709 -23.097 7.62939e-07
    endloop
  endfacet
  facet normal 0 0 -1
    outer loop
      vertex -13.7766 -33.2597 7.62939e-07
      vertex -9.56709 -23.097 7.62939e-07
      vertex -11.5718 -34.0895 7.62939e-07
    endloop
  endfacet
  facet normal -0 0 -1
    outer loop
      vertex -9.56709 -23.097 7.62939e-07
      vertex -13.7766 -33.2597 7.62939e-07
      vertex -11.0572 -22.4218 7.62939e-07
    endloop
  endfacet
  facet normal 0 0 -1
    outer loop
      vertex -15.9224 -32.2874 7.62939e-07
      vertex -11.0572 -22.4218 7.62939e-07
      vertex -13.7766 -33.2597 7.62939e-07
    endloop
  endfacet
  facet normal -0 0 -1
    outer loop
      vertex -11.0572 -22.4218 7.62939e-07
      vertex -15.9224 -32.2874 7.62939e-07
      vertex -12.5 -21.6506 7.62939e-07
    endloop
  endfacet
  facet normal 0 0 -1
    outer loop
      vertex -18 -31.1769 7.62939e-07
      vertex -12.5 -21.6506 7.62939e-07
      vertex -15.9224 -32.2874 7.62939e-07
    endloop
  endfacet
  facet normal -0 0 -1
    outer loop
      vertex -12.5 -21.6506 7.62939e-07
      vertex -18 -31.1769 7.62939e-07
      vertex -13.8893 -20.7867 7.62939e-07
    endloop
  endfacet
  facet normal 0 0 -1
    outer loop
      vertex -20.0005 -29.9329 7.62939e-07
      vertex -13.8893 -20.7867 7.62939e-07
      vertex -18 -31.1769 7.62939e-07
    endloop
  endfacet
  facet normal -0 0 -1
    outer loop
      vertex -13.8893 -20.7867 7.62939e-07
      vertex -20.0005 -29.9329 7.62939e-07
      vertex -15.219 -19.8338 7.62939e-07
    endloop
  endfacet
  facet normal 0 0 -1
    outer loop
      vertex -21.9154 -28.5607 7.62939e-07
      vertex -15.219 -19.8338 7.62939e-07
      vertex -20.0005 -29.9329 7.62939e-07
    endloop
  endfacet
  facet normal -0 0 -1
    outer loop
      vertex -15.219 -19.8338 7.62939e-07
      vertex -21.9154 -28.5607 7.62939e-07
      vertex -16.4836 -18.796 7.62939e-07
    endloop
  endfacet
  facet normal 0 0 -1
    outer loop
      vertex -23.7365 -27.0662 7.62939e-07
      vertex -16.4836 -18.796 7.62939e-07
      vertex -21.9154 -28.5607 7.62939e-07
    endloop
  endfacet
  facet normal -0 0 -1
    outer loop
      vertex -16.4836 -18.796 7.62939e-07
      vertex -23.7365 -27.0662 7.62939e-07
      vertex -17.6777 -17.6777 7.62939e-07
    endloop
  endfacet
  facet normal 0 0 -1
    outer loop
      vertex -25.4558 -25.4558 7.62939e-07
      vertex -17.6777 -17.6777 7.62939e-07
      vertex -23.7365 -27.0662 7.62939e-07
    endloop
  endfacet
  facet normal -0 0 -1
    outer loop
      vertex -17.6777 -17.6777 7.62939e-07
      vertex -25.4558 -25.4558 7.62939e-07
      vertex -18.796 -16.4836 7.62939e-07
    endloop
  endfacet
  facet normal 0 0 -1
    outer loop
      vertex -27.0662 -23.7365 7.62939e-07
      vertex -18.796 -16.4836 7.62939e-07
      vertex -25.4558 -25.4558 7.62939e-07
    endloop
  endfacet
  facet normal -0 0 -1
    outer loop
      vertex -18.796 -16.4836 7.62939e-07
      vertex -27.0662 -23.7365 7.62939e-07
      vertex -19.8338 -15.219 7.62939e-07
    endloop
  endfacet
  facet normal 0 0 -1
    outer loop
      vertex -28.5607 -21.9154 7.62939e-07
      vertex -19.8338 -15.219 7.62939e-07
      vertex -27.0662 -23.7365 7.62939e-07
    endloop
  endfacet
  facet normal -0 0 -1
    outer loop
      vertex -19.8338 -15.219 7.62939e-07
      vertex -28.5607 -21.9154 7.62939e-07
      vertex -20.7867 -13.8893 7.62939e-07
    endloop
  endfacet
  facet normal 0 0 -1
    outer loop
      vertex -29.9329 -20.0005 7.62939e-07
      vertex -20.7867 -13.8893 7.62939e-07
      vertex -28.5607 -21.9154 7.62939e-07
    endloop
  endfacet
  facet normal -0 0 -1
    outer loop
      vertex -20.7867 -13.8893 7.62939e-07
      vertex -29.9329 -20.0005 7.62939e-07
      vertex -21.6506 -12.5 7.62939e-07
    endloop
  endfacet
  facet normal 0 0 -1
    outer loop
      vertex -31.1769 -18 7.62939e-07
      vertex -21.6506 -12.5 7.62939e-07
      vertex -29.9329 -20.0005 7.62939e-07
    endloop
  endfacet
  facet normal -0 0 -1
    outer loop
      vertex -21.6506 -12.5 7.62939e-07
      vertex -31.1769 -18 7.62939e-07
      vertex -22.4218 -11.0572 7.62939e-07
    endloop
  endfacet
  facet normal 0 0 -1
    outer loop
      vertex -32.2874 -15.9224 7.62939e-07
      vertex -22.4218 -11.0572 7.62939e-07
      vertex -31.1769 -18 7.62939e-07
    endloop
  endfacet
  facet normal 0 0 -1
    outer loop
      vertex -33.2597 -13.7766 7.62939e-07
      vertex -23.097 -9.56709 7.62939e-07
      vertex -32.2874 -15.9224 7.62939e-07
    endloop
  endfacet
  facet normal -0 0 -1
    outer loop
      vertex -22.4218 -11.0572 7.62939e-07
      vertex -32.2874 -15.9224 7.62939e-07
      vertex -23.097 -9.56709 7.62939e-07
    endloop
  endfacet
  facet normal -0 0 -1
    outer loop
      vertex 33.2597 13.7766 7.62939e-07
      vertex 23.097 9.56709 7.62939e-07
      vertex 32.2874 15.9224 7.62939e-07
    endloop
  endfacet
  facet normal 0 0 -1
    outer loop
      vertex 22.4218 11.0572 7.62939e-07
      vertex 32.2874 15.9224 7.62939e-07
      vertex 23.097 9.56709 7.62939e-07
    endloop
  endfacet
  facet normal -0 0 -1
    outer loop
      vertex 32.2874 15.9224 7.62939e-07
      vertex 22.4218 11.0572 7.62939e-07
      vertex 31.1769 18 7.62939e-07
    endloop
  endfacet
  facet normal 0 0 -1
    outer loop
      vertex 21.6506 12.5 7.62939e-07
      vertex 31.1769 18 7.62939e-07
      vertex 22.4218 11.0572 7.62939e-07
    endloop
  endfacet
  facet normal -0 0 -1
    outer loop
      vertex 31.1769 18 7.62939e-07
      vertex 21.6506 12.5 7.62939e-07
      vertex 29.9329 20.0005 7.62939e-07
    endloop
  endfacet
  facet normal 0 0 -1
    outer loop
      vertex 20.7867 13.8893 7.62939e-07
      vertex 29.9329 20.0005 7.62939e-07
      vertex 21.6506 12.5 7.62939e-07
    endloop
  endfacet
  facet normal -0 0 -1
    outer loop
      vertex 29.9329 20.0005 7.62939e-07
      vertex 20.7867 13.8893 7.62939e-07
      vertex 28.5607 21.9154 7.62939e-07
    endloop
  endfacet
  facet normal 0 0 -1
    outer loop
      vertex 19.8338 15.219 7.62939e-07
      vertex 28.5607 21.9154 7.62939e-07
      vertex 20.7867 13.8893 7.62939e-07
    endloop
  endfacet
  facet normal -0 0 -1
    outer loop
      vertex 28.5607 21.9154 7.62939e-07
      vertex 19.8338 15.219 7.62939e-07
      vertex 27.0662 23.7365 7.62939e-07
    endloop
  endfacet
  facet normal 0 0 -1
    outer loop
      vertex 18.796 16.4836 7.62939e-07
      vertex 27.0662 23.7365 7.62939e-07
      vertex 19.8338 15.219 7.62939e-07
    endloop
  endfacet
  facet normal -0 0 -1
    outer loop
      vertex 27.0662 23.7365 7.62939e-07
      vertex 18.796 16.4836 7.62939e-07
      vertex 25.4558 25.4558 7.62939e-07
    endloop
  endfacet
  facet normal 0 0 -1
    outer loop
      vertex 17.6777 17.6777 7.62939e-07
      vertex 25.4558 25.4558 7.62939e-07
      vertex 18.796 16.4836 7.62939e-07
    endloop
  endfacet
  facet normal -0 0 -1
    outer loop
      vertex 25.4558 25.4558 7.62939e-07
      vertex 17.6777 17.6777 7.62939e-07
      vertex 23.7365 27.0662 7.62939e-07
    endloop
  endfacet
  facet normal 0 0 -1
    outer loop
      vertex 16.4836 18.796 7.62939e-07
      vertex 23.7365 27.0662 7.62939e-07
      vertex 17.6777 17.6777 7.62939e-07
    endloop
  endfacet
  facet normal -0 0 -1
    outer loop
      vertex 23.7365 27.0662 7.62939e-07
      vertex 16.4836 18.796 7.62939e-07
      vertex 21.9154 28.5607 7.62939e-07
    endloop
  endfacet
  facet normal 0 0 -1
    outer loop
      vertex 15.219 19.8338 7.62939e-07
      vertex 21.9154 28.5607 7.62939e-07
      vertex 16.4836 18.796 7.62939e-07
    endloop
  endfacet
  facet normal -0 0 -1
    outer loop
      vertex 21.9154 28.5607 7.62939e-07
      vertex 15.219 19.8338 7.62939e-07
      vertex 20.0005 29.9329 7.62939e-07
    endloop
  endfacet
  facet normal 0 0 -1
    outer loop
      vertex 13.8893 20.7867 7.62939e-07
      vertex 20.0005 29.9329 7.62939e-07
      vertex 15.219 19.8338 7.62939e-07
    endloop
  endfacet
  facet normal -0 0 -1
    outer loop
      vertex 20.0005 29.9329 7.62939e-07
      vertex 13.8893 20.7867 7.62939e-07
      vertex 18 31.1769 7.62939e-07
    endloop
  endfacet
  facet normal 0 0 -1
    outer loop
      vertex 12.5 21.6506 7.62939e-07
      vertex 18 31.1769 7.62939e-07
      vertex 13.8893 20.7867 7.62939e-07
    endloop
  endfacet
  facet normal -0 0 -1
    outer loop
      vertex 18 31.1769 7.62939e-07
      vertex 12.5 21.6506 7.62939e-07
      vertex 15.9224 32.2874 7.62939e-07
    endloop
  endfacet
  facet normal 0 0 -1
    outer loop
      vertex 11.0572 22.4218 7.62939e-07
      vertex 15.9224 32.2874 7.62939e-07
      vertex 12.5 21.6506 7.62939e-07
    endloop
  endfacet
  facet normal -0 0 -1
    outer loop
      vertex 15.9224 32.2874 7.62939e-07
      vertex 11.0572 22.4218 7.62939e-07
      vertex 13.7766 33.2597 7.62939e-07
    endloop
  endfacet
  facet normal 0 0 -1
    outer loop
      vertex 9.56709 23.097 7.62939e-07
      vertex 13.7766 33.2597 7.62939e-07
      vertex 11.0572 22.4218 7.62939e-07
    endloop
  endfacet
  facet normal -0 0 -1
    outer loop
      vertex 13.7766 33.2597 7.62939e-07
      vertex 9.56709 23.097 7.62939e-07
      vertex 11.5718 34.0895 7.62939e-07
    endloop
  endfacet
  facet normal 0 0 -1
    outer loop
      vertex 8.03599 23.6733 7.62939e-07
      vertex 11.5718 34.0895 7.62939e-07
      vertex 9.56709 23.097 7.62939e-07
    endloop
  endfacet
  facet normal -0 0 -1
    outer loop
      vertex 11.5718 34.0895 7.62939e-07
      vertex 8.03599 23.6733 7.62939e-07
      vertex 9.31748 34.7733 7.62939e-07
    endloop
  endfacet
  facet normal 0 0 -1
    outer loop
      vertex 6.47048 24.1481 7.62939e-07
      vertex 9.31748 34.7733 7.62939e-07
      vertex 8.03599 23.6733 7.62939e-07
    endloop
  endfacet
  facet normal -0 0 -1
    outer loop
      vertex 9.31748 34.7733 7.62939e-07
      vertex 6.47048 24.1481 7.62939e-07
      vertex 7.02325 35.3083 7.62939e-07
    endloop
  endfacet
  facet normal 0 0 -1
    outer loop
      vertex 4.87726 24.5196 7.62939e-07
      vertex 7.02325 35.3083 7.62939e-07
      vertex 6.47048 24.1481 7.62939e-07
    endloop
  endfacet
  facet normal 0 0 -1
    outer loop
      vertex 4.87726 24.5196 7.62939e-07
      vertex 4.69894 35.692 7.62939e-07
      vertex 7.02325 35.3083 7.62939e-07
    endloop
  endfacet
  facet normal 0 0 -1
    outer loop
      vertex 3.26315 24.7861 7.62939e-07
      vertex 4.69894 35.692 7.62939e-07
      vertex 4.87726 24.5196 7.62939e-07
    endloop
  endfacet
  facet normal 0 0 -1
    outer loop
      vertex 3.26315 24.7861 7.62939e-07
      vertex 2.35451 35.9229 7.62939e-07
      vertex 4.69894 35.692 7.62939e-07
    endloop
  endfacet
  facet normal 0 0 -1
    outer loop
      vertex 1.63508 24.9465 7.62939e-07
      vertex 2.35451 35.9229 7.62939e-07
      vertex 3.26315 24.7861 7.62939e-07
    endloop
  endfacet
  facet normal 0 0 -1
    outer loop
      vertex 0 25 7.62939e-07
      vertex 2.35451 35.9229 7.62939e-07
      vertex 1.63508 24.9465 7.62939e-07
    endloop
  endfacet
  facet normal 0 0 -1
    outer loop
      vertex 0 25 7.62939e-07
      vertex 0 36 7.62939e-07
      vertex 2.35451 35.9229 7.62939e-07
    endloop
  endfacet
  facet normal 0 0 -1
    outer loop
      vertex -1.63508 24.9465 7.62939e-07
      vertex 0 36 7.62939e-07
      vertex 0 25 7.62939e-07
    endloop
  endfacet
  facet normal 0 0 -1
    outer loop
      vertex -1.63508 24.9465 7.62939e-07
      vertex -2.35451 35.9229 7.62939e-07
      vertex 0 36 7.62939e-07
    endloop
  endfacet
  facet normal 0 0 -1
    outer loop
      vertex -3.26315 24.7861 7.62939e-07
      vertex -2.35451 35.9229 7.62939e-07
      vertex -1.63508 24.9465 7.62939e-07
    endloop
  endfacet
  facet normal 0 0 -1
    outer loop
      vertex -3.26315 24.7861 7.62939e-07
      vertex -4.69894 35.692 7.62939e-07
      vertex -2.35451 35.9229 7.62939e-07
    endloop
  endfacet
  facet normal 0 0 -1
    outer loop
      vertex -4.87726 24.5196 7.62939e-07
      vertex -4.69894 35.692 7.62939e-07
      vertex -3.26315 24.7861 7.62939e-07
    endloop
  endfacet
  facet normal 0 0 -1
    outer loop
      vertex -7.02325 35.3083 7.62939e-07
      vertex -4.87726 24.5196 7.62939e-07
      vertex -6.47048 24.1481 7.62939e-07
    endloop
  endfacet
  facet normal 0 0 -1
    outer loop
      vertex -4.87726 24.5196 7.62939e-07
      vertex -7.02325 35.3083 7.62939e-07
      vertex -4.69894 35.692 7.62939e-07
    endloop
  endfacet
  facet normal 0 0 -1
    outer loop
      vertex -9.31748 34.7733 7.62939e-07
      vertex -6.47048 24.1481 7.62939e-07
      vertex -8.03599 23.6733 7.62939e-07
    endloop
  endfacet
  facet normal 0 0 -1
    outer loop
      vertex -6.47048 24.1481 7.62939e-07
      vertex -9.31748 34.7733 7.62939e-07
      vertex -7.02325 35.3083 7.62939e-07
    endloop
  endfacet
  facet normal 0 0 -1
    outer loop
      vertex -11.5718 34.0895 7.62939e-07
      vertex -8.03599 23.6733 7.62939e-07
      vertex -9.56709 23.097 7.62939e-07
    endloop
  endfacet
  facet normal 0 0 -1
    outer loop
      vertex -13.7766 33.2597 7.62939e-07
      vertex -9.56709 23.097 7.62939e-07
      vertex -11.0572 22.4218 7.62939e-07
    endloop
  endfacet
  facet normal 0 0 -1
    outer loop
      vertex -8.03599 23.6733 7.62939e-07
      vertex -11.5718 34.0895 7.62939e-07
      vertex -9.31748 34.7733 7.62939e-07
    endloop
  endfacet
  facet normal 0 0 -1
    outer loop
      vertex -15.9224 32.2874 7.62939e-07
      vertex -11.0572 22.4218 7.62939e-07
      vertex -12.5 21.6506 7.62939e-07
    endloop
  endfacet
  facet normal 0 0 -1
    outer loop
      vertex -9.56709 23.097 7.62939e-07
      vertex -13.7766 33.2597 7.62939e-07
      vertex -11.5718 34.0895 7.62939e-07
    endloop
  endfacet
  facet normal 0 0 -1
    outer loop
      vertex -18 31.1769 7.62939e-07
      vertex -12.5 21.6506 7.62939e-07
      vertex -13.8893 20.7867 7.62939e-07
    endloop
  endfacet
  facet normal 0 0 -1
    outer loop
      vertex -20.0005 29.9329 7.62939e-07
      vertex -13.8893 20.7867 7.62939e-07
      vertex -15.219 19.8338 7.62939e-07
    endloop
  endfacet
  facet normal 0 0 -1
    outer loop
      vertex -11.0572 22.4218 7.62939e-07
      vertex -15.9224 32.2874 7.62939e-07
      vertex -13.7766 33.2597 7.62939e-07
    endloop
  endfacet
  facet normal 0 0 -1
    outer loop
      vertex -21.9154 28.5607 7.62939e-07
      vertex -15.219 19.8338 7.62939e-07
      vertex -16.4836 18.796 7.62939e-07
    endloop
  endfacet
  facet normal 0 0 -1
    outer loop
      vertex -23.7365 27.0662 7.62939e-07
      vertex -16.4836 18.796 7.62939e-07
      vertex -17.6777 17.6777 7.62939e-07
    endloop
  endfacet
  facet normal 0 0 -1
    outer loop
      vertex -12.5 21.6506 7.62939e-07
      vertex -18 31.1769 7.62939e-07
      vertex -15.9224 32.2874 7.62939e-07
    endloop
  endfacet
  facet normal 0 0 -1
    outer loop
      vertex -25.4558 25.4558 7.62939e-07
      vertex -17.6777 17.6777 7.62939e-07
      vertex -18.796 16.4836 7.62939e-07
    endloop
  endfacet
  facet normal 0 0 -1
    outer loop
      vertex -27.0662 23.7365 7.62939e-07
      vertex -18.796 16.4836 7.62939e-07
      vertex -19.8338 15.219 7.62939e-07
    endloop
  endfacet
  facet normal 0 0 -1
    outer loop
      vertex -13.8893 20.7867 7.62939e-07
      vertex -20.0005 29.9329 7.62939e-07
      vertex -18 31.1769 7.62939e-07
    endloop
  endfacet
  facet normal 0 0 -1
    outer loop
      vertex -28.5607 21.9154 7.62939e-07
      vertex -19.8338 15.219 7.62939e-07
      vertex -20.7867 13.8893 7.62939e-07
    endloop
  endfacet
  facet normal 0 0 -1
    outer loop
      vertex -29.9329 20.0005 7.62939e-07
      vertex -20.7867 13.8893 7.62939e-07
      vertex -21.6506 12.5 7.62939e-07
    endloop
  endfacet
  facet normal 0 0 -1
    outer loop
      vertex -15.219 19.8338 7.62939e-07
      vertex -21.9154 28.5607 7.62939e-07
      vertex -20.0005 29.9329 7.62939e-07
    endloop
  endfacet
  facet normal 0 0 -1
    outer loop
      vertex -31.1769 18 7.62939e-07
      vertex -21.6506 12.5 7.62939e-07
      vertex -22.4218 11.0572 7.62939e-07
    endloop
  endfacet
  facet normal 0 0 -1
    outer loop
      vertex -32.2874 15.9224 7.62939e-07
      vertex -22.4218 11.0572 7.62939e-07
      vertex -23.097 9.56709 7.62939e-07
    endloop
  endfacet
  facet normal 0 0 -1
    outer loop
      vertex -33.2597 13.7766 7.62939e-07
      vertex -23.097 9.56709 7.62939e-07
      vertex -23.6733 8.03599 7.62939e-07
    endloop
  endfacet
  facet normal 0 0 -1
    outer loop
      vertex -16.4836 18.796 7.62939e-07
      vertex -23.7365 27.0662 7.62939e-07
      vertex -21.9154 28.5607 7.62939e-07
    endloop
  endfacet
  facet normal 0 0 -1
    outer loop
      vertex -34.0895 11.5718 7.62939e-07
      vertex -23.6733 8.03599 7.62939e-07
      vertex -24.1481 6.47048 7.62939e-07
    endloop
  endfacet
  facet normal 0 0 -1
    outer loop
      vertex -34.7733 9.31748 7.62939e-07
      vertex -24.1481 6.47048 7.62939e-07
      vertex -24.5196 4.87726 7.62939e-07
    endloop
  endfacet
  facet normal 0 0 -1
    outer loop
      vertex -35.3083 7.02325 7.62939e-07
      vertex -24.5196 4.87726 7.62939e-07
      vertex -24.7861 3.26315 7.62939e-07
    endloop
  endfacet
  facet normal 0 0 -1
    outer loop
      vertex -35.692 4.69894 7.62939e-07
      vertex -24.7861 3.26315 7.62939e-07
      vertex -24.9465 1.63508 7.62939e-07
    endloop
  endfacet
  facet normal 0 0 -1
    outer loop
      vertex -17.6777 17.6777 7.62939e-07
      vertex -25.4558 25.4558 7.62939e-07
      vertex -23.7365 27.0662 7.62939e-07
    endloop
  endfacet
  facet normal 0 0 -1
    outer loop
      vertex -35.9229 2.35451 7.62939e-07
      vertex -24.9465 1.63508 7.62939e-07
      vertex -25 0 7.62939e-07
    endloop
  endfacet
  facet normal -0 0 -1
    outer loop
      vertex -23.097 -9.56709 7.62939e-07
      vertex -33.2597 -13.7766 7.62939e-07
      vertex -23.6733 -8.03599 7.62939e-07
    endloop
  endfacet
  facet normal 0 0 -1
    outer loop
      vertex -34.0895 -11.5718 7.62939e-07
      vertex -23.6733 -8.03599 7.62939e-07
      vertex -33.2597 -13.7766 7.62939e-07
    endloop
  endfacet
  facet normal 0 0 -1
    outer loop
      vertex -18.796 16.4836 7.62939e-07
      vertex -27.0662 23.7365 7.62939e-07
      vertex -25.4558 25.4558 7.62939e-07
    endloop
  endfacet
  facet normal -0 0 -1
    outer loop
      vertex -23.6733 -8.03599 7.62939e-07
      vertex -34.0895 -11.5718 7.62939e-07
      vertex -24.1481 -6.47048 7.62939e-07
    endloop
  endfacet
  facet normal 0 0 -1
    outer loop
      vertex -19.8338 15.219 7.62939e-07
      vertex -28.5607 21.9154 7.62939e-07
      vertex -27.0662 23.7365 7.62939e-07
    endloop
  endfacet
  facet normal 0 0 -1
    outer loop
      vertex -34.7733 -9.31748 7.62939e-07
      vertex -24.1481 -6.47048 7.62939e-07
      vertex -34.0895 -11.5718 7.62939e-07
    endloop
  endfacet
  facet normal 0 0 -1
    outer loop
      vertex -20.7867 13.8893 7.62939e-07
      vertex -29.9329 20.0005 7.62939e-07
      vertex -28.5607 21.9154 7.62939e-07
    endloop
  endfacet
  facet normal -0 0 -1
    outer loop
      vertex -24.1481 -6.47048 7.62939e-07
      vertex -34.7733 -9.31748 7.62939e-07
      vertex -24.5196 -4.87726 7.62939e-07
    endloop
  endfacet
  facet normal 0 0 -1
    outer loop
      vertex -21.6506 12.5 7.62939e-07
      vertex -31.1769 18 7.62939e-07
      vertex -29.9329 20.0005 7.62939e-07
    endloop
  endfacet
  facet normal 0 0 -1
    outer loop
      vertex -35.3083 -7.02325 7.62939e-07
      vertex -24.5196 -4.87726 7.62939e-07
      vertex -34.7733 -9.31748 7.62939e-07
    endloop
  endfacet
  facet normal 0 0 -1
    outer loop
      vertex -22.4218 11.0572 7.62939e-07
      vertex -32.2874 15.9224 7.62939e-07
      vertex -31.1769 18 7.62939e-07
    endloop
  endfacet
  facet normal -0 0 -1
    outer loop
      vertex -24.5196 -4.87726 7.62939e-07
      vertex -35.3083 -7.02325 7.62939e-07
      vertex -24.7861 -3.26315 7.62939e-07
    endloop
  endfacet
  facet normal 0 0 -1
    outer loop
      vertex -23.097 9.56709 7.62939e-07
      vertex -33.2597 13.7766 7.62939e-07
      vertex -32.2874 15.9224 7.62939e-07
    endloop
  endfacet
  facet normal 0 0 -1
    outer loop
      vertex -35.692 -4.69894 7.62939e-07
      vertex -24.7861 -3.26315 7.62939e-07
      vertex -35.3083 -7.02325 7.62939e-07
    endloop
  endfacet
  facet normal 0 0 -1
    outer loop
      vertex -23.6733 8.03599 7.62939e-07
      vertex -34.0895 11.5718 7.62939e-07
      vertex -33.2597 13.7766 7.62939e-07
    endloop
  endfacet
  facet normal -0 0 -1
    outer loop
      vertex -24.7861 -3.26315 7.62939e-07
      vertex -35.692 -4.69894 7.62939e-07
      vertex -24.9465 -1.63508 7.62939e-07
    endloop
  endfacet
  facet normal 0 0 -1
    outer loop
      vertex -24.1481 6.47048 7.62939e-07
      vertex -34.7733 9.31748 7.62939e-07
      vertex -34.0895 11.5718 7.62939e-07
    endloop
  endfacet
  facet normal 0 0 -1
    outer loop
      vertex -35.9229 -2.35451 7.62939e-07
      vertex -24.9465 -1.63508 7.62939e-07
      vertex -35.692 -4.69894 7.62939e-07
    endloop
  endfacet
  facet normal 0 0 -1
    outer loop
      vertex -24.5196 4.87726 7.62939e-07
      vertex -35.3083 7.02325 7.62939e-07
      vertex -34.7733 9.31748 7.62939e-07
    endloop
  endfacet
  facet normal -0 0 -1
    outer loop
      vertex -24.9465 -1.63508 7.62939e-07
      vertex -35.9229 -2.35451 7.62939e-07
      vertex -25 0 7.62939e-07
    endloop
  endfacet
  facet normal 0 0 -1
    outer loop
      vertex -24.7861 3.26315 7.62939e-07
      vertex -35.692 4.69894 7.62939e-07
      vertex -35.3083 7.02325 7.62939e-07
    endloop
  endfacet
  facet normal 0 0 -1
    outer loop
      vertex -36 0 7.62939e-07
      vertex -25 0 7.62939e-07
      vertex -35.9229 -2.35451 7.62939e-07
    endloop
  endfacet
  facet normal 0 0 -1
    outer loop
      vertex -24.9465 1.63508 7.62939e-07
      vertex -35.9229 2.35451 7.62939e-07
      vertex -35.692 4.69894 7.62939e-07
    endloop
  endfacet
  facet normal 0 0 -1
    outer loop
      vertex -25 0 7.62939e-07
      vertex -36 0 7.62939e-07
      vertex -35.9229 2.35451 7.62939e-07
    endloop
  endfacet
  facet normal 0 0 1
    outer loop
      vertex 4.79005 0 4
      vertex 34 0 4
      vertex 33.9272 2.22371 4
    endloop
  endfacet
  facet normal 0 0 1
    outer loop
      vertex 4.77979 0.313284 4
      vertex 33.9272 2.22371 4
      vertex 33.7091 4.43789 4
    endloop
  endfacet
  facet normal 0 0 1
    outer loop
      vertex 34 0 4
      vertex 4.79005 0 4
      vertex 33.9272 -2.22371 4
    endloop
  endfacet
  facet normal 0 0 1
    outer loop
      vertex 4.74892 0.626126 4
      vertex 33.7091 4.43789 4
      vertex 33.3467 6.63307 4
    endloop
  endfacet
  facet normal -0 0 1
    outer loop
      vertex 4.77979 -0.313284 4
      vertex 33.9272 -2.22371 4
      vertex 4.79005 0 4
    endloop
  endfacet
  facet normal 0 0 1
    outer loop
      vertex 4.69801 0.934492 4
      vertex 33.3467 6.63307 4
      vertex 32.8415 8.79985 4
    endloop
  endfacet
  facet normal 0 0 1
    outer loop
      vertex 33.9272 -2.22371 4
      vertex 4.77979 -0.313284 4
      vertex 33.7091 -4.43789 4
    endloop
  endfacet
  facet normal 0 0 1
    outer loop
      vertex 4.62683 1.23976 4
      vertex 32.8415 8.79985 4
      vertex 32.1956 10.9289 4
    endloop
  endfacet
  facet normal -0 0 1
    outer loop
      vertex 4.74916 -0.624319 4
      vertex 33.7091 -4.43789 4
      vertex 4.77979 -0.313284 4
    endloop
  endfacet
  facet normal 0 0 1
    outer loop
      vertex 4.53552 1.54056 4
      vertex 32.1956 10.9289 4
      vertex 31.4119 13.0112 4
    endloop
  endfacet
  facet normal -0 0 1
    outer loop
      vertex 4.74907 -0.625226 4
      vertex 33.7091 -4.43789 4
      vertex 4.74916 -0.624319 4
    endloop
  endfacet
  facet normal 0 0 1
    outer loop
      vertex 4.42543 1.83307 4
      vertex 31.4119 13.0112 4
      vertex 30.4937 15.0378 4
    endloop
  endfacet
  facet normal -0 0 1
    outer loop
      vertex 4.74892 -0.626126 4
      vertex 33.7091 -4.43789 4
      vertex 4.74907 -0.625226 4
    endloop
  endfacet
  facet normal 0 0 1
    outer loop
      vertex 4.29563 2.11939 4
      vertex 30.4937 15.0378 4
      vertex 29.4449 17 4
    endloop
  endfacet
  facet normal 0 0 1
    outer loop
      vertex 33.7091 -4.43789 4
      vertex 4.74892 -0.626126 4
      vertex 33.3467 -6.63307 4
    endloop
  endfacet
  facet normal 0 0 1
    outer loop
      vertex 4.14782 2.3958 4
      vertex 29.4449 17 4
      vertex 28.27 18.8894 4
    endloop
  endfacet
  facet normal -0 0 1
    outer loop
      vertex 4.69801 -0.934492 4
      vertex 33.3467 -6.63307 4
      vertex 4.74892 -0.626126 4
    endloop
  endfacet
  facet normal 0 0 1
    outer loop
      vertex 3.98278 2.66121 4
      vertex 28.27 18.8894 4
      vertex 26.974 20.6979 4
    endloop
  endfacet
  facet normal 0 0 1
    outer loop
      vertex 33.3467 -6.63307 4
      vertex 4.69801 -0.934492 4
      vertex 32.8415 -8.79985 4
    endloop
  endfacet
  facet normal 0 0 1
    outer loop
      vertex 3.79962 2.9167 4
      vertex 26.974 20.6979 4
      vertex 25.5626 22.4178 4
    endloop
  endfacet
  facet normal -0 0 1
    outer loop
      vertex 4.62704 -1.23887 4
      vertex 32.8415 -8.79985 4
      vertex 4.69801 -0.934492 4
    endloop
  endfacet
  facet normal 0 0 1
    outer loop
      vertex 3.60073 3.15896 4
      vertex 25.5626 22.4178 4
      vertex 24.0416 24.0416 4
    endloop
  endfacet
  facet normal -0 0 1
    outer loop
      vertex 4.62683 -1.23976 4
      vertex 32.8415 -8.79985 4
      vertex 4.62704 -1.23887 4
    endloop
  endfacet
  facet normal 0 0 1
    outer loop
      vertex 3.38708 3.38708 4
      vertex 24.0416 24.0416 4
      vertex 22.4178 25.5626 4
    endloop
  endfacet
  facet normal 0 0 1
    outer loop
      vertex 32.8415 -8.79985 4
      vertex 4.62683 -1.23976 4
      vertex 32.1956 -10.9289 4
    endloop
  endfacet
  facet normal 0 0 1
    outer loop
      vertex 3.1583 3.60135 4
      vertex 22.4178 25.5626 4
      vertex 20.6979 26.974 4
    endloop
  endfacet
  facet normal -0 0 1
    outer loop
      vertex 4.53611 -1.53884 4
      vertex 32.1956 -10.9289 4
      vertex 4.62683 -1.23976 4
    endloop
  endfacet
  facet normal 0 0 1
    outer loop
      vertex 2.91526 3.80073 4
      vertex 20.6979 26.974 4
      vertex 18.8894 28.27 4
    endloop
  endfacet
  facet normal -0 0 1
    outer loop
      vertex 4.53584 -1.53971 4
      vertex 32.1956 -10.9289 4
      vertex 4.53611 -1.53884 4
    endloop
  endfacet
  facet normal 0 0 1
    outer loop
      vertex 2.66121 3.98278 4
      vertex 18.8894 28.27 4
      vertex 17 29.4449 4
    endloop
  endfacet
  facet normal -0 0 1
    outer loop
      vertex 4.53552 -1.54056 4
      vertex 32.1956 -10.9289 4
      vertex 4.53584 -1.53971 4
    endloop
  endfacet
  facet normal 0 0 1
    outer loop
      vertex 2.39502 4.1483 4
      vertex 17 29.4449 4
      vertex 15.0378 30.4937 4
    endloop
  endfacet
  facet normal 0 0 1
    outer loop
      vertex 32.1956 -10.9289 4
      vertex 4.53552 -1.54056 4
      vertex 31.4119 -13.0112 4
    endloop
  endfacet
  facet normal 0 0 1
    outer loop
      vertex 2.11775 4.29644 4
      vertex 15.0378 30.4937 4
      vertex 13.0112 31.4119 4
    endloop
  endfacet
  facet normal -0 0 1
    outer loop
      vertex 4.42543 -1.83307 4
      vertex 31.4119 -13.0112 4
      vertex 4.53552 -1.54056 4
    endloop
  endfacet
  facet normal 0 0 1
    outer loop
      vertex 1.83307 4.42543 4
      vertex 13.0112 31.4119 4
      vertex 10.9289 32.1956 4
    endloop
  endfacet
  facet normal 0 0 1
    outer loop
      vertex 31.4119 -13.0112 4
      vertex 4.42543 -1.83307 4
      vertex 30.4937 -15.0378 4
    endloop
  endfacet
  facet normal 0 0 1
    outer loop
      vertex 1.53884 4.53611 4
      vertex 10.9289 32.1956 4
      vertex 8.79985 32.8415 4
    endloop
  endfacet
  facet normal -0 0 1
    outer loop
      vertex 4.29644 -2.11775 4
      vertex 30.4937 -15.0378 4
      vertex 4.42543 -1.83307 4
    endloop
  endfacet
  facet normal 0 0 1
    outer loop
      vertex 1.23887 4.62704 4
      vertex 8.79985 32.8415 4
      vertex 6.63307 33.3467 4
    endloop
  endfacet
  facet normal -0 0 1
    outer loop
      vertex 4.29606 -2.11858 4
      vertex 30.4937 -15.0378 4
      vertex 4.29644 -2.11775 4
    endloop
  endfacet
  facet normal -0 0 1
    outer loop
      vertex 4.29563 -2.11939 4
      vertex 30.4937 -15.0378 4
      vertex 4.29606 -2.11858 4
    endloop
  endfacet
  facet normal 0 0 1
    outer loop
      vertex 33.9272 2.22371 4
      vertex 4.77979 0.313284 4
      vertex 4.79005 0 4
    endloop
  endfacet
  facet normal 0 0 1
    outer loop
      vertex 33.7091 4.43789 4
      vertex 4.74916 0.624319 4
      vertex 4.77979 0.313284 4
    endloop
  endfacet
  facet normal 0 0 1
    outer loop
      vertex 33.7091 4.43789 4
      vertex 4.74907 0.625226 4
      vertex 4.74916 0.624319 4
    endloop
  endfacet
  facet normal 0 0 1
    outer loop
      vertex 33.7091 4.43789 4
      vertex 4.74892 0.626126 4
      vertex 4.74907 0.625226 4
    endloop
  endfacet
  facet normal 0 0 1
    outer loop
      vertex 33.3467 6.63307 4
      vertex 4.69801 0.934492 4
      vertex 4.74892 0.626126 4
    endloop
  endfacet
  facet normal 0 0 1
    outer loop
      vertex 32.8415 8.79985 4
      vertex 4.62704 1.23887 4
      vertex 4.69801 0.934492 4
    endloop
  endfacet
  facet normal 0 0 1
    outer loop
      vertex 32.8415 8.79985 4
      vertex 4.62683 1.23976 4
      vertex 4.62704 1.23887 4
    endloop
  endfacet
  facet normal 0 0 1
    outer loop
      vertex 32.1956 10.9289 4
      vertex 4.53611 1.53884 4
      vertex 4.62683 1.23976 4
    endloop
  endfacet
  facet normal 0 0 1
    outer loop
      vertex 32.1956 10.9289 4
      vertex 4.53584 1.53971 4
      vertex 4.53611 1.53884 4
    endloop
  endfacet
  facet normal 0 0 1
    outer loop
      vertex 32.1956 10.9289 4
      vertex 4.53552 1.54056 4
      vertex 4.53584 1.53971 4
    endloop
  endfacet
  facet normal 0 0 1
    outer loop
      vertex 0.934492 4.69801 4
      vertex 6.63307 33.3467 4
      vertex 4.43789 33.7091 4
    endloop
  endfacet
  facet normal 0 0 1
    outer loop
      vertex 31.4119 13.0112 4
      vertex 4.42543 1.83307 4
      vertex 4.53552 1.54056 4
    endloop
  endfacet
  facet normal 0 0 1
    outer loop
      vertex 30.4937 15.0378 4
      vertex 4.29644 2.11775 4
      vertex 4.42543 1.83307 4
    endloop
  endfacet
  facet normal 0 0 1
    outer loop
      vertex 30.4937 15.0378 4
      vertex 4.29606 2.11858 4
      vertex 4.29644 2.11775 4
    endloop
  endfacet
  facet normal 0 0 1
    outer loop
      vertex 30.4937 15.0378 4
      vertex 4.29563 2.11939 4
      vertex 4.29606 2.11858 4
    endloop
  endfacet
  facet normal 0 0 1
    outer loop
      vertex 29.4449 17 4
      vertex 4.1483 2.39502 4
      vertex 4.29563 2.11939 4
    endloop
  endfacet
  facet normal 0 0 1
    outer loop
      vertex 29.4449 17 4
      vertex 4.14782 2.3958 4
      vertex 4.1483 2.39502 4
    endloop
  endfacet
  facet normal 0 0 1
    outer loop
      vertex 28.27 18.8894 4
      vertex 3.98278 2.66121 4
      vertex 4.14782 2.3958 4
    endloop
  endfacet
  facet normal 0 0 1
    outer loop
      vertex 26.974 20.6979 4
      vertex 3.80073 2.91526 4
      vertex 3.98278 2.66121 4
    endloop
  endfacet
  facet normal 0 0 1
    outer loop
      vertex 26.974 20.6979 4
      vertex 3.8002 2.916 4
      vertex 3.80073 2.91526 4
    endloop
  endfacet
  facet normal 0 0 1
    outer loop
      vertex 26.974 20.6979 4
      vertex 3.79962 2.9167 4
      vertex 3.8002 2.916 4
    endloop
  endfacet
  facet normal 0 0 1
    outer loop
      vertex 25.5626 22.4178 4
      vertex 3.60135 3.1583 4
      vertex 3.79962 2.9167 4
    endloop
  endfacet
  facet normal 0 0 1
    outer loop
      vertex 25.5626 22.4178 4
      vertex 3.60073 3.15896 4
      vertex 3.60135 3.1583 4
    endloop
  endfacet
  facet normal 0 0 1
    outer loop
      vertex 24.0416 24.0416 4
      vertex 3.38708 3.38708 4
      vertex 3.60073 3.15896 4
    endloop
  endfacet
  facet normal 0 0 1
    outer loop
      vertex 22.4178 25.5626 4
      vertex 3.15896 3.60073 4
      vertex 3.38708 3.38708 4
    endloop
  endfacet
  facet normal 0 0 1
    outer loop
      vertex 22.4178 25.5626 4
      vertex 3.1583 3.60135 4
      vertex 3.15896 3.60073 4
    endloop
  endfacet
  facet normal 0 0 1
    outer loop
      vertex 20.6979 26.974 4
      vertex 2.9167 3.79962 4
      vertex 3.1583 3.60135 4
    endloop
  endfacet
  facet normal 0 0 1
    outer loop
      vertex 20.6979 26.974 4
      vertex 2.916 3.8002 4
      vertex 2.9167 3.79962 4
    endloop
  endfacet
  facet normal 0 0 1
    outer loop
      vertex 20.6979 26.974 4
      vertex 2.91526 3.80073 4
      vertex 2.916 3.8002 4
    endloop
  endfacet
  facet normal 0 0 1
    outer loop
      vertex 18.8894 28.27 4
      vertex 2.66121 3.98278 4
      vertex 2.91526 3.80073 4
    endloop
  endfacet
  facet normal 0 0 1
    outer loop
      vertex 17 29.4449 4
      vertex 2.3958 4.14782 4
      vertex 2.66121 3.98278 4
    endloop
  endfacet
  facet normal 0 0 1
    outer loop
      vertex 17 29.4449 4
      vertex 2.39502 4.1483 4
      vertex 2.3958 4.14782 4
    endloop
  endfacet
  facet normal 0 0 1
    outer loop
      vertex 0.624319 4.74916 4
      vertex 4.43789 33.7091 4
      vertex 2.22371 33.9272 4
    endloop
  endfacet
  facet normal 0 0 1
    outer loop
      vertex 15.0378 30.4937 4
      vertex 2.11939 4.29563 4
      vertex 2.39502 4.1483 4
    endloop
  endfacet
  facet normal 0 0 1
    outer loop
      vertex 15.0378 30.4937 4
      vertex 2.11858 4.29606 4
      vertex 2.11939 4.29563 4
    endloop
  endfacet
  facet normal 0 0 1
    outer loop
      vertex 15.0378 30.4937 4
      vertex 2.11775 4.29644 4
      vertex 2.11858 4.29606 4
    endloop
  endfacet
  facet normal 0 0 1
    outer loop
      vertex 13.0112 31.4119 4
      vertex 1.83307 4.42543 4
      vertex 2.11775 4.29644 4
    endloop
  endfacet
  facet normal 0 0 1
    outer loop
      vertex 10.9289 32.1956 4
      vertex 1.54056 4.53552 4
      vertex 1.83307 4.42543 4
    endloop
  endfacet
  facet normal 0 0 1
    outer loop
      vertex 10.9289 32.1956 4
      vertex 1.53971 4.53584 4
      vertex 1.54056 4.53552 4
    endloop
  endfacet
  facet normal 0 0 1
    outer loop
      vertex 10.9289 32.1956 4
      vertex 1.53884 4.53611 4
      vertex 1.53971 4.53584 4
    endloop
  endfacet
  facet normal 0 0 1
    outer loop
      vertex 8.79985 32.8415 4
      vertex 1.23976 4.62683 4
      vertex 1.53884 4.53611 4
    endloop
  endfacet
  facet normal 0 0 1
    outer loop
      vertex 8.79985 32.8415 4
      vertex 1.23887 4.62704 4
      vertex 1.23976 4.62683 4
    endloop
  endfacet
  facet normal 0 0 1
    outer loop
      vertex 6.63307 33.3467 4
      vertex 0.934492 4.69801 4
      vertex 1.23887 4.62704 4
    endloop
  endfacet
  facet normal 0 0 1
    outer loop
      vertex 4.43789 33.7091 4
      vertex 0.626126 4.74892 4
      vertex 0.934492 4.69801 4
    endloop
  endfacet
  facet normal 0 0 1
    outer loop
      vertex 4.43789 33.7091 4
      vertex 0.625226 4.74907 4
      vertex 0.626126 4.74892 4
    endloop
  endfacet
  facet normal 0 0 1
    outer loop
      vertex 4.43789 33.7091 4
      vertex 0.624319 4.74916 4
      vertex 0.625226 4.74907 4
    endloop
  endfacet
  facet normal 0 0 1
    outer loop
      vertex 2.22371 33.9272 4
      vertex 0.313284 4.77979 4
      vertex 0.624319 4.74916 4
    endloop
  endfacet
  facet normal 0 0 1
    outer loop
      vertex 0 34 4
      vertex 0.313284 4.77979 4
      vertex 2.22371 33.9272 4
    endloop
  endfacet
  facet normal 0 0 1
    outer loop
      vertex 0 34 4
      vertex 0 4.79005 4
      vertex 0.313284 4.77979 4
    endloop
  endfacet
  facet normal 0 0 1
    outer loop
      vertex 0 34 4
      vertex -0.313284 4.77979 4
      vertex 0 4.79005 4
    endloop
  endfacet
  facet normal -0 0 1
    outer loop
      vertex -2.22371 33.9272 4
      vertex -0.313284 4.77979 4
      vertex 0 34 4
    endloop
  endfacet
  facet normal 0 0 1
    outer loop
      vertex -0.313284 4.77979 4
      vertex -2.22371 33.9272 4
      vertex -0.624319 4.74916 4
    endloop
  endfacet
  facet normal -0 0 1
    outer loop
      vertex -4.43789 33.7091 4
      vertex -0.624319 4.74916 4
      vertex -2.22371 33.9272 4
    endloop
  endfacet
  facet normal 0 0 1
    outer loop
      vertex -0.624319 4.74916 4
      vertex -4.43789 33.7091 4
      vertex -0.625226 4.74907 4
    endloop
  endfacet
  facet normal 0 0 1
    outer loop
      vertex -0.625226 4.74907 4
      vertex -4.43789 33.7091 4
      vertex -0.626126 4.74892 4
    endloop
  endfacet
  facet normal 0 0 1
    outer loop
      vertex -0.626126 4.74892 4
      vertex -4.43789 33.7091 4
      vertex -0.934492 4.69801 4
    endloop
  endfacet
  facet normal -0 0 1
    outer loop
      vertex -6.63307 33.3467 4
      vertex -0.934492 4.69801 4
      vertex -4.43789 33.7091 4
    endloop
  endfacet
  facet normal 0 0 1
    outer loop
      vertex -0.934492 4.69801 4
      vertex -6.63307 33.3467 4
      vertex -1.23887 4.62704 4
    endloop
  endfacet
  facet normal -0 0 1
    outer loop
      vertex -8.79985 32.8415 4
      vertex -1.23887 4.62704 4
      vertex -6.63307 33.3467 4
    endloop
  endfacet
  facet normal 0 0 1
    outer loop
      vertex -1.23887 4.62704 4
      vertex -8.79985 32.8415 4
      vertex -1.23976 4.62683 4
    endloop
  endfacet
  facet normal 0 0 1
    outer loop
      vertex -1.23976 4.62683 4
      vertex -8.79985 32.8415 4
      vertex -1.53884 4.53611 4
    endloop
  endfacet
  facet normal -0 0 1
    outer loop
      vertex -10.9289 32.1956 4
      vertex -1.53884 4.53611 4
      vertex -8.79985 32.8415 4
    endloop
  endfacet
  facet normal 0 0 1
    outer loop
      vertex -1.53884 4.53611 4
      vertex -10.9289 32.1956 4
      vertex -1.53971 4.53584 4
    endloop
  endfacet
  facet normal 0 0 1
    outer loop
      vertex -1.53971 4.53584 4
      vertex -10.9289 32.1956 4
      vertex -1.54056 4.53552 4
    endloop
  endfacet
  facet normal 0 0 1
    outer loop
      vertex -1.54056 4.53552 4
      vertex -10.9289 32.1956 4
      vertex -1.83307 4.42543 4
    endloop
  endfacet
  facet normal -0 0 1
    outer loop
      vertex -13.0112 31.4119 4
      vertex -1.83307 4.42543 4
      vertex -10.9289 32.1956 4
    endloop
  endfacet
  facet normal 0 0 1
    outer loop
      vertex -1.83307 4.42543 4
      vertex -13.0112 31.4119 4
      vertex -2.11775 4.29644 4
    endloop
  endfacet
  facet normal -0 0 1
    outer loop
      vertex -15.0378 30.4937 4
      vertex -2.11775 4.29644 4
      vertex -13.0112 31.4119 4
    endloop
  endfacet
  facet normal 0 0 1
    outer loop
      vertex -2.11775 4.29644 4
      vertex -15.0378 30.4937 4
      vertex -2.11858 4.29606 4
    endloop
  endfacet
  facet normal 0 0 1
    outer loop
      vertex -2.11858 4.29606 4
      vertex -15.0378 30.4937 4
      vertex -2.11939 4.29563 4
    endloop
  endfacet
  facet normal 0 0 1
    outer loop
      vertex -2.11939 4.29563 4
      vertex -15.0378 30.4937 4
      vertex -2.39502 4.1483 4
    endloop
  endfacet
  facet normal -0 0 1
    outer loop
      vertex -17 29.4449 4
      vertex -2.39502 4.1483 4
      vertex -15.0378 30.4937 4
    endloop
  endfacet
  facet normal 0 0 1
    outer loop
      vertex -2.39502 4.1483 4
      vertex -17 29.4449 4
      vertex -2.3958 4.14782 4
    endloop
  endfacet
  facet normal 0 0 1
    outer loop
      vertex -2.3958 4.14782 4
      vertex -17 29.4449 4
      vertex -2.66121 3.98278 4
    endloop
  endfacet
  facet normal -0 0 1
    outer loop
      vertex -18.8894 28.27 4
      vertex -2.66121 3.98278 4
      vertex -17 29.4449 4
    endloop
  endfacet
  facet normal 0 0 1
    outer loop
      vertex -2.66121 3.98278 4
      vertex -18.8894 28.27 4
      vertex -2.91526 3.80073 4
    endloop
  endfacet
  facet normal -0 0 1
    outer loop
      vertex -20.6979 26.974 4
      vertex -2.91526 3.80073 4
      vertex -18.8894 28.27 4
    endloop
  endfacet
  facet normal 0 0 1
    outer loop
      vertex -2.91526 3.80073 4
      vertex -20.6979 26.974 4
      vertex -2.916 3.8002 4
    endloop
  endfacet
  facet normal 0 0 1
    outer loop
      vertex -2.916 3.8002 4
      vertex -20.6979 26.974 4
      vertex -2.9167 3.79962 4
    endloop
  endfacet
  facet normal 0 0 1
    outer loop
      vertex -2.9167 3.79962 4
      vertex -20.6979 26.974 4
      vertex -3.1583 3.60135 4
    endloop
  endfacet
  facet normal -0 0 1
    outer loop
      vertex -22.4178 25.5626 4
      vertex -3.1583 3.60135 4
      vertex -20.6979 26.974 4
    endloop
  endfacet
  facet normal 0 0 1
    outer loop
      vertex -3.1583 3.60135 4
      vertex -22.4178 25.5626 4
      vertex -3.15896 3.60073 4
    endloop
  endfacet
  facet normal 0 0 1
    outer loop
      vertex -3.15896 3.60073 4
      vertex -22.4178 25.5626 4
      vertex -3.38708 3.38708 4
    endloop
  endfacet
  facet normal -0 0 1
    outer loop
      vertex -24.0416 24.0416 4
      vertex -3.38708 3.38708 4
      vertex -22.4178 25.5626 4
    endloop
  endfacet
  facet normal 0 0 1
    outer loop
      vertex -3.38708 3.38708 4
      vertex -24.0416 24.0416 4
      vertex -3.60073 3.15896 4
    endloop
  endfacet
  facet normal -0 0 1
    outer loop
      vertex -25.5626 22.4178 4
      vertex -3.60073 3.15896 4
      vertex -24.0416 24.0416 4
    endloop
  endfacet
  facet normal 0 0 1
    outer loop
      vertex -3.60073 3.15896 4
      vertex -25.5626 22.4178 4
      vertex -3.60135 3.1583 4
    endloop
  endfacet
  facet normal 0 0 1
    outer loop
      vertex -3.60135 3.1583 4
      vertex -25.5626 22.4178 4
      vertex -3.79962 2.9167 4
    endloop
  endfacet
  facet normal -0 0 1
    outer loop
      vertex -26.974 20.6979 4
      vertex -3.79962 2.9167 4
      vertex -25.5626 22.4178 4
    endloop
  endfacet
  facet normal 0 0 1
    outer loop
      vertex -3.79962 2.9167 4
      vertex -26.974 20.6979 4
      vertex -3.8002 2.916 4
    endloop
  endfacet
  facet normal 0 0 1
    outer loop
      vertex -3.8002 2.916 4
      vertex -26.974 20.6979 4
      vertex -3.80073 2.91526 4
    endloop
  endfacet
  facet normal 0 0 1
    outer loop
      vertex -3.80073 2.91526 4
      vertex -26.974 20.6979 4
      vertex -3.98278 2.66121 4
    endloop
  endfacet
  facet normal -0 0 1
    outer loop
      vertex -28.27 18.8894 4
      vertex -3.98278 2.66121 4
      vertex -26.974 20.6979 4
    endloop
  endfacet
  facet normal 0 0 1
    outer loop
      vertex -3.98278 2.66121 4
      vertex -28.27 18.8894 4
      vertex -4.14782 2.3958 4
    endloop
  endfacet
  facet normal -0 0 1
    outer loop
      vertex -29.4449 17 4
      vertex -4.14782 2.3958 4
      vertex -28.27 18.8894 4
    endloop
  endfacet
  facet normal 0 0 1
    outer loop
      vertex -4.14782 2.3958 4
      vertex -29.4449 17 4
      vertex -4.1483 2.39502 4
    endloop
  endfacet
  facet normal 0 0 1
    outer loop
      vertex -4.1483 2.39502 4
      vertex -29.4449 17 4
      vertex -4.29563 2.11939 4
    endloop
  endfacet
  facet normal -0 0 1
    outer loop
      vertex -30.4937 15.0378 4
      vertex -4.29563 2.11939 4
      vertex -29.4449 17 4
    endloop
  endfacet
  facet normal 0 0 1
    outer loop
      vertex 30.4937 -15.0378 4
      vertex 4.29563 -2.11939 4
      vertex 29.4449 -17 4
    endloop
  endfacet
  facet normal -0 0 1
    outer loop
      vertex 4.1483 -2.39502 4
      vertex 29.4449 -17 4
      vertex 4.29563 -2.11939 4
    endloop
  endfacet
  facet normal -0 0 1
    outer loop
      vertex 4.14782 -2.3958 4
      vertex 29.4449 -17 4
      vertex 4.1483 -2.39502 4
    endloop
  endfacet
  facet normal 0 0 1
    outer loop
      vertex 29.4449 -17 4
      vertex 4.14782 -2.3958 4
      vertex 28.27 -18.8894 4
    endloop
  endfacet
  facet normal -0 0 1
    outer loop
      vertex 3.98278 -2.66121 4
      vertex 28.27 -18.8894 4
      vertex 4.14782 -2.3958 4
    endloop
  endfacet
  facet normal 0 0 1
    outer loop
      vertex 28.27 -18.8894 4
      vertex 3.98278 -2.66121 4
      vertex 26.974 -20.6979 4
    endloop
  endfacet
  facet normal -0 0 1
    outer loop
      vertex 3.80073 -2.91526 4
      vertex 26.974 -20.6979 4
      vertex 3.98278 -2.66121 4
    endloop
  endfacet
  facet normal -0 0 1
    outer loop
      vertex 3.8002 -2.916 4
      vertex 26.974 -20.6979 4
      vertex 3.80073 -2.91526 4
    endloop
  endfacet
  facet normal -0 0 1
    outer loop
      vertex 3.79962 -2.9167 4
      vertex 26.974 -20.6979 4
      vertex 3.8002 -2.916 4
    endloop
  endfacet
  facet normal 0 0 1
    outer loop
      vertex 26.974 -20.6979 4
      vertex 3.79962 -2.9167 4
      vertex 25.5626 -22.4178 4
    endloop
  endfacet
  facet normal -0 0 1
    outer loop
      vertex 3.60135 -3.1583 4
      vertex 25.5626 -22.4178 4
      vertex 3.79962 -2.9167 4
    endloop
  endfacet
  facet normal -0 0 1
    outer loop
      vertex 3.60073 -3.15896 4
      vertex 25.5626 -22.4178 4
      vertex 3.60135 -3.1583 4
    endloop
  endfacet
  facet normal 0 0 1
    outer loop
      vertex 25.5626 -22.4178 4
      vertex 3.60073 -3.15896 4
      vertex 24.0416 -24.0416 4
    endloop
  endfacet
  facet normal -0 0 1
    outer loop
      vertex 3.38708 -3.38708 4
      vertex 24.0416 -24.0416 4
      vertex 3.60073 -3.15896 4
    endloop
  endfacet
  facet normal 0 0 1
    outer loop
      vertex 24.0416 -24.0416 4
      vertex 3.38708 -3.38708 4
      vertex 22.4178 -25.5626 4
    endloop
  endfacet
  facet normal -0 0 1
    outer loop
      vertex 3.15896 -3.60073 4
      vertex 22.4178 -25.5626 4
      vertex 3.38708 -3.38708 4
    endloop
  endfacet
  facet normal -0 0 1
    outer loop
      vertex 3.1583 -3.60135 4
      vertex 22.4178 -25.5626 4
      vertex 3.15896 -3.60073 4
    endloop
  endfacet
  facet normal 0 0 1
    outer loop
      vertex 22.4178 -25.5626 4
      vertex 3.1583 -3.60135 4
      vertex 20.6979 -26.974 4
    endloop
  endfacet
  facet normal -0 0 1
    outer loop
      vertex 2.9167 -3.79962 4
      vertex 20.6979 -26.974 4
      vertex 3.1583 -3.60135 4
    endloop
  endfacet
  facet normal -0 0 1
    outer loop
      vertex 2.916 -3.8002 4
      vertex 20.6979 -26.974 4
      vertex 2.9167 -3.79962 4
    endloop
  endfacet
  facet normal -0 0 1
    outer loop
      vertex 2.91526 -3.80073 4
      vertex 20.6979 -26.974 4
      vertex 2.916 -3.8002 4
    endloop
  endfacet
  facet normal 0 0 1
    outer loop
      vertex 20.6979 -26.974 4
      vertex 2.91526 -3.80073 4
      vertex 18.8894 -28.27 4
    endloop
  endfacet
  facet normal -0 0 1
    outer loop
      vertex 2.66121 -3.98278 4
      vertex 18.8894 -28.27 4
      vertex 2.91526 -3.80073 4
    endloop
  endfacet
  facet normal 0 0 1
    outer loop
      vertex 18.8894 -28.27 4
      vertex 2.66121 -3.98278 4
      vertex 17 -29.4449 4
    endloop
  endfacet
  facet normal -0 0 1
    outer loop
      vertex 2.3958 -4.14782 4
      vertex 17 -29.4449 4
      vertex 2.66121 -3.98278 4
    endloop
  endfacet
  facet normal -0 0 1
    outer loop
      vertex 2.39502 -4.1483 4
      vertex 17 -29.4449 4
      vertex 2.3958 -4.14782 4
    endloop
  endfacet
  facet normal 0 0 1
    outer loop
      vertex 17 -29.4449 4
      vertex 2.39502 -4.1483 4
      vertex 15.0378 -30.4937 4
    endloop
  endfacet
  facet normal -0 0 1
    outer loop
      vertex 2.11939 -4.29563 4
      vertex 15.0378 -30.4937 4
      vertex 2.39502 -4.1483 4
    endloop
  endfacet
  facet normal -0 0 1
    outer loop
      vertex 2.11858 -4.29606 4
      vertex 15.0378 -30.4937 4
      vertex 2.11939 -4.29563 4
    endloop
  endfacet
  facet normal -0 0 1
    outer loop
      vertex 2.11775 -4.29644 4
      vertex 15.0378 -30.4937 4
      vertex 2.11858 -4.29606 4
    endloop
  endfacet
  facet normal 0 0 1
    outer loop
      vertex 15.0378 -30.4937 4
      vertex 2.11775 -4.29644 4
      vertex 13.0112 -31.4119 4
    endloop
  endfacet
  facet normal -0 0 1
    outer loop
      vertex 1.83307 -4.42543 4
      vertex 13.0112 -31.4119 4
      vertex 2.11775 -4.29644 4
    endloop
  endfacet
  facet normal 0 0 1
    outer loop
      vertex 13.0112 -31.4119 4
      vertex 1.83307 -4.42543 4
      vertex 10.9289 -32.1956 4
    endloop
  endfacet
  facet normal -0 0 1
    outer loop
      vertex 1.54056 -4.53552 4
      vertex 10.9289 -32.1956 4
      vertex 1.83307 -4.42543 4
    endloop
  endfacet
  facet normal -0 0 1
    outer loop
      vertex 1.53971 -4.53584 4
      vertex 10.9289 -32.1956 4
      vertex 1.54056 -4.53552 4
    endloop
  endfacet
  facet normal -0 0 1
    outer loop
      vertex 1.53884 -4.53611 4
      vertex 10.9289 -32.1956 4
      vertex 1.53971 -4.53584 4
    endloop
  endfacet
  facet normal 0 0 1
    outer loop
      vertex 10.9289 -32.1956 4
      vertex 1.53884 -4.53611 4
      vertex 8.79985 -32.8415 4
    endloop
  endfacet
  facet normal -0 0 1
    outer loop
      vertex 1.23976 -4.62683 4
      vertex 8.79985 -32.8415 4
      vertex 1.53884 -4.53611 4
    endloop
  endfacet
  facet normal -0 0 1
    outer loop
      vertex 1.23887 -4.62704 4
      vertex 8.79985 -32.8415 4
      vertex 1.23976 -4.62683 4
    endloop
  endfacet
  facet normal 0 0 1
    outer loop
      vertex 8.79985 -32.8415 4
      vertex 1.23887 -4.62704 4
      vertex 6.63307 -33.3467 4
    endloop
  endfacet
  facet normal -0 0 1
    outer loop
      vertex 0.934492 -4.69801 4
      vertex 6.63307 -33.3467 4
      vertex 1.23887 -4.62704 4
    endloop
  endfacet
  facet normal 0 0 1
    outer loop
      vertex 6.63307 -33.3467 4
      vertex 0.934492 -4.69801 4
      vertex 4.43789 -33.7091 4
    endloop
  endfacet
  facet normal -0 0 1
    outer loop
      vertex 0.626126 -4.74892 4
      vertex 4.43789 -33.7091 4
      vertex 0.934492 -4.69801 4
    endloop
  endfacet
  facet normal -0 0 1
    outer loop
      vertex 0.625226 -4.74907 4
      vertex 4.43789 -33.7091 4
      vertex 0.626126 -4.74892 4
    endloop
  endfacet
  facet normal -0 0 1
    outer loop
      vertex 0.624319 -4.74916 4
      vertex 4.43789 -33.7091 4
      vertex 0.625226 -4.74907 4
    endloop
  endfacet
  facet normal 0 0 1
    outer loop
      vertex 4.43789 -33.7091 4
      vertex 0.624319 -4.74916 4
      vertex 2.22371 -33.9272 4
    endloop
  endfacet
  facet normal -0 0 1
    outer loop
      vertex 0.313284 -4.77979 4
      vertex 2.22371 -33.9272 4
      vertex 0.624319 -4.74916 4
    endloop
  endfacet
  facet normal -0 0 1
    outer loop
      vertex 0 -4.79005 4
      vertex 2.22371 -33.9272 4
      vertex 0.313284 -4.77979 4
    endloop
  endfacet
  facet normal 0 0 1
    outer loop
      vertex 0 -4.79005 4
      vertex 0 -34 4
      vertex 2.22371 -33.9272 4
    endloop
  endfacet
  facet normal 0 0 1
    outer loop
      vertex -0.313284 -4.77979 4
      vertex 0 -34 4
      vertex 0 -4.79005 4
    endloop
  endfacet
  facet normal 0 0 1
    outer loop
      vertex -2.22371 -33.9272 4
      vertex -0.313284 -4.77979 4
      vertex -0.624319 -4.74916 4
    endloop
  endfacet
  facet normal 0 0 1
    outer loop
      vertex -4.43789 -33.7091 4
      vertex -0.624319 -4.74916 4
      vertex -0.625226 -4.74907 4
    endloop
  endfacet
  facet normal 0 0 1
    outer loop
      vertex -4.43789 -33.7091 4
      vertex -0.625226 -4.74907 4
      vertex -0.626126 -4.74892 4
    endloop
  endfacet
  facet normal 0 0 1
    outer loop
      vertex -4.43789 -33.7091 4
      vertex -0.626126 -4.74892 4
      vertex -0.934492 -4.69801 4
    endloop
  endfacet
  facet normal 0 0 1
    outer loop
      vertex -6.63307 -33.3467 4
      vertex -0.934492 -4.69801 4
      vertex -1.23887 -4.62704 4
    endloop
  endfacet
  facet normal 0 0 1
    outer loop
      vertex -8.79985 -32.8415 4
      vertex -1.23887 -4.62704 4
      vertex -1.23976 -4.62683 4
    endloop
  endfacet
  facet normal 0 0 1
    outer loop
      vertex -8.79985 -32.8415 4
      vertex -1.23976 -4.62683 4
      vertex -1.53884 -4.53611 4
    endloop
  endfacet
  facet normal 0 0 1
    outer loop
      vertex -10.9289 -32.1956 4
      vertex -1.53884 -4.53611 4
      vertex -1.53971 -4.53584 4
    endloop
  endfacet
  facet normal 0 0 1
    outer loop
      vertex -10.9289 -32.1956 4
      vertex -1.53971 -4.53584 4
      vertex -1.54056 -4.53552 4
    endloop
  endfacet
  facet normal 0 0 1
    outer loop
      vertex -10.9289 -32.1956 4
      vertex -1.54056 -4.53552 4
      vertex -1.83307 -4.42543 4
    endloop
  endfacet
  facet normal 0 0 1
    outer loop
      vertex -13.0112 -31.4119 4
      vertex -1.83307 -4.42543 4
      vertex -2.11775 -4.29644 4
    endloop
  endfacet
  facet normal 0 0 1
    outer loop
      vertex -15.0378 -30.4937 4
      vertex -2.11775 -4.29644 4
      vertex -2.11858 -4.29606 4
    endloop
  endfacet
  facet normal 0 0 1
    outer loop
      vertex -15.0378 -30.4937 4
      vertex -2.11858 -4.29606 4
      vertex -2.11939 -4.29563 4
    endloop
  endfacet
  facet normal 0 0 1
    outer loop
      vertex -0.313284 -4.77979 4
      vertex -2.22371 -33.9272 4
      vertex 0 -34 4
    endloop
  endfacet
  facet normal 0 0 1
    outer loop
      vertex -15.0378 -30.4937 4
      vertex -2.11939 -4.29563 4
      vertex -2.39502 -4.1483 4
    endloop
  endfacet
  facet normal 0 0 1
    outer loop
      vertex -17 -29.4449 4
      vertex -2.39502 -4.1483 4
      vertex -2.3958 -4.14782 4
    endloop
  endfacet
  facet normal 0 0 1
    outer loop
      vertex -17 -29.4449 4
      vertex -2.3958 -4.14782 4
      vertex -2.66121 -3.98278 4
    endloop
  endfacet
  facet normal 0 0 1
    outer loop
      vertex -18.8894 -28.27 4
      vertex -2.66121 -3.98278 4
      vertex -2.91526 -3.80073 4
    endloop
  endfacet
  facet normal 0 0 1
    outer loop
      vertex -20.6979 -26.974 4
      vertex -2.91526 -3.80073 4
      vertex -2.916 -3.8002 4
    endloop
  endfacet
  facet normal 0 0 1
    outer loop
      vertex -20.6979 -26.974 4
      vertex -2.916 -3.8002 4
      vertex -2.9167 -3.79962 4
    endloop
  endfacet
  facet normal 0 0 1
    outer loop
      vertex -20.6979 -26.974 4
      vertex -2.9167 -3.79962 4
      vertex -3.1583 -3.60135 4
    endloop
  endfacet
  facet normal 0 0 1
    outer loop
      vertex -22.4178 -25.5626 4
      vertex -3.1583 -3.60135 4
      vertex -3.15896 -3.60073 4
    endloop
  endfacet
  facet normal 0 0 1
    outer loop
      vertex -22.4178 -25.5626 4
      vertex -3.15896 -3.60073 4
      vertex -3.38708 -3.38708 4
    endloop
  endfacet
  facet normal 0 0 1
    outer loop
      vertex -24.0416 -24.0416 4
      vertex -3.38708 -3.38708 4
      vertex -3.60073 -3.15896 4
    endloop
  endfacet
  facet normal 0 0 1
    outer loop
      vertex -25.5626 -22.4178 4
      vertex -3.60073 -3.15896 4
      vertex -3.60135 -3.1583 4
    endloop
  endfacet
  facet normal 0 0 1
    outer loop
      vertex -25.5626 -22.4178 4
      vertex -3.60135 -3.1583 4
      vertex -3.79962 -2.9167 4
    endloop
  endfacet
  facet normal 0 0 1
    outer loop
      vertex -26.974 -20.6979 4
      vertex -3.79962 -2.9167 4
      vertex -3.8002 -2.916 4
    endloop
  endfacet
  facet normal 0 0 1
    outer loop
      vertex -26.974 -20.6979 4
      vertex -3.8002 -2.916 4
      vertex -3.80073 -2.91526 4
    endloop
  endfacet
  facet normal 0 0 1
    outer loop
      vertex -26.974 -20.6979 4
      vertex -3.80073 -2.91526 4
      vertex -3.98278 -2.66121 4
    endloop
  endfacet
  facet normal 0 0 1
    outer loop
      vertex -28.27 -18.8894 4
      vertex -3.98278 -2.66121 4
      vertex -4.14782 -2.3958 4
    endloop
  endfacet
  facet normal 0 0 1
    outer loop
      vertex -29.4449 -17 4
      vertex -4.14782 -2.3958 4
      vertex -4.1483 -2.39502 4
    endloop
  endfacet
  facet normal 0 0 1
    outer loop
      vertex -29.4449 -17 4
      vertex -4.1483 -2.39502 4
      vertex -4.29563 -2.11939 4
    endloop
  endfacet
  facet normal 0 0 1
    outer loop
      vertex -30.4937 -15.0378 4
      vertex -4.29563 -2.11939 4
      vertex -4.29606 -2.11858 4
    endloop
  endfacet
  facet normal 0 0 1
    outer loop
      vertex -30.4937 -15.0378 4
      vertex -4.29606 -2.11858 4
      vertex -4.29644 -2.11775 4
    endloop
  endfacet
  facet normal 0 0 1
    outer loop
      vertex -30.4937 -15.0378 4
      vertex -4.29644 -2.11775 4
      vertex -4.42543 -1.83307 4
    endloop
  endfacet
  facet normal 0 0 1
    outer loop
      vertex -0.624319 -4.74916 4
      vertex -4.43789 -33.7091 4
      vertex -2.22371 -33.9272 4
    endloop
  endfacet
  facet normal 0 0 1
    outer loop
      vertex -31.4119 -13.0112 4
      vertex -4.42543 -1.83307 4
      vertex -4.53552 -1.54056 4
    endloop
  endfacet
  facet normal 0 0 1
    outer loop
      vertex -32.1956 -10.9289 4
      vertex -4.53552 -1.54056 4
      vertex -4.53584 -1.53971 4
    endloop
  endfacet
  facet normal 0 0 1
    outer loop
      vertex -32.1956 -10.9289 4
      vertex -4.53584 -1.53971 4
      vertex -4.53611 -1.53884 4
    endloop
  endfacet
  facet normal 0 0 1
    outer loop
      vertex -32.1956 -10.9289 4
      vertex -4.53611 -1.53884 4
      vertex -4.62683 -1.23976 4
    endloop
  endfacet
  facet normal 0 0 1
    outer loop
      vertex -32.8415 -8.79985 4
      vertex -4.62683 -1.23976 4
      vertex -4.62704 -1.23887 4
    endloop
  endfacet
  facet normal 0 0 1
    outer loop
      vertex -32.8415 -8.79985 4
      vertex -4.62704 -1.23887 4
      vertex -4.69801 -0.934492 4
    endloop
  endfacet
  facet normal 0 0 1
    outer loop
      vertex -33.3467 -6.63307 4
      vertex -4.69801 -0.934492 4
      vertex -4.74892 -0.626126 4
    endloop
  endfacet
  facet normal 0 0 1
    outer loop
      vertex -33.7091 -4.43789 4
      vertex -4.74892 -0.626126 4
      vertex -4.74907 -0.625226 4
    endloop
  endfacet
  facet normal 0 0 1
    outer loop
      vertex -33.7091 -4.43789 4
      vertex -4.74907 -0.625226 4
      vertex -4.74916 -0.624319 4
    endloop
  endfacet
  facet normal 0 0 1
    outer loop
      vertex -33.7091 -4.43789 4
      vertex -4.74916 -0.624319 4
      vertex -4.77979 -0.313284 4
    endloop
  endfacet
  facet normal 0 0 1
    outer loop
      vertex -33.9272 -2.22371 4
      vertex -4.77979 -0.313284 4
      vertex -4.79005 0 4
    endloop
  endfacet
  facet normal 0 0 1
    outer loop
      vertex -4.29563 2.11939 4
      vertex -30.4937 15.0378 4
      vertex -4.29606 2.11858 4
    endloop
  endfacet
  facet normal 0 0 1
    outer loop
      vertex -0.934492 -4.69801 4
      vertex -6.63307 -33.3467 4
      vertex -4.43789 -33.7091 4
    endloop
  endfacet
  facet normal 0 0 1
    outer loop
      vertex -4.29606 2.11858 4
      vertex -30.4937 15.0378 4
      vertex -4.29644 2.11775 4
    endloop
  endfacet
  facet normal 0 0 1
    outer loop
      vertex -1.23887 -4.62704 4
      vertex -8.79985 -32.8415 4
      vertex -6.63307 -33.3467 4
    endloop
  endfacet
  facet normal 0 0 1
    outer loop
      vertex -4.29644 2.11775 4
      vertex -30.4937 15.0378 4
      vertex -4.42543 1.83307 4
    endloop
  endfacet
  facet normal 0 0 1
    outer loop
      vertex -1.53884 -4.53611 4
      vertex -10.9289 -32.1956 4
      vertex -8.79985 -32.8415 4
    endloop
  endfacet
  facet normal -0 0 1
    outer loop
      vertex -31.4119 13.0112 4
      vertex -4.42543 1.83307 4
      vertex -30.4937 15.0378 4
    endloop
  endfacet
  facet normal 0 0 1
    outer loop
      vertex -1.83307 -4.42543 4
      vertex -13.0112 -31.4119 4
      vertex -10.9289 -32.1956 4
    endloop
  endfacet
  facet normal 0 0 1
    outer loop
      vertex -4.42543 1.83307 4
      vertex -31.4119 13.0112 4
      vertex -4.53552 1.54056 4
    endloop
  endfacet
  facet normal 0 0 1
    outer loop
      vertex -2.11775 -4.29644 4
      vertex -15.0378 -30.4937 4
      vertex -13.0112 -31.4119 4
    endloop
  endfacet
  facet normal -0 0 1
    outer loop
      vertex -32.1956 10.9289 4
      vertex -4.53552 1.54056 4
      vertex -31.4119 13.0112 4
    endloop
  endfacet
  facet normal 0 0 1
    outer loop
      vertex -2.39502 -4.1483 4
      vertex -17 -29.4449 4
      vertex -15.0378 -30.4937 4
    endloop
  endfacet
  facet normal 0 0 1
    outer loop
      vertex -4.53552 1.54056 4
      vertex -32.1956 10.9289 4
      vertex -4.53584 1.53971 4
    endloop
  endfacet
  facet normal 0 0 1
    outer loop
      vertex -2.66121 -3.98278 4
      vertex -18.8894 -28.27 4
      vertex -17 -29.4449 4
    endloop
  endfacet
  facet normal 0 0 1
    outer loop
      vertex -4.53584 1.53971 4
      vertex -32.1956 10.9289 4
      vertex -4.53611 1.53884 4
    endloop
  endfacet
  facet normal 0 0 1
    outer loop
      vertex -2.91526 -3.80073 4
      vertex -20.6979 -26.974 4
      vertex -18.8894 -28.27 4
    endloop
  endfacet
  facet normal 0 0 1
    outer loop
      vertex -4.53611 1.53884 4
      vertex -32.1956 10.9289 4
      vertex -4.62683 1.23976 4
    endloop
  endfacet
  facet normal 0 0 1
    outer loop
      vertex -3.1583 -3.60135 4
      vertex -22.4178 -25.5626 4
      vertex -20.6979 -26.974 4
    endloop
  endfacet
  facet normal -0 0 1
    outer loop
      vertex -32.8415 8.79985 4
      vertex -4.62683 1.23976 4
      vertex -32.1956 10.9289 4
    endloop
  endfacet
  facet normal 0 0 1
    outer loop
      vertex -3.38708 -3.38708 4
      vertex -24.0416 -24.0416 4
      vertex -22.4178 -25.5626 4
    endloop
  endfacet
  facet normal 0 0 1
    outer loop
      vertex -4.62683 1.23976 4
      vertex -32.8415 8.79985 4
      vertex -4.62704 1.23887 4
    endloop
  endfacet
  facet normal 0 0 1
    outer loop
      vertex -3.60073 -3.15896 4
      vertex -25.5626 -22.4178 4
      vertex -24.0416 -24.0416 4
    endloop
  endfacet
  facet normal 0 0 1
    outer loop
      vertex -4.62704 1.23887 4
      vertex -32.8415 8.79985 4
      vertex -4.69801 0.934492 4
    endloop
  endfacet
  facet normal 0 0 1
    outer loop
      vertex -3.79962 -2.9167 4
      vertex -26.974 -20.6979 4
      vertex -25.5626 -22.4178 4
    endloop
  endfacet
  facet normal -0 0 1
    outer loop
      vertex -33.3467 6.63307 4
      vertex -4.69801 0.934492 4
      vertex -32.8415 8.79985 4
    endloop
  endfacet
  facet normal 0 0 1
    outer loop
      vertex -3.98278 -2.66121 4
      vertex -28.27 -18.8894 4
      vertex -26.974 -20.6979 4
    endloop
  endfacet
  facet normal 0 0 1
    outer loop
      vertex -4.69801 0.934492 4
      vertex -33.3467 6.63307 4
      vertex -4.74892 0.626126 4
    endloop
  endfacet
  facet normal 0 0 1
    outer loop
      vertex -4.14782 -2.3958 4
      vertex -29.4449 -17 4
      vertex -28.27 -18.8894 4
    endloop
  endfacet
  facet normal -0 0 1
    outer loop
      vertex -33.7091 4.43789 4
      vertex -4.74892 0.626126 4
      vertex -33.3467 6.63307 4
    endloop
  endfacet
  facet normal 0 0 1
    outer loop
      vertex -4.29563 -2.11939 4
      vertex -30.4937 -15.0378 4
      vertex -29.4449 -17 4
    endloop
  endfacet
  facet normal 0 0 1
    outer loop
      vertex -4.74892 0.626126 4
      vertex -33.7091 4.43789 4
      vertex -4.74907 0.625226 4
    endloop
  endfacet
  facet normal 0 0 1
    outer loop
      vertex -4.42543 -1.83307 4
      vertex -31.4119 -13.0112 4
      vertex -30.4937 -15.0378 4
    endloop
  endfacet
  facet normal 0 0 1
    outer loop
      vertex -4.74907 0.625226 4
      vertex -33.7091 4.43789 4
      vertex -4.74916 0.624319 4
    endloop
  endfacet
  facet normal 0 0 1
    outer loop
      vertex -4.53552 -1.54056 4
      vertex -32.1956 -10.9289 4
      vertex -31.4119 -13.0112 4
    endloop
  endfacet
  facet normal 0 0 1
    outer loop
      vertex -4.74916 0.624319 4
      vertex -33.7091 4.43789 4
      vertex -4.77979 0.313284 4
    endloop
  endfacet
  facet normal 0 0 1
    outer loop
      vertex -4.62683 -1.23976 4
      vertex -32.8415 -8.79985 4
      vertex -32.1956 -10.9289 4
    endloop
  endfacet
  facet normal -0 0 1
    outer loop
      vertex -33.9272 2.22371 4
      vertex -4.77979 0.313284 4
      vertex -33.7091 4.43789 4
    endloop
  endfacet
  facet normal 0 0 1
    outer loop
      vertex -4.69801 -0.934492 4
      vertex -33.3467 -6.63307 4
      vertex -32.8415 -8.79985 4
    endloop
  endfacet
  facet normal 0 0 1
    outer loop
      vertex -4.77979 0.313284 4
      vertex -33.9272 2.22371 4
      vertex -4.79005 0 4
    endloop
  endfacet
  facet normal 0 0 1
    outer loop
      vertex -4.74892 -0.626126 4
      vertex -33.7091 -4.43789 4
      vertex -33.3467 -6.63307 4
    endloop
  endfacet
  facet normal 0 0 1
    outer loop
      vertex -34 0 4
      vertex -4.79005 0 4
      vertex -33.9272 2.22371 4
    endloop
  endfacet
  facet normal 0 0 1
    outer loop
      vertex -4.77979 -0.313284 4
      vertex -33.9272 -2.22371 4
      vertex -33.7091 -4.43789 4
    endloop
  endfacet
  facet normal 0 0 1
    outer loop
      vertex -4.79005 0 4
      vertex -34 0 4
      vertex -33.9272 -2.22371 4
    endloop
  endfacet
  facet normal 0.995184 -0.0980203 0
    outer loop
      vertex 2.77604 -0.365473 10.3
      vertex 2.794 -0.183128 6
      vertex 2.794 -0.183128 10.3
    endloop
  endfacet
  facet normal 0.995184 -0.0980203 0
    outer loop
      vertex 2.794 -0.183128 6
      vertex 2.77604 -0.365473 10.3
      vertex 2.77604 -0.365473 6
    endloop
  endfacet
  facet normal 0.999464 -0.0327464 0
    outer loop
      vertex 2.794 -0.183128 10.3
      vertex 2.8 0 6
      vertex 2.8 0 10.3
    endloop
  endfacet
  facet normal 0.999464 -0.0327464 0
    outer loop
      vertex 2.8 0 6
      vertex 2.794 -0.183128 10.3
      vertex 2.794 -0.183128 6
    endloop
  endfacet
  facet normal 0.986649 -0.16286 0
    outer loop
      vertex 2.7462 -0.546252 10.3
      vertex 2.77604 -0.365473 6
      vertex 2.77604 -0.365473 10.3
    endloop
  endfacet
  facet normal 0.986649 -0.16286 0
    outer loop
      vertex 2.77604 -0.365473 6
      vertex 2.7462 -0.546252 10.3
      vertex 2.7462 -0.546252 6
    endloop
  endfacet
  facet normal 0.973873 -0.227094 0
    outer loop
      vertex 2.70459 -0.724693 10.3
      vertex 2.7462 -0.546252 6
      vertex 2.7462 -0.546252 10.3
    endloop
  endfacet
  facet normal 0.973873 -0.227094 0
    outer loop
      vertex 2.7462 -0.546252 6
      vertex 2.70459 -0.724693 10.3
      vertex 2.70459 -0.724693 6
    endloop
  endfacet
  facet normal 0.582471 -0.812851 0
    outer loop
      vertex 1.5556 -2.32811 6
      vertex 1.70453 -2.22139 10.3
      vertex 1.5556 -2.32811 10.3
    endloop
  endfacet
  facet normal 0.582471 -0.812851 0
    outer loop
      vertex 1.70453 -2.22139 10.3
      vertex 1.5556 -2.32811 6
      vertex 1.70453 -2.22139 6
    endloop
  endfacet
  facet normal 0.412701 0.910867 -0
    outer loop
      vertex 1.23841 2.51124 6
      vertex 1.07151 2.58686 10.3
      vertex 1.23841 2.51124 10.3
    endloop
  endfacet
  facet normal 0.412701 0.910867 0
    outer loop
      vertex 1.07151 2.58686 10.3
      vertex 1.23841 2.51124 6
      vertex 1.07151 2.58686 6
    endloop
  endfacet
  facet normal 0.999464 0.0327464 0
    outer loop
      vertex 2.8 0 10.3
      vertex 2.794 0.183128 6
      vertex 2.794 0.183128 10.3
    endloop
  endfacet
  facet normal 0.999464 0.0327464 0
    outer loop
      vertex 2.794 0.183128 6
      vertex 2.8 0 10.3
      vertex 2.8 0 6
    endloop
  endfacet
  facet normal 0.986649 0.16286 0
    outer loop
      vertex 2.77604 0.365473 10.3
      vertex 2.7462 0.546252 6
      vertex 2.7462 0.546252 10.3
    endloop
  endfacet
  facet normal 0.986649 0.16286 0
    outer loop
      vertex 2.7462 0.546252 6
      vertex 2.77604 0.365473 10.3
      vertex 2.77604 0.365473 6
    endloop
  endfacet
  facet normal 0.881925 -0.47139 0
    outer loop
      vertex 2.42487 -1.4 10.3
      vertex 2.51124 -1.23841 6
      vertex 2.51124 -1.23841 10.3
    endloop
  endfacet
  facet normal 0.881925 -0.47139 0
    outer loop
      vertex 2.51124 -1.23841 6
      vertex 2.42487 -1.4 10.3
      vertex 2.42487 -1.4 6
    endloop
  endfacet
  facet normal -0.47139 -0.881925 0
    outer loop
      vertex -1.4 -2.42487 6
      vertex -1.23841 -2.51124 10.3
      vertex -1.4 -2.42487 10.3
    endloop
  endfacet
  facet normal -0.47139 -0.881925 -0
    outer loop
      vertex -1.23841 -2.51124 10.3
      vertex -1.4 -2.42487 6
      vertex -1.23841 -2.51124 6
    endloop
  endfacet
  facet normal 0.910867 0.412701 0
    outer loop
      vertex 2.58686 1.07151 10.3
      vertex 2.51124 1.23841 6
      vertex 2.51124 1.23841 10.3
    endloop
  endfacet
  facet normal 0.910867 0.412701 0
    outer loop
      vertex 2.51124 1.23841 6
      vertex 2.58686 1.07151 10.3
      vertex 2.58686 1.07151 6
    endloop
  endfacet
  facet normal 0.910867 -0.412701 0
    outer loop
      vertex 2.51124 -1.23841 10.3
      vertex 2.58686 -1.07151 6
      vertex 2.58686 -1.07151 10.3
    endloop
  endfacet
  facet normal 0.910867 -0.412701 0
    outer loop
      vertex 2.58686 -1.07151 6
      vertex 2.51124 -1.23841 10.3
      vertex 2.51124 -1.23841 6
    endloop
  endfacet
  facet normal -0.227094 0.973873 0
    outer loop
      vertex -0.546252 2.7462 6
      vertex -0.724693 2.70459 10.3
      vertex -0.546252 2.7462 10.3
    endloop
  endfacet
  facet normal -0.227094 0.973873 0
    outer loop
      vertex -0.724693 2.70459 10.3
      vertex -0.546252 2.7462 6
      vertex -0.724693 2.70459 6
    endloop
  endfacet
  facet normal 0.0327464 -0.999464 0
    outer loop
      vertex 0 -2.8 6
      vertex 0.183128 -2.794 10.3
      vertex 0 -2.8 10.3
    endloop
  endfacet
  facet normal 0.0327464 -0.999464 0
    outer loop
      vertex 0.183128 -2.794 10.3
      vertex 0 -2.8 6
      vertex 0.183128 -2.794 6
    endloop
  endfacet
  facet normal -0.683587 0.729869 0
    outer loop
      vertex -1.84617 2.10515 6
      vertex -1.9799 1.9799 10.3
      vertex -1.84617 2.10515 10.3
    endloop
  endfacet
  facet normal -0.683587 0.729869 0
    outer loop
      vertex -1.9799 1.9799 10.3
      vertex -1.84617 2.10515 6
      vertex -1.9799 1.9799 6
    endloop
  endfacet
  facet normal 0.63439 0.773013 -0
    outer loop
      vertex 1.84617 2.10515 6
      vertex 1.70453 2.22139 10.3
      vertex 1.84617 2.10515 10.3
    endloop
  endfacet
  facet normal 0.63439 0.773013 0
    outer loop
      vertex 1.70453 2.22139 10.3
      vertex 1.84617 2.10515 6
      vertex 1.70453 2.22139 6
    endloop
  endfacet
  facet normal -0.0980203 0.995184 0
    outer loop
      vertex -0.183128 2.794 6
      vertex -0.365473 2.77604 10.3
      vertex -0.183128 2.794 10.3
    endloop
  endfacet
  facet normal -0.0980203 0.995184 0
    outer loop
      vertex -0.365473 2.77604 10.3
      vertex -0.183128 2.794 6
      vertex -0.365473 2.77604 6
    endloop
  endfacet
  facet normal 0.849198 -0.528075 0
    outer loop
      vertex 2.32811 -1.5556 10.3
      vertex 2.42487 -1.4 6
      vertex 2.42487 -1.4 10.3
    endloop
  endfacet
  facet normal 0.849198 -0.528075 0
    outer loop
      vertex 2.42487 -1.4 6
      vertex 2.32811 -1.5556 10.3
      vertex 2.32811 -1.5556 6
    endloop
  endfacet
  facet normal -0.528075 0.849198 0
    outer loop
      vertex -1.4 2.42487 6
      vertex -1.5556 2.32811 10.3
      vertex -1.4 2.42487 10.3
    endloop
  endfacet
  facet normal -0.528075 0.849198 0
    outer loop
      vertex -1.5556 2.32811 10.3
      vertex -1.4 2.42487 6
      vertex -1.5556 2.32811 6
    endloop
  endfacet
  facet normal -0.995184 -0.0980203 0
    outer loop
      vertex -2.77604 -0.365473 6
      vertex -2.794 -0.183128 10.3
      vertex -2.794 -0.183128 6
    endloop
  endfacet
  facet normal -0.995184 -0.0980203 0
    outer loop
      vertex -2.794 -0.183128 10.3
      vertex -2.77604 -0.365473 6
      vertex -2.77604 -0.365473 10.3
    endloop
  endfacet
  facet normal -0.290295 0.956937 0
    outer loop
      vertex -0.724693 2.70459 6
      vertex -0.90003 2.6514 10.3
      vertex -0.724693 2.70459 10.3
    endloop
  endfacet
  facet normal -0.290295 0.956937 0
    outer loop
      vertex -0.90003 2.6514 10.3
      vertex -0.724693 2.70459 6
      vertex -0.90003 2.6514 6
    endloop
  endfacet
  facet normal -0.412701 -0.910867 0
    outer loop
      vertex -1.23841 -2.51124 6
      vertex -1.07151 -2.58686 10.3
      vertex -1.23841 -2.51124 10.3
    endloop
  endfacet
  facet normal -0.412701 -0.910867 -0
    outer loop
      vertex -1.07151 -2.58686 10.3
      vertex -1.23841 -2.51124 6
      vertex -1.07151 -2.58686 6
    endloop
  endfacet
  facet normal 0.956937 -0.290295 0
    outer loop
      vertex 2.6514 -0.90003 10.3
      vertex 2.70459 -0.724693 6
      vertex 2.70459 -0.724693 10.3
    endloop
  endfacet
  facet normal 0.956937 -0.290295 0
    outer loop
      vertex 2.70459 -0.724693 6
      vertex 2.6514 -0.90003 10.3
      vertex 2.6514 -0.90003 6
    endloop
  endfacet
  facet normal 0.812851 -0.582471 0
    outer loop
      vertex 2.22139 -1.70453 10.3
      vertex 2.32811 -1.5556 6
      vertex 2.32811 -1.5556 10.3
    endloop
  endfacet
  facet normal 0.812851 -0.582471 0
    outer loop
      vertex 2.32811 -1.5556 6
      vertex 2.22139 -1.70453 10.3
      vertex 2.22139 -1.70453 6
    endloop
  endfacet
  facet normal -0.973873 -0.227094 0
    outer loop
      vertex -2.70459 -0.724693 6
      vertex -2.7462 -0.546252 10.3
      vertex -2.7462 -0.546252 6
    endloop
  endfacet
  facet normal -0.973873 -0.227094 0
    outer loop
      vertex -2.7462 -0.546252 10.3
      vertex -2.70459 -0.724693 6
      vertex -2.70459 -0.724693 10.3
    endloop
  endfacet
  facet normal -0.910867 0.412701 0
    outer loop
      vertex -2.58686 1.07151 6
      vertex -2.51124 1.23841 10.3
      vertex -2.51124 1.23841 6
    endloop
  endfacet
  facet normal -0.910867 0.412701 0
    outer loop
      vertex -2.51124 1.23841 10.3
      vertex -2.58686 1.07151 6
      vertex -2.58686 1.07151 10.3
    endloop
  endfacet
  facet normal -0.999464 -0.0327464 0
    outer loop
      vertex -2.794 -0.183128 6
      vertex -2.8 0 10.3
      vertex -2.8 0 6
    endloop
  endfacet
  facet normal -0.999464 -0.0327464 0
    outer loop
      vertex -2.8 0 10.3
      vertex -2.794 -0.183128 6
      vertex -2.794 -0.183128 10.3
    endloop
  endfacet
  facet normal 0.935907 0.352248 0
    outer loop
      vertex 2.6514 0.90003 10.3
      vertex 2.58686 1.07151 6
      vertex 2.58686 1.07151 10.3
    endloop
  endfacet
  facet normal 0.935907 0.352248 0
    outer loop
      vertex 2.58686 1.07151 6
      vertex 2.6514 0.90003 10.3
      vertex 2.6514 0.90003 6
    endloop
  endfacet
  facet normal -0.582471 0.812851 0
    outer loop
      vertex -1.5556 2.32811 6
      vertex -1.70453 2.22139 10.3
      vertex -1.5556 2.32811 10.3
    endloop
  endfacet
  facet normal -0.582471 0.812851 0
    outer loop
      vertex -1.70453 2.22139 10.3
      vertex -1.5556 2.32811 6
      vertex -1.70453 2.22139 6
    endloop
  endfacet
  facet normal -0.582471 -0.812851 0
    outer loop
      vertex -1.70453 -2.22139 6
      vertex -1.5556 -2.32811 10.3
      vertex -1.70453 -2.22139 10.3
    endloop
  endfacet
  facet normal -0.582471 -0.812851 -0
    outer loop
      vertex -1.5556 -2.32811 10.3
      vertex -1.70453 -2.22139 6
      vertex -1.5556 -2.32811 6
    endloop
  endfacet
  facet normal 0.227094 0.973873 -0
    outer loop
      vertex 0.724693 2.70459 6
      vertex 0.546252 2.7462 10.3
      vertex 0.724693 2.70459 10.3
    endloop
  endfacet
  facet normal 0.227094 0.973873 0
    outer loop
      vertex 0.546252 2.7462 10.3
      vertex 0.724693 2.70459 6
      vertex 0.546252 2.7462 6
    endloop
  endfacet
  facet normal 0.352248 -0.935907 0
    outer loop
      vertex 0.90003 -2.6514 6
      vertex 1.07151 -2.58686 10.3
      vertex 0.90003 -2.6514 10.3
    endloop
  endfacet
  facet normal 0.352248 -0.935907 0
    outer loop
      vertex 1.07151 -2.58686 10.3
      vertex 0.90003 -2.6514 6
      vertex 1.07151 -2.58686 6
    endloop
  endfacet
  facet normal -0.63439 -0.773013 0
    outer loop
      vertex -1.84617 -2.10515 6
      vertex -1.70453 -2.22139 10.3
      vertex -1.84617 -2.10515 10.3
    endloop
  endfacet
  facet normal -0.63439 -0.773013 -0
    outer loop
      vertex -1.70453 -2.22139 10.3
      vertex -1.84617 -2.10515 6
      vertex -1.70453 -2.22139 6
    endloop
  endfacet
  facet normal -0.849198 0.528075 0
    outer loop
      vertex -2.42487 1.4 6
      vertex -2.32811 1.5556 10.3
      vertex -2.32811 1.5556 6
    endloop
  endfacet
  facet normal -0.849198 0.528075 0
    outer loop
      vertex -2.32811 1.5556 10.3
      vertex -2.42487 1.4 6
      vertex -2.42487 1.4 10.3
    endloop
  endfacet
  facet normal 0.683587 -0.729869 0
    outer loop
      vertex 1.84617 -2.10515 6
      vertex 1.9799 -1.9799 10.3
      vertex 1.84617 -2.10515 10.3
    endloop
  endfacet
  facet normal 0.683587 -0.729869 0
    outer loop
      vertex 1.9799 -1.9799 10.3
      vertex 1.84617 -2.10515 6
      vertex 1.9799 -1.9799 6
    endloop
  endfacet
  facet normal -0.528075 -0.849198 0
    outer loop
      vertex -1.5556 -2.32811 6
      vertex -1.4 -2.42487 10.3
      vertex -1.5556 -2.32811 10.3
    endloop
  endfacet
  facet normal -0.528075 -0.849198 -0
    outer loop
      vertex -1.4 -2.42487 10.3
      vertex -1.5556 -2.32811 6
      vertex -1.4 -2.42487 6
    endloop
  endfacet
  facet normal 0.995184 0.0980203 0
    outer loop
      vertex 2.794 0.183128 10.3
      vertex 2.77604 0.365473 6
      vertex 2.77604 0.365473 10.3
    endloop
  endfacet
  facet normal 0.995184 0.0980203 0
    outer loop
      vertex 2.77604 0.365473 6
      vertex 2.794 0.183128 10.3
      vertex 2.794 0.183128 6
    endloop
  endfacet
  facet normal 0.973873 0.227094 0
    outer loop
      vertex 2.7462 0.546252 10.3
      vertex 2.70459 0.724693 6
      vertex 2.70459 0.724693 10.3
    endloop
  endfacet
  facet normal 0.973873 0.227094 0
    outer loop
      vertex 2.70459 0.724693 6
      vertex 2.7462 0.546252 10.3
      vertex 2.7462 0.546252 6
    endloop
  endfacet
  facet normal 0.47139 0.881925 -0
    outer loop
      vertex 1.4 2.42487 6
      vertex 1.23841 2.51124 10.3
      vertex 1.4 2.42487 10.3
    endloop
  endfacet
  facet normal 0.47139 0.881925 0
    outer loop
      vertex 1.23841 2.51124 10.3
      vertex 1.4 2.42487 6
      vertex 1.23841 2.51124 6
    endloop
  endfacet
  facet normal 0.290295 0.956937 -0
    outer loop
      vertex 0.90003 2.6514 6
      vertex 0.724693 2.70459 10.3
      vertex 0.90003 2.6514 10.3
    endloop
  endfacet
  facet normal 0.290295 0.956937 0
    outer loop
      vertex 0.724693 2.70459 10.3
      vertex 0.90003 2.6514 6
      vertex 0.724693 2.70459 6
    endloop
  endfacet
  facet normal 0.582471 0.812851 -0
    outer loop
      vertex 1.70453 2.22139 6
      vertex 1.5556 2.32811 10.3
      vertex 1.70453 2.22139 10.3
    endloop
  endfacet
  facet normal 0.582471 0.812851 0
    outer loop
      vertex 1.5556 2.32811 10.3
      vertex 1.70453 2.22139 6
      vertex 1.5556 2.32811 6
    endloop
  endfacet
  facet normal 0.0980203 0.995184 -0
    outer loop
      vertex 0.365473 2.77604 6
      vertex 0.183128 2.794 10.3
      vertex 0.365473 2.77604 10.3
    endloop
  endfacet
  facet normal 0.0980203 0.995184 0
    outer loop
      vertex 0.183128 2.794 10.3
      vertex 0.365473 2.77604 6
      vertex 0.183128 2.794 6
    endloop
  endfacet
  facet normal 0.0980203 -0.995184 0
    outer loop
      vertex 0.183128 -2.794 6
      vertex 0.365473 -2.77604 10.3
      vertex 0.183128 -2.794 10.3
    endloop
  endfacet
  facet normal 0.0980203 -0.995184 0
    outer loop
      vertex 0.365473 -2.77604 10.3
      vertex 0.183128 -2.794 6
      vertex 0.365473 -2.77604 6
    endloop
  endfacet
  facet normal -0.16286 -0.986649 0
    outer loop
      vertex -0.546252 -2.7462 6
      vertex -0.365473 -2.77604 10.3
      vertex -0.546252 -2.7462 10.3
    endloop
  endfacet
  facet normal -0.16286 -0.986649 -0
    outer loop
      vertex -0.365473 -2.77604 10.3
      vertex -0.546252 -2.7462 6
      vertex -0.365473 -2.77604 6
    endloop
  endfacet
  facet normal -0.986649 0.16286 0
    outer loop
      vertex -2.77604 0.365473 6
      vertex -2.7462 0.546252 10.3
      vertex -2.7462 0.546252 6
    endloop
  endfacet
  facet normal -0.986649 0.16286 0
    outer loop
      vertex -2.7462 0.546252 10.3
      vertex -2.77604 0.365473 6
      vertex -2.77604 0.365473 10.3
    endloop
  endfacet
  facet normal -0.999464 0.0327464 0
    outer loop
      vertex -2.8 0 6
      vertex -2.794 0.183128 10.3
      vertex -2.794 0.183128 6
    endloop
  endfacet
  facet normal -0.999464 0.0327464 0
    outer loop
      vertex -2.794 0.183128 10.3
      vertex -2.8 0 6
      vertex -2.8 0 10.3
    endloop
  endfacet
  facet normal -0.956937 0.290295 0
    outer loop
      vertex -2.70459 0.724693 6
      vertex -2.6514 0.90003 10.3
      vertex -2.6514 0.90003 6
    endloop
  endfacet
  facet normal -0.956937 0.290295 0
    outer loop
      vertex -2.6514 0.90003 10.3
      vertex -2.70459 0.724693 6
      vertex -2.70459 0.724693 10.3
    endloop
  endfacet
  facet normal -0.812851 0.582471 0
    outer loop
      vertex -2.32811 1.5556 6
      vertex -2.22139 1.70453 10.3
      vertex -2.22139 1.70453 6
    endloop
  endfacet
  facet normal -0.812851 0.582471 0
    outer loop
      vertex -2.22139 1.70453 10.3
      vertex -2.32811 1.5556 6
      vertex -2.32811 1.5556 10.3
    endloop
  endfacet
  facet normal 0.528075 -0.849198 0
    outer loop
      vertex 1.4 -2.42487 6
      vertex 1.5556 -2.32811 10.3
      vertex 1.4 -2.42487 10.3
    endloop
  endfacet
  facet normal 0.528075 -0.849198 0
    outer loop
      vertex 1.5556 -2.32811 10.3
      vertex 1.4 -2.42487 6
      vertex 1.5556 -2.32811 6
    endloop
  endfacet
  facet normal 0.352248 0.935907 -0
    outer loop
      vertex 1.07151 2.58686 6
      vertex 0.90003 2.6514 10.3
      vertex 1.07151 2.58686 10.3
    endloop
  endfacet
  facet normal 0.352248 0.935907 0
    outer loop
      vertex 0.90003 2.6514 10.3
      vertex 1.07151 2.58686 6
      vertex 0.90003 2.6514 6
    endloop
  endfacet
  facet normal -0.227094 -0.973873 0
    outer loop
      vertex -0.724693 -2.70459 6
      vertex -0.546252 -2.7462 10.3
      vertex -0.724693 -2.70459 10.3
    endloop
  endfacet
  facet normal -0.227094 -0.973873 -0
    outer loop
      vertex -0.546252 -2.7462 10.3
      vertex -0.724693 -2.70459 6
      vertex -0.546252 -2.7462 6
    endloop
  endfacet
  facet normal -0.995184 0.0980203 0
    outer loop
      vertex -2.794 0.183128 6
      vertex -2.77604 0.365473 10.3
      vertex -2.77604 0.365473 6
    endloop
  endfacet
  facet normal -0.995184 0.0980203 0
    outer loop
      vertex -2.77604 0.365473 10.3
      vertex -2.794 0.183128 6
      vertex -2.794 0.183128 10.3
    endloop
  endfacet
  facet normal 0.528075 0.849198 -0
    outer loop
      vertex 1.5556 2.32811 6
      vertex 1.4 2.42487 10.3
      vertex 1.5556 2.32811 10.3
    endloop
  endfacet
  facet normal 0.528075 0.849198 0
    outer loop
      vertex 1.4 2.42487 10.3
      vertex 1.5556 2.32811 6
      vertex 1.4 2.42487 6
    endloop
  endfacet
  facet normal -0.910867 -0.412701 0
    outer loop
      vertex -2.51124 -1.23841 6
      vertex -2.58686 -1.07151 10.3
      vertex -2.58686 -1.07151 6
    endloop
  endfacet
  facet normal -0.910867 -0.412701 0
    outer loop
      vertex -2.58686 -1.07151 10.3
      vertex -2.51124 -1.23841 6
      vertex -2.51124 -1.23841 10.3
    endloop
  endfacet
  facet normal -0.881925 -0.47139 0
    outer loop
      vertex -2.42487 -1.4 6
      vertex -2.51124 -1.23841 10.3
      vertex -2.51124 -1.23841 6
    endloop
  endfacet
  facet normal -0.881925 -0.47139 0
    outer loop
      vertex -2.51124 -1.23841 10.3
      vertex -2.42487 -1.4 6
      vertex -2.42487 -1.4 10.3
    endloop
  endfacet
  facet normal -0.956937 -0.290295 0
    outer loop
      vertex -2.6514 -0.90003 6
      vertex -2.70459 -0.724693 10.3
      vertex -2.70459 -0.724693 6
    endloop
  endfacet
  facet normal -0.956937 -0.290295 0
    outer loop
      vertex -2.70459 -0.724693 10.3
      vertex -2.6514 -0.90003 6
      vertex -2.6514 -0.90003 10.3
    endloop
  endfacet
  facet normal 0.881925 0.47139 0
    outer loop
      vertex 2.51124 1.23841 10.3
      vertex 2.42487 1.4 6
      vertex 2.42487 1.4 10.3
    endloop
  endfacet
  facet normal 0.881925 0.47139 0
    outer loop
      vertex 2.42487 1.4 6
      vertex 2.51124 1.23841 10.3
      vertex 2.51124 1.23841 6
    endloop
  endfacet
  facet normal 0.0327464 0.999464 -0
    outer loop
      vertex 0.183128 2.794 6
      vertex 0 2.8 10.3
      vertex 0.183128 2.794 10.3
    endloop
  endfacet
  facet normal 0.0327464 0.999464 0
    outer loop
      vertex 0 2.8 10.3
      vertex 0.183128 2.794 6
      vertex 0 2.8 6
    endloop
  endfacet
  facet normal -0.412701 0.910867 0
    outer loop
      vertex -1.07151 2.58686 6
      vertex -1.23841 2.51124 10.3
      vertex -1.07151 2.58686 10.3
    endloop
  endfacet
  facet normal -0.412701 0.910867 0
    outer loop
      vertex -1.23841 2.51124 10.3
      vertex -1.07151 2.58686 6
      vertex -1.23841 2.51124 6
    endloop
  endfacet
  facet normal 0.935907 -0.352248 0
    outer loop
      vertex 2.58686 -1.07151 10.3
      vertex 2.6514 -0.90003 6
      vertex 2.6514 -0.90003 10.3
    endloop
  endfacet
  facet normal 0.935907 -0.352248 0
    outer loop
      vertex 2.6514 -0.90003 6
      vertex 2.58686 -1.07151 10.3
      vertex 2.58686 -1.07151 6
    endloop
  endfacet
  facet normal 0.773013 -0.63439 0
    outer loop
      vertex 2.10515 -1.84617 10.3
      vertex 2.22139 -1.70453 6
      vertex 2.22139 -1.70453 10.3
    endloop
  endfacet
  facet normal 0.773013 -0.63439 0
    outer loop
      vertex 2.22139 -1.70453 6
      vertex 2.10515 -1.84617 10.3
      vertex 2.10515 -1.84617 6
    endloop
  endfacet
  facet normal -0.812851 -0.582471 0
    outer loop
      vertex -2.22139 -1.70453 6
      vertex -2.32811 -1.5556 10.3
      vertex -2.32811 -1.5556 6
    endloop
  endfacet
  facet normal -0.812851 -0.582471 0
    outer loop
      vertex -2.32811 -1.5556 10.3
      vertex -2.22139 -1.70453 6
      vertex -2.22139 -1.70453 10.3
    endloop
  endfacet
  facet normal -0 0 1
    outer loop
      vertex 2.53468 0.162608 10.3
      vertex 2.8 0 10.3
      vertex 2.794 0.183128 10.3
    endloop
  endfacet
  facet normal -0 0 1
    outer loop
      vertex 2.51862 0.328036 10.3
      vertex 2.794 0.183128 10.3
      vertex 2.77604 0.365473 10.3
    endloop
  endfacet
  facet normal 0 0 1
    outer loop
      vertex 2.53468 -0.162608 10.3
      vertex 2.8 0 10.3
      vertex 2.54 0 10.3
    endloop
  endfacet
  facet normal -0 0 1
    outer loop
      vertex 2.49177 0.492059 10.3
      vertex 2.77604 0.365473 10.3
      vertex 2.7462 0.546252 10.3
    endloop
  endfacet
  facet normal 0 0 1
    outer loop
      vertex 2.8 0 10.3
      vertex 2.53468 -0.162608 10.3
      vertex 2.794 -0.183128 10.3
    endloop
  endfacet
  facet normal 0 0 1
    outer loop
      vertex 2.4904 0.498954 10.3
      vertex 2.7462 0.546252 10.3
      vertex 2.70459 0.724693 10.3
    endloop
  endfacet
  facet normal -0 0 1
    outer loop
      vertex 2.53456 -0.166124 10.3
      vertex 2.794 -0.183128 10.3
      vertex 2.53468 -0.162608 10.3
    endloop
  endfacet
  facet normal -0 0 1
    outer loop
      vertex 2.40622 0.81309 10.3
      vertex 2.70459 0.724693 10.3
      vertex 2.6514 0.90003 10.3
    endloop
  endfacet
  facet normal 0 0 1
    outer loop
      vertex 2.51862 -0.328036 10.3
      vertex 2.794 -0.183128 10.3
      vertex 2.53456 -0.166124 10.3
    endloop
  endfacet
  facet normal -0 0 1
    outer loop
      vertex 2.34789 0.968724 10.3
      vertex 2.6514 0.90003 10.3
      vertex 2.58686 1.07151 10.3
    endloop
  endfacet
  facet normal 0 0 1
    outer loop
      vertex 2.794 -0.183128 10.3
      vertex 2.51862 -0.328036 10.3
      vertex 2.77604 -0.365473 10.3
    endloop
  endfacet
  facet normal -0 0 1
    outer loop
      vertex 2.51827 -0.331536 10.3
      vertex 2.77604 -0.365473 10.3
      vertex 2.51862 -0.328036 10.3
    endloop
  endfacet
  facet normal 0 0 1
    outer loop
      vertex 2.8 0 10.3
      vertex 2.53468 0.162608 10.3
      vertex 2.54 0 10.3
    endloop
  endfacet
  facet normal 0 0 1
    outer loop
      vertex 2.794 0.183128 10.3
      vertex 2.53456 0.166124 10.3
      vertex 2.53468 0.162608 10.3
    endloop
  endfacet
  facet normal 0 0 1
    outer loop
      vertex 2.794 0.183128 10.3
      vertex 2.51862 0.328036 10.3
      vertex 2.53456 0.166124 10.3
    endloop
  endfacet
  facet normal 0 0 1
    outer loop
      vertex 2.77604 0.365473 10.3
      vertex 2.51827 0.331536 10.3
      vertex 2.51862 0.328036 10.3
    endloop
  endfacet
  facet normal -0 0 1
    outer loop
      vertex 2.27951 1.12021 10.3
      vertex 2.58686 1.07151 10.3
      vertex 2.51124 1.23841 10.3
    endloop
  endfacet
  facet normal 0 0 1
    outer loop
      vertex 2.77604 0.365473 10.3
      vertex 2.49177 0.492059 10.3
      vertex 2.51827 0.331536 10.3
    endloop
  endfacet
  facet normal 0 0 1
    outer loop
      vertex 2.7462 0.546252 10.3
      vertex 2.4912 0.495529 10.3
      vertex 2.49177 0.492059 10.3
    endloop
  endfacet
  facet normal 0 0 1
    outer loop
      vertex 2.7462 0.546252 10.3
      vertex 2.4904 0.498954 10.3
      vertex 2.4912 0.495529 10.3
    endloop
  endfacet
  facet normal 0 0 1
    outer loop
      vertex 2.70459 0.724693 10.3
      vertex 2.45345 0.6574 10.3
      vertex 2.4904 0.498954 10.3
    endloop
  endfacet
  facet normal -0 0 1
    outer loop
      vertex 2.20136 1.2669 10.3
      vertex 2.51124 1.23841 10.3
      vertex 2.42487 1.4 10.3
    endloop
  endfacet
  facet normal 0 0 1
    outer loop
      vertex 2.70459 0.724693 10.3
      vertex 2.40622 0.81309 10.3
      vertex 2.45345 0.6574 10.3
    endloop
  endfacet
  facet normal 0 0 1
    outer loop
      vertex 2.6514 0.90003 10.3
      vertex 2.4052 0.816456 10.3
      vertex 2.40622 0.81309 10.3
    endloop
  endfacet
  facet normal 0 0 1
    outer loop
      vertex 2.6514 0.90003 10.3
      vertex 2.34789 0.968724 10.3
      vertex 2.4052 0.816456 10.3
    endloop
  endfacet
  facet normal 0 0 1
    outer loop
      vertex 2.58686 1.07151 10.3
      vertex 2.34665 0.972016 10.3
      vertex 2.34789 0.968724 10.3
    endloop
  endfacet
  facet normal 0 0 1
    outer loop
      vertex 2.19785 1.27299 10.3
      vertex 2.42487 1.4 10.3
      vertex 2.32811 1.5556 10.3
    endloop
  endfacet
  facet normal 0 0 1
    outer loop
      vertex 2.58686 1.07151 10.3
      vertex 2.27951 1.12021 10.3
      vertex 2.34665 0.972016 10.3
    endloop
  endfacet
  facet normal 0 0 1
    outer loop
      vertex 2.51124 1.23841 10.3
      vertex 2.27806 1.12341 10.3
      vertex 2.27951 1.12021 10.3
    endloop
  endfacet
  facet normal 0 0 1
    outer loop
      vertex 2.01717 1.5434 10.3
      vertex 2.32811 1.5556 10.3
      vertex 2.22139 1.70453 10.3
    endloop
  endfacet
  facet normal 0 0 1
    outer loop
      vertex 2.51124 1.23841 10.3
      vertex 2.20136 1.2669 10.3
      vertex 2.27806 1.12341 10.3
    endloop
  endfacet
  facet normal 0 0 1
    outer loop
      vertex 2.42487 1.4 10.3
      vertex 2.1997 1.27 10.3
      vertex 2.20136 1.2669 10.3
    endloop
  endfacet
  facet normal 0 0 1
    outer loop
      vertex 2.42487 1.4 10.3
      vertex 2.19785 1.27299 10.3
      vertex 2.1997 1.27 10.3
    endloop
  endfacet
  facet normal 0 0 1
    outer loop
      vertex 2.32811 1.5556 10.3
      vertex 2.11193 1.41115 10.3
      vertex 2.19785 1.27299 10.3
    endloop
  endfacet
  facet normal 0 0 1
    outer loop
      vertex 1.9119 1.67202 10.3
      vertex 2.22139 1.70453 10.3
      vertex 2.10515 1.84617 10.3
    endloop
  endfacet
  facet normal 0 0 1
    outer loop
      vertex 2.32811 1.5556 10.3
      vertex 2.01717 1.5434 10.3
      vertex 2.11193 1.41115 10.3
    endloop
  endfacet
  facet normal 0 0 1
    outer loop
      vertex 2.22139 1.70453 10.3
      vertex 2.01512 1.54625 10.3
      vertex 2.01717 1.5434 10.3
    endloop
  endfacet
  facet normal 0 0 1
    outer loop
      vertex 1.90727 1.67731 10.3
      vertex 2.10515 1.84617 10.3
      vertex 1.9799 1.9799 10.3
    endloop
  endfacet
  facet normal 0 0 1
    outer loop
      vertex 2.22139 1.70453 10.3
      vertex 1.9119 1.67202 10.3
      vertex 2.01512 1.54625 10.3
    endloop
  endfacet
  facet normal 0 0 1
    outer loop
      vertex 2.10515 1.84617 10.3
      vertex 1.90967 1.67474 10.3
      vertex 1.9119 1.67202 10.3
    endloop
  endfacet
  facet normal 0 0 1
    outer loop
      vertex 2.10515 1.84617 10.3
      vertex 1.90727 1.67731 10.3
      vertex 1.90967 1.67474 10.3
    endloop
  endfacet
  facet normal 0 0 1
    outer loop
      vertex 1.67731 1.90727 10.3
      vertex 1.9799 1.9799 10.3
      vertex 1.84617 2.10515 10.3
    endloop
  endfacet
  facet normal 0 0 1
    outer loop
      vertex 1.9799 1.9799 10.3
      vertex 1.79605 1.79605 10.3
      vertex 1.90727 1.67731 10.3
    endloop
  endfacet
  facet normal 0 0 1
    outer loop
      vertex 1.67202 1.9119 10.3
      vertex 1.84617 2.10515 10.3
      vertex 1.70453 2.22139 10.3
    endloop
  endfacet
  facet normal 0 0 1
    outer loop
      vertex 1.9799 1.9799 10.3
      vertex 1.67731 1.90727 10.3
      vertex 1.79605 1.79605 10.3
    endloop
  endfacet
  facet normal 0 0 1
    outer loop
      vertex 1.84617 2.10515 10.3
      vertex 1.67474 1.90967 10.3
      vertex 1.67731 1.90727 10.3
    endloop
  endfacet
  facet normal 0 0 1
    outer loop
      vertex 1.84617 2.10515 10.3
      vertex 1.67202 1.9119 10.3
      vertex 1.67474 1.90967 10.3
    endloop
  endfacet
  facet normal 0 0 1
    outer loop
      vertex 1.5434 2.01717 10.3
      vertex 1.70453 2.22139 10.3
      vertex 1.5556 2.32811 10.3
    endloop
  endfacet
  facet normal 0 0 1
    outer loop
      vertex 1.70453 2.22139 10.3
      vertex 1.54625 2.01512 10.3
      vertex 1.67202 1.9119 10.3
    endloop
  endfacet
  facet normal 0 0 1
    outer loop
      vertex 1.70453 2.22139 10.3
      vertex 1.5434 2.01717 10.3
      vertex 1.54625 2.01512 10.3
    endloop
  endfacet
  facet normal 0 0 1
    outer loop
      vertex 1.5556 2.32811 10.3
      vertex 1.41115 2.11193 10.3
      vertex 1.5434 2.01717 10.3
    endloop
  endfacet
  facet normal 0 0 1
    outer loop
      vertex 1.27299 2.19785 10.3
      vertex 1.5556 2.32811 10.3
      vertex 1.4 2.42487 10.3
    endloop
  endfacet
  facet normal 0 0 1
    outer loop
      vertex 1.5556 2.32811 10.3
      vertex 1.27299 2.19785 10.3
      vertex 1.41115 2.11193 10.3
    endloop
  endfacet
  facet normal 0 0 1
    outer loop
      vertex 1.4 2.42487 10.3
      vertex 1.27 2.1997 10.3
      vertex 1.27299 2.19785 10.3
    endloop
  endfacet
  facet normal 0 0 1
    outer loop
      vertex 1.4 2.42487 10.3
      vertex 1.2669 2.20136 10.3
      vertex 1.27 2.1997 10.3
    endloop
  endfacet
  facet normal 0 0 1
    outer loop
      vertex 1.23841 2.51124 10.3
      vertex 1.2669 2.20136 10.3
      vertex 1.4 2.42487 10.3
    endloop
  endfacet
  facet normal 0 0 1
    outer loop
      vertex 1.23841 2.51124 10.3
      vertex 1.12341 2.27806 10.3
      vertex 1.2669 2.20136 10.3
    endloop
  endfacet
  facet normal 0 0 1
    outer loop
      vertex 1.23841 2.51124 10.3
      vertex 1.12021 2.27951 10.3
      vertex 1.12341 2.27806 10.3
    endloop
  endfacet
  facet normal 0 0 1
    outer loop
      vertex 1.07151 2.58686 10.3
      vertex 1.12021 2.27951 10.3
      vertex 1.23841 2.51124 10.3
    endloop
  endfacet
  facet normal 0 0 1
    outer loop
      vertex 1.07151 2.58686 10.3
      vertex 0.972016 2.34665 10.3
      vertex 1.12021 2.27951 10.3
    endloop
  endfacet
  facet normal 0 0 1
    outer loop
      vertex 1.07151 2.58686 10.3
      vertex 0.968724 2.34789 10.3
      vertex 0.972016 2.34665 10.3
    endloop
  endfacet
  facet normal 0 0 1
    outer loop
      vertex 0.90003 2.6514 10.3
      vertex 0.968724 2.34789 10.3
      vertex 1.07151 2.58686 10.3
    endloop
  endfacet
  facet normal 0 0 1
    outer loop
      vertex 0.90003 2.6514 10.3
      vertex 0.816456 2.4052 10.3
      vertex 0.968724 2.34789 10.3
    endloop
  endfacet
  facet normal 0 0 1
    outer loop
      vertex 0.90003 2.6514 10.3
      vertex 0.81309 2.40622 10.3
      vertex 0.816456 2.4052 10.3
    endloop
  endfacet
  facet normal 0 0 1
    outer loop
      vertex 0.724693 2.70459 10.3
      vertex 0.81309 2.40622 10.3
      vertex 0.90003 2.6514 10.3
    endloop
  endfacet
  facet normal 0 0 1
    outer loop
      vertex 0.724693 2.70459 10.3
      vertex 0.6574 2.45345 10.3
      vertex 0.81309 2.40622 10.3
    endloop
  endfacet
  facet normal 0 0 1
    outer loop
      vertex 0.498954 2.4904 10.3
      vertex 0.724693 2.70459 10.3
      vertex 0.546252 2.7462 10.3
    endloop
  endfacet
  facet normal 0 0 1
    outer loop
      vertex 0.724693 2.70459 10.3
      vertex 0.498954 2.4904 10.3
      vertex 0.6574 2.45345 10.3
    endloop
  endfacet
  facet normal 0 0 1
    outer loop
      vertex 0.546252 2.7462 10.3
      vertex 0.495529 2.4912 10.3
      vertex 0.498954 2.4904 10.3
    endloop
  endfacet
  facet normal 0 0 1
    outer loop
      vertex 0.546252 2.7462 10.3
      vertex 0.492059 2.49177 10.3
      vertex 0.495529 2.4912 10.3
    endloop
  endfacet
  facet normal 0 0 1
    outer loop
      vertex 0.365473 2.77604 10.3
      vertex 0.492059 2.49177 10.3
      vertex 0.546252 2.7462 10.3
    endloop
  endfacet
  facet normal 0 0 1
    outer loop
      vertex 0.365473 2.77604 10.3
      vertex 0.331536 2.51827 10.3
      vertex 0.492059 2.49177 10.3
    endloop
  endfacet
  facet normal 0 0 1
    outer loop
      vertex 0.365473 2.77604 10.3
      vertex 0.328036 2.51862 10.3
      vertex 0.331536 2.51827 10.3
    endloop
  endfacet
  facet normal 0 0 1
    outer loop
      vertex 0.183128 2.794 10.3
      vertex 0.328036 2.51862 10.3
      vertex 0.365473 2.77604 10.3
    endloop
  endfacet
  facet normal 0 0 1
    outer loop
      vertex 0.183128 2.794 10.3
      vertex 0.166124 2.53456 10.3
      vertex 0.328036 2.51862 10.3
    endloop
  endfacet
  facet normal 0 0 1
    outer loop
      vertex 0.183128 2.794 10.3
      vertex 0.162608 2.53468 10.3
      vertex 0.166124 2.53456 10.3
    endloop
  endfacet
  facet normal 0 0 1
    outer loop
      vertex 0 2.8 10.3
      vertex 0.162608 2.53468 10.3
      vertex 0.183128 2.794 10.3
    endloop
  endfacet
  facet normal 0 0 1
    outer loop
      vertex 0 2.8 10.3
      vertex 0 2.54 10.3
      vertex 0.162608 2.53468 10.3
    endloop
  endfacet
  facet normal 0 0 1
    outer loop
      vertex 0 2.8 10.3
      vertex -0.162608 2.53468 10.3
      vertex 0 2.54 10.3
    endloop
  endfacet
  facet normal -0 0 1
    outer loop
      vertex -0.183128 2.794 10.3
      vertex -0.162608 2.53468 10.3
      vertex 0 2.8 10.3
    endloop
  endfacet
  facet normal 0 0 1
    outer loop
      vertex -0.162608 2.53468 10.3
      vertex -0.183128 2.794 10.3
      vertex -0.166124 2.53456 10.3
    endloop
  endfacet
  facet normal 0 0 1
    outer loop
      vertex -0.183128 2.794 10.3
      vertex -0.328036 2.51862 10.3
      vertex -0.166124 2.53456 10.3
    endloop
  endfacet
  facet normal -0 0 1
    outer loop
      vertex -0.365473 2.77604 10.3
      vertex -0.328036 2.51862 10.3
      vertex -0.183128 2.794 10.3
    endloop
  endfacet
  facet normal 0 0 1
    outer loop
      vertex -0.328036 2.51862 10.3
      vertex -0.365473 2.77604 10.3
      vertex -0.331536 2.51827 10.3
    endloop
  endfacet
  facet normal 0 0 1
    outer loop
      vertex -0.365473 2.77604 10.3
      vertex -0.492059 2.49177 10.3
      vertex -0.331536 2.51827 10.3
    endloop
  endfacet
  facet normal -0 0 1
    outer loop
      vertex -0.546252 2.7462 10.3
      vertex -0.492059 2.49177 10.3
      vertex -0.365473 2.77604 10.3
    endloop
  endfacet
  facet normal 0 0 1
    outer loop
      vertex -0.492059 2.49177 10.3
      vertex -0.546252 2.7462 10.3
      vertex -0.495529 2.4912 10.3
    endloop
  endfacet
  facet normal 0 0 1
    outer loop
      vertex -0.495529 2.4912 10.3
      vertex -0.546252 2.7462 10.3
      vertex -0.498954 2.4904 10.3
    endloop
  endfacet
  facet normal -0 0 1
    outer loop
      vertex -0.724693 2.70459 10.3
      vertex -0.498954 2.4904 10.3
      vertex -0.546252 2.7462 10.3
    endloop
  endfacet
  facet normal 0 0 1
    outer loop
      vertex -0.498954 2.4904 10.3
      vertex -0.724693 2.70459 10.3
      vertex -0.6574 2.45345 10.3
    endloop
  endfacet
  facet normal 0 0 1
    outer loop
      vertex -0.724693 2.70459 10.3
      vertex -0.81309 2.40622 10.3
      vertex -0.6574 2.45345 10.3
    endloop
  endfacet
  facet normal -0 0 1
    outer loop
      vertex -0.90003 2.6514 10.3
      vertex -0.81309 2.40622 10.3
      vertex -0.724693 2.70459 10.3
    endloop
  endfacet
  facet normal 0 0 1
    outer loop
      vertex -0.81309 2.40622 10.3
      vertex -0.90003 2.6514 10.3
      vertex -0.816456 2.4052 10.3
    endloop
  endfacet
  facet normal 0 0 1
    outer loop
      vertex -0.90003 2.6514 10.3
      vertex -0.968724 2.34789 10.3
      vertex -0.816456 2.4052 10.3
    endloop
  endfacet
  facet normal -0 0 1
    outer loop
      vertex -1.07151 2.58686 10.3
      vertex -0.968724 2.34789 10.3
      vertex -0.90003 2.6514 10.3
    endloop
  endfacet
  facet normal 0 0 1
    outer loop
      vertex -0.968724 2.34789 10.3
      vertex -1.07151 2.58686 10.3
      vertex -0.972016 2.34665 10.3
    endloop
  endfacet
  facet normal 0 0 1
    outer loop
      vertex -1.07151 2.58686 10.3
      vertex -1.12021 2.27951 10.3
      vertex -0.972016 2.34665 10.3
    endloop
  endfacet
  facet normal -0 0 1
    outer loop
      vertex -1.23841 2.51124 10.3
      vertex -1.12021 2.27951 10.3
      vertex -1.07151 2.58686 10.3
    endloop
  endfacet
  facet normal 0 0 1
    outer loop
      vertex -1.12021 2.27951 10.3
      vertex -1.23841 2.51124 10.3
      vertex -1.12341 2.27806 10.3
    endloop
  endfacet
  facet normal 0 0 1
    outer loop
      vertex -1.23841 2.51124 10.3
      vertex -1.2669 2.20136 10.3
      vertex -1.12341 2.27806 10.3
    endloop
  endfacet
  facet normal -0 0 1
    outer loop
      vertex -1.4 2.42487 10.3
      vertex -1.2669 2.20136 10.3
      vertex -1.23841 2.51124 10.3
    endloop
  endfacet
  facet normal 0 0 1
    outer loop
      vertex -1.2669 2.20136 10.3
      vertex -1.4 2.42487 10.3
      vertex -1.27 2.1997 10.3
    endloop
  endfacet
  facet normal 0 0 1
    outer loop
      vertex -1.27 2.1997 10.3
      vertex -1.4 2.42487 10.3
      vertex -1.27299 2.19785 10.3
    endloop
  endfacet
  facet normal -0 0 1
    outer loop
      vertex -1.5556 2.32811 10.3
      vertex -1.27299 2.19785 10.3
      vertex -1.4 2.42487 10.3
    endloop
  endfacet
  facet normal 0 0 1
    outer loop
      vertex -1.27299 2.19785 10.3
      vertex -1.5556 2.32811 10.3
      vertex -1.41115 2.11193 10.3
    endloop
  endfacet
  facet normal 0 0 1
    outer loop
      vertex -1.41115 2.11193 10.3
      vertex -1.5556 2.32811 10.3
      vertex -1.5434 2.01717 10.3
    endloop
  endfacet
  facet normal -0 0 1
    outer loop
      vertex -1.70453 2.22139 10.3
      vertex -1.5434 2.01717 10.3
      vertex -1.5556 2.32811 10.3
    endloop
  endfacet
  facet normal 0 0 1
    outer loop
      vertex -1.5434 2.01717 10.3
      vertex -1.70453 2.22139 10.3
      vertex -1.54625 2.01512 10.3
    endloop
  endfacet
  facet normal 0 0 1
    outer loop
      vertex -1.54625 2.01512 10.3
      vertex -1.70453 2.22139 10.3
      vertex -1.67202 1.9119 10.3
    endloop
  endfacet
  facet normal -0 0 1
    outer loop
      vertex -1.84617 2.10515 10.3
      vertex -1.67202 1.9119 10.3
      vertex -1.70453 2.22139 10.3
    endloop
  endfacet
  facet normal 0 0 1
    outer loop
      vertex -1.67202 1.9119 10.3
      vertex -1.84617 2.10515 10.3
      vertex -1.67474 1.90967 10.3
    endloop
  endfacet
  facet normal 0 0 1
    outer loop
      vertex -1.67474 1.90967 10.3
      vertex -1.84617 2.10515 10.3
      vertex -1.67731 1.90727 10.3
    endloop
  endfacet
  facet normal -0 0 1
    outer loop
      vertex -1.9799 1.9799 10.3
      vertex -1.67731 1.90727 10.3
      vertex -1.84617 2.10515 10.3
    endloop
  endfacet
  facet normal 0 0 1
    outer loop
      vertex -1.67731 1.90727 10.3
      vertex -1.9799 1.9799 10.3
      vertex -1.79605 1.79605 10.3
    endloop
  endfacet
  facet normal 0 0 1
    outer loop
      vertex -1.79605 1.79605 10.3
      vertex -1.9799 1.9799 10.3
      vertex -1.90727 1.67731 10.3
    endloop
  endfacet
  facet normal -0 0 1
    outer loop
      vertex -2.10515 1.84617 10.3
      vertex -1.90727 1.67731 10.3
      vertex -1.9799 1.9799 10.3
    endloop
  endfacet
  facet normal 0 0 1
    outer loop
      vertex -1.90727 1.67731 10.3
      vertex -2.10515 1.84617 10.3
      vertex -1.90967 1.67474 10.3
    endloop
  endfacet
  facet normal 0 0 1
    outer loop
      vertex -1.90967 1.67474 10.3
      vertex -2.10515 1.84617 10.3
      vertex -1.9119 1.67202 10.3
    endloop
  endfacet
  facet normal -0 0 1
    outer loop
      vertex -2.22139 1.70453 10.3
      vertex -1.9119 1.67202 10.3
      vertex -2.10515 1.84617 10.3
    endloop
  endfacet
  facet normal 0 0 1
    outer loop
      vertex -1.9119 1.67202 10.3
      vertex -2.22139 1.70453 10.3
      vertex -2.01512 1.54625 10.3
    endloop
  endfacet
  facet normal 0 0 1
    outer loop
      vertex -2.01512 1.54625 10.3
      vertex -2.22139 1.70453 10.3
      vertex -2.01717 1.5434 10.3
    endloop
  endfacet
  facet normal -0 0 1
    outer loop
      vertex -2.32811 1.5556 10.3
      vertex -2.01717 1.5434 10.3
      vertex -2.22139 1.70453 10.3
    endloop
  endfacet
  facet normal 0 0 1
    outer loop
      vertex -2.01717 1.5434 10.3
      vertex -2.32811 1.5556 10.3
      vertex -2.11193 1.41115 10.3
    endloop
  endfacet
  facet normal 0 0 1
    outer loop
      vertex -2.11193 1.41115 10.3
      vertex -2.32811 1.5556 10.3
      vertex -2.19785 1.27299 10.3
    endloop
  endfacet
  facet normal -0 0 1
    outer loop
      vertex -2.42487 1.4 10.3
      vertex -2.19785 1.27299 10.3
      vertex -2.32811 1.5556 10.3
    endloop
  endfacet
  facet normal 0 0 1
    outer loop
      vertex -2.19785 1.27299 10.3
      vertex -2.42487 1.4 10.3
      vertex -2.1997 1.27 10.3
    endloop
  endfacet
  facet normal 0 0 1
    outer loop
      vertex -2.1997 1.27 10.3
      vertex -2.42487 1.4 10.3
      vertex -2.20136 1.2669 10.3
    endloop
  endfacet
  facet normal 0 0 1
    outer loop
      vertex -2.51124 1.23841 10.3
      vertex -2.20136 1.2669 10.3
      vertex -2.42487 1.4 10.3
    endloop
  endfacet
  facet normal 0 0 1
    outer loop
      vertex -2.20136 1.2669 10.3
      vertex -2.51124 1.23841 10.3
      vertex -2.27806 1.12341 10.3
    endloop
  endfacet
  facet normal 0 0 1
    outer loop
      vertex -2.27806 1.12341 10.3
      vertex -2.51124 1.23841 10.3
      vertex -2.27951 1.12021 10.3
    endloop
  endfacet
  facet normal 0 0 1
    outer loop
      vertex -2.58686 1.07151 10.3
      vertex -2.27951 1.12021 10.3
      vertex -2.51124 1.23841 10.3
    endloop
  endfacet
  facet normal 0 0 1
    outer loop
      vertex -2.27951 1.12021 10.3
      vertex -2.58686 1.07151 10.3
      vertex -2.34665 0.972016 10.3
    endloop
  endfacet
  facet normal 0 0 1
    outer loop
      vertex -2.34665 0.972016 10.3
      vertex -2.58686 1.07151 10.3
      vertex -2.34789 0.968724 10.3
    endloop
  endfacet
  facet normal 0 0 1
    outer loop
      vertex -2.6514 0.90003 10.3
      vertex -2.34789 0.968724 10.3
      vertex -2.58686 1.07151 10.3
    endloop
  endfacet
  facet normal 0 0 1
    outer loop
      vertex -2.34789 0.968724 10.3
      vertex -2.6514 0.90003 10.3
      vertex -2.4052 0.816456 10.3
    endloop
  endfacet
  facet normal 0 0 1
    outer loop
      vertex -2.4052 0.816456 10.3
      vertex -2.6514 0.90003 10.3
      vertex -2.40622 0.81309 10.3
    endloop
  endfacet
  facet normal 0 0 1
    outer loop
      vertex -2.70459 0.724693 10.3
      vertex -2.40622 0.81309 10.3
      vertex -2.6514 0.90003 10.3
    endloop
  endfacet
  facet normal 0 0 1
    outer loop
      vertex -2.40622 0.81309 10.3
      vertex -2.70459 0.724693 10.3
      vertex -2.45345 0.6574 10.3
    endloop
  endfacet
  facet normal 0 0 1
    outer loop
      vertex -2.45345 0.6574 10.3
      vertex -2.70459 0.724693 10.3
      vertex -2.4904 0.498954 10.3
    endloop
  endfacet
  facet normal -0 0 1
    outer loop
      vertex -2.7462 0.546252 10.3
      vertex -2.4904 0.498954 10.3
      vertex -2.70459 0.724693 10.3
    endloop
  endfacet
  facet normal 0 0 1
    outer loop
      vertex -2.4904 0.498954 10.3
      vertex -2.7462 0.546252 10.3
      vertex -2.4912 0.495529 10.3
    endloop
  endfacet
  facet normal 0 0 1
    outer loop
      vertex -2.4912 0.495529 10.3
      vertex -2.7462 0.546252 10.3
      vertex -2.49177 0.492059 10.3
    endloop
  endfacet
  facet normal 0 0 1
    outer loop
      vertex -2.77604 0.365473 10.3
      vertex -2.49177 0.492059 10.3
      vertex -2.7462 0.546252 10.3
    endloop
  endfacet
  facet normal 0 0 1
    outer loop
      vertex -2.49177 0.492059 10.3
      vertex -2.77604 0.365473 10.3
      vertex -2.51827 0.331536 10.3
    endloop
  endfacet
  facet normal 0 0 1
    outer loop
      vertex 2.49177 -0.492059 10.3
      vertex 2.77604 -0.365473 10.3
      vertex 2.51827 -0.331536 10.3
    endloop
  endfacet
  facet normal 0 0 1
    outer loop
      vertex 2.77604 -0.365473 10.3
      vertex 2.49177 -0.492059 10.3
      vertex 2.7462 -0.546252 10.3
    endloop
  endfacet
  facet normal -0 0 1
    outer loop
      vertex 2.4912 -0.495529 10.3
      vertex 2.7462 -0.546252 10.3
      vertex 2.49177 -0.492059 10.3
    endloop
  endfacet
  facet normal -0 0 1
    outer loop
      vertex 2.4904 -0.498954 10.3
      vertex 2.7462 -0.546252 10.3
      vertex 2.4912 -0.495529 10.3
    endloop
  endfacet
  facet normal 0 0 1
    outer loop
      vertex 2.7462 -0.546252 10.3
      vertex 2.4904 -0.498954 10.3
      vertex 2.70459 -0.724693 10.3
    endloop
  endfacet
  facet normal -0 0 1
    outer loop
      vertex 2.45345 -0.6574 10.3
      vertex 2.70459 -0.724693 10.3
      vertex 2.4904 -0.498954 10.3
    endloop
  endfacet
  facet normal 0 0 1
    outer loop
      vertex 2.40622 -0.81309 10.3
      vertex 2.70459 -0.724693 10.3
      vertex 2.45345 -0.6574 10.3
    endloop
  endfacet
  facet normal 0 0 1
    outer loop
      vertex 2.70459 -0.724693 10.3
      vertex 2.40622 -0.81309 10.3
      vertex 2.6514 -0.90003 10.3
    endloop
  endfacet
  facet normal -0 0 1
    outer loop
      vertex 2.4052 -0.816456 10.3
      vertex 2.6514 -0.90003 10.3
      vertex 2.40622 -0.81309 10.3
    endloop
  endfacet
  facet normal 0 0 1
    outer loop
      vertex 2.34789 -0.968724 10.3
      vertex 2.6514 -0.90003 10.3
      vertex 2.4052 -0.816456 10.3
    endloop
  endfacet
  facet normal 0 0 1
    outer loop
      vertex 2.6514 -0.90003 10.3
      vertex 2.34789 -0.968724 10.3
      vertex 2.58686 -1.07151 10.3
    endloop
  endfacet
  facet normal -0 0 1
    outer loop
      vertex 2.34665 -0.972016 10.3
      vertex 2.58686 -1.07151 10.3
      vertex 2.34789 -0.968724 10.3
    endloop
  endfacet
  facet normal 0 0 1
    outer loop
      vertex 2.27951 -1.12021 10.3
      vertex 2.58686 -1.07151 10.3
      vertex 2.34665 -0.972016 10.3
    endloop
  endfacet
  facet normal 0 0 1
    outer loop
      vertex 2.58686 -1.07151 10.3
      vertex 2.27951 -1.12021 10.3
      vertex 2.51124 -1.23841 10.3
    endloop
  endfacet
  facet normal -0 0 1
    outer loop
      vertex 2.27806 -1.12341 10.3
      vertex 2.51124 -1.23841 10.3
      vertex 2.27951 -1.12021 10.3
    endloop
  endfacet
  facet normal 0 0 1
    outer loop
      vertex 2.20136 -1.2669 10.3
      vertex 2.51124 -1.23841 10.3
      vertex 2.27806 -1.12341 10.3
    endloop
  endfacet
  facet normal 0 0 1
    outer loop
      vertex 2.51124 -1.23841 10.3
      vertex 2.20136 -1.2669 10.3
      vertex 2.42487 -1.4 10.3
    endloop
  endfacet
  facet normal -0 0 1
    outer loop
      vertex 2.1997 -1.27 10.3
      vertex 2.42487 -1.4 10.3
      vertex 2.20136 -1.2669 10.3
    endloop
  endfacet
  facet normal -0 0 1
    outer loop
      vertex 2.19785 -1.27299 10.3
      vertex 2.42487 -1.4 10.3
      vertex 2.1997 -1.27 10.3
    endloop
  endfacet
  facet normal 0 0 1
    outer loop
      vertex 2.42487 -1.4 10.3
      vertex 2.19785 -1.27299 10.3
      vertex 2.32811 -1.5556 10.3
    endloop
  endfacet
  facet normal -0 0 1
    outer loop
      vertex 2.11193 -1.41115 10.3
      vertex 2.32811 -1.5556 10.3
      vertex 2.19785 -1.27299 10.3
    endloop
  endfacet
  facet normal -0 0 1
    outer loop
      vertex 2.01717 -1.5434 10.3
      vertex 2.32811 -1.5556 10.3
      vertex 2.11193 -1.41115 10.3
    endloop
  endfacet
  facet normal 0 0 1
    outer loop
      vertex 2.32811 -1.5556 10.3
      vertex 2.01717 -1.5434 10.3
      vertex 2.22139 -1.70453 10.3
    endloop
  endfacet
  facet normal -0 0 1
    outer loop
      vertex 2.01512 -1.54625 10.3
      vertex 2.22139 -1.70453 10.3
      vertex 2.01717 -1.5434 10.3
    endloop
  endfacet
  facet normal -0 0 1
    outer loop
      vertex 1.9119 -1.67202 10.3
      vertex 2.22139 -1.70453 10.3
      vertex 2.01512 -1.54625 10.3
    endloop
  endfacet
  facet normal 0 0 1
    outer loop
      vertex 2.22139 -1.70453 10.3
      vertex 1.9119 -1.67202 10.3
      vertex 2.10515 -1.84617 10.3
    endloop
  endfacet
  facet normal -0 0 1
    outer loop
      vertex 1.90967 -1.67474 10.3
      vertex 2.10515 -1.84617 10.3
      vertex 1.9119 -1.67202 10.3
    endloop
  endfacet
  facet normal -0 0 1
    outer loop
      vertex 1.90727 -1.67731 10.3
      vertex 2.10515 -1.84617 10.3
      vertex 1.90967 -1.67474 10.3
    endloop
  endfacet
  facet normal 0 0 1
    outer loop
      vertex 2.10515 -1.84617 10.3
      vertex 1.90727 -1.67731 10.3
      vertex 1.9799 -1.9799 10.3
    endloop
  endfacet
  facet normal -0 0 1
    outer loop
      vertex 1.79605 -1.79605 10.3
      vertex 1.9799 -1.9799 10.3
      vertex 1.90727 -1.67731 10.3
    endloop
  endfacet
  facet normal -0 0 1
    outer loop
      vertex 1.67731 -1.90727 10.3
      vertex 1.9799 -1.9799 10.3
      vertex 1.79605 -1.79605 10.3
    endloop
  endfacet
  facet normal 0 0 1
    outer loop
      vertex 1.9799 -1.9799 10.3
      vertex 1.67731 -1.90727 10.3
      vertex 1.84617 -2.10515 10.3
    endloop
  endfacet
  facet normal -0 0 1
    outer loop
      vertex 1.67474 -1.90967 10.3
      vertex 1.84617 -2.10515 10.3
      vertex 1.67731 -1.90727 10.3
    endloop
  endfacet
  facet normal -0 0 1
    outer loop
      vertex 1.67202 -1.9119 10.3
      vertex 1.84617 -2.10515 10.3
      vertex 1.67474 -1.90967 10.3
    endloop
  endfacet
  facet normal 0 0 1
    outer loop
      vertex 1.84617 -2.10515 10.3
      vertex 1.67202 -1.9119 10.3
      vertex 1.70453 -2.22139 10.3
    endloop
  endfacet
  facet normal -0 0 1
    outer loop
      vertex 1.54625 -2.01512 10.3
      vertex 1.70453 -2.22139 10.3
      vertex 1.67202 -1.9119 10.3
    endloop
  endfacet
  facet normal -0 0 1
    outer loop
      vertex 1.5434 -2.01717 10.3
      vertex 1.70453 -2.22139 10.3
      vertex 1.54625 -2.01512 10.3
    endloop
  endfacet
  facet normal 0 0 1
    outer loop
      vertex 1.70453 -2.22139 10.3
      vertex 1.5434 -2.01717 10.3
      vertex 1.5556 -2.32811 10.3
    endloop
  endfacet
  facet normal -0 0 1
    outer loop
      vertex 1.41115 -2.11193 10.3
      vertex 1.5556 -2.32811 10.3
      vertex 1.5434 -2.01717 10.3
    endloop
  endfacet
  facet normal -0 0 1
    outer loop
      vertex 1.27299 -2.19785 10.3
      vertex 1.5556 -2.32811 10.3
      vertex 1.41115 -2.11193 10.3
    endloop
  endfacet
  facet normal 0 0 1
    outer loop
      vertex 1.5556 -2.32811 10.3
      vertex 1.27299 -2.19785 10.3
      vertex 1.4 -2.42487 10.3
    endloop
  endfacet
  facet normal -0 0 1
    outer loop
      vertex 1.27 -2.1997 10.3
      vertex 1.4 -2.42487 10.3
      vertex 1.27299 -2.19785 10.3
    endloop
  endfacet
  facet normal -0 0 1
    outer loop
      vertex 1.2669 -2.20136 10.3
      vertex 1.4 -2.42487 10.3
      vertex 1.27 -2.1997 10.3
    endloop
  endfacet
  facet normal 0 0 1
    outer loop
      vertex 1.2669 -2.20136 10.3
      vertex 1.23841 -2.51124 10.3
      vertex 1.4 -2.42487 10.3
    endloop
  endfacet
  facet normal -0 0 1
    outer loop
      vertex 1.12341 -2.27806 10.3
      vertex 1.23841 -2.51124 10.3
      vertex 1.2669 -2.20136 10.3
    endloop
  endfacet
  facet normal -0 0 1
    outer loop
      vertex 1.12021 -2.27951 10.3
      vertex 1.23841 -2.51124 10.3
      vertex 1.12341 -2.27806 10.3
    endloop
  endfacet
  facet normal 0 0 1
    outer loop
      vertex 1.12021 -2.27951 10.3
      vertex 1.07151 -2.58686 10.3
      vertex 1.23841 -2.51124 10.3
    endloop
  endfacet
  facet normal -0 0 1
    outer loop
      vertex 0.972016 -2.34665 10.3
      vertex 1.07151 -2.58686 10.3
      vertex 1.12021 -2.27951 10.3
    endloop
  endfacet
  facet normal -0 0 1
    outer loop
      vertex 0.968724 -2.34789 10.3
      vertex 1.07151 -2.58686 10.3
      vertex 0.972016 -2.34665 10.3
    endloop
  endfacet
  facet normal 0 0 1
    outer loop
      vertex 0.968724 -2.34789 10.3
      vertex 0.90003 -2.6514 10.3
      vertex 1.07151 -2.58686 10.3
    endloop
  endfacet
  facet normal -0 0 1
    outer loop
      vertex 0.816456 -2.4052 10.3
      vertex 0.90003 -2.6514 10.3
      vertex 0.968724 -2.34789 10.3
    endloop
  endfacet
  facet normal -0 0 1
    outer loop
      vertex 0.81309 -2.40622 10.3
      vertex 0.90003 -2.6514 10.3
      vertex 0.816456 -2.4052 10.3
    endloop
  endfacet
  facet normal 0 0 1
    outer loop
      vertex 0.81309 -2.40622 10.3
      vertex 0.724693 -2.70459 10.3
      vertex 0.90003 -2.6514 10.3
    endloop
  endfacet
  facet normal -0 0 1
    outer loop
      vertex 0.6574 -2.45345 10.3
      vertex 0.724693 -2.70459 10.3
      vertex 0.81309 -2.40622 10.3
    endloop
  endfacet
  facet normal -0 0 1
    outer loop
      vertex 0.498954 -2.4904 10.3
      vertex 0.724693 -2.70459 10.3
      vertex 0.6574 -2.45345 10.3
    endloop
  endfacet
  facet normal 0 0 1
    outer loop
      vertex 0.724693 -2.70459 10.3
      vertex 0.498954 -2.4904 10.3
      vertex 0.546252 -2.7462 10.3
    endloop
  endfacet
  facet normal -0 0 1
    outer loop
      vertex 0.495529 -2.4912 10.3
      vertex 0.546252 -2.7462 10.3
      vertex 0.498954 -2.4904 10.3
    endloop
  endfacet
  facet normal -0 0 1
    outer loop
      vertex 0.492059 -2.49177 10.3
      vertex 0.546252 -2.7462 10.3
      vertex 0.495529 -2.4912 10.3
    endloop
  endfacet
  facet normal 0 0 1
    outer loop
      vertex 0.492059 -2.49177 10.3
      vertex 0.365473 -2.77604 10.3
      vertex 0.546252 -2.7462 10.3
    endloop
  endfacet
  facet normal -0 0 1
    outer loop
      vertex 0.331536 -2.51827 10.3
      vertex 0.365473 -2.77604 10.3
      vertex 0.492059 -2.49177 10.3
    endloop
  endfacet
  facet normal -0 0 1
    outer loop
      vertex 0.328036 -2.51862 10.3
      vertex 0.365473 -2.77604 10.3
      vertex 0.331536 -2.51827 10.3
    endloop
  endfacet
  facet normal 0 0 1
    outer loop
      vertex 0.328036 -2.51862 10.3
      vertex 0.183128 -2.794 10.3
      vertex 0.365473 -2.77604 10.3
    endloop
  endfacet
  facet normal -0 0 1
    outer loop
      vertex 0.166124 -2.53456 10.3
      vertex 0.183128 -2.794 10.3
      vertex 0.328036 -2.51862 10.3
    endloop
  endfacet
  facet normal -0 0 1
    outer loop
      vertex 0.162608 -2.53468 10.3
      vertex 0.183128 -2.794 10.3
      vertex 0.166124 -2.53456 10.3
    endloop
  endfacet
  facet normal 0 0 1
    outer loop
      vertex 0 -2.8 10.3
      vertex 0.162608 -2.53468 10.3
      vertex 0 -2.54 10.3
    endloop
  endfacet
  facet normal 0 0 1
    outer loop
      vertex 0.162608 -2.53468 10.3
      vertex 0 -2.8 10.3
      vertex 0.183128 -2.794 10.3
    endloop
  endfacet
  facet normal 0 0 1
    outer loop
      vertex -0.162608 -2.53468 10.3
      vertex 0 -2.8 10.3
      vertex 0 -2.54 10.3
    endloop
  endfacet
  facet normal 0 0 1
    outer loop
      vertex -0.183128 -2.794 10.3
      vertex -0.162608 -2.53468 10.3
      vertex -0.166124 -2.53456 10.3
    endloop
  endfacet
  facet normal 0 0 1
    outer loop
      vertex -0.162608 -2.53468 10.3
      vertex -0.183128 -2.794 10.3
      vertex 0 -2.8 10.3
    endloop
  endfacet
  facet normal 0 0 1
    outer loop
      vertex -0.328036 -2.51862 10.3
      vertex -0.183128 -2.794 10.3
      vertex -0.166124 -2.53456 10.3
    endloop
  endfacet
  facet normal 0 0 1
    outer loop
      vertex -0.365473 -2.77604 10.3
      vertex -0.328036 -2.51862 10.3
      vertex -0.331536 -2.51827 10.3
    endloop
  endfacet
  facet normal 0 0 1
    outer loop
      vertex -0.328036 -2.51862 10.3
      vertex -0.365473 -2.77604 10.3
      vertex -0.183128 -2.794 10.3
    endloop
  endfacet
  facet normal 0 0 1
    outer loop
      vertex -0.492059 -2.49177 10.3
      vertex -0.365473 -2.77604 10.3
      vertex -0.331536 -2.51827 10.3
    endloop
  endfacet
  facet normal 0 0 1
    outer loop
      vertex -0.546252 -2.7462 10.3
      vertex -0.492059 -2.49177 10.3
      vertex -0.495529 -2.4912 10.3
    endloop
  endfacet
  facet normal 0 0 1
    outer loop
      vertex -0.546252 -2.7462 10.3
      vertex -0.495529 -2.4912 10.3
      vertex -0.498954 -2.4904 10.3
    endloop
  endfacet
  facet normal 0 0 1
    outer loop
      vertex -0.492059 -2.49177 10.3
      vertex -0.546252 -2.7462 10.3
      vertex -0.365473 -2.77604 10.3
    endloop
  endfacet
  facet normal 0 0 1
    outer loop
      vertex -0.724693 -2.70459 10.3
      vertex -0.498954 -2.4904 10.3
      vertex -0.6574 -2.45345 10.3
    endloop
  endfacet
  facet normal 0 0 1
    outer loop
      vertex -0.498954 -2.4904 10.3
      vertex -0.724693 -2.70459 10.3
      vertex -0.546252 -2.7462 10.3
    endloop
  endfacet
  facet normal 0 0 1
    outer loop
      vertex -0.81309 -2.40622 10.3
      vertex -0.724693 -2.70459 10.3
      vertex -0.6574 -2.45345 10.3
    endloop
  endfacet
  facet normal 0 0 1
    outer loop
      vertex -0.90003 -2.6514 10.3
      vertex -0.81309 -2.40622 10.3
      vertex -0.816456 -2.4052 10.3
    endloop
  endfacet
  facet normal 0 0 1
    outer loop
      vertex -0.81309 -2.40622 10.3
      vertex -0.90003 -2.6514 10.3
      vertex -0.724693 -2.70459 10.3
    endloop
  endfacet
  facet normal 0 0 1
    outer loop
      vertex -0.968724 -2.34789 10.3
      vertex -0.90003 -2.6514 10.3
      vertex -0.816456 -2.4052 10.3
    endloop
  endfacet
  facet normal 0 0 1
    outer loop
      vertex -1.07151 -2.58686 10.3
      vertex -0.968724 -2.34789 10.3
      vertex -0.972016 -2.34665 10.3
    endloop
  endfacet
  facet normal 0 0 1
    outer loop
      vertex -0.968724 -2.34789 10.3
      vertex -1.07151 -2.58686 10.3
      vertex -0.90003 -2.6514 10.3
    endloop
  endfacet
  facet normal 0 0 1
    outer loop
      vertex -1.12021 -2.27951 10.3
      vertex -1.07151 -2.58686 10.3
      vertex -0.972016 -2.34665 10.3
    endloop
  endfacet
  facet normal 0 0 1
    outer loop
      vertex -1.23841 -2.51124 10.3
      vertex -1.12021 -2.27951 10.3
      vertex -1.12341 -2.27806 10.3
    endloop
  endfacet
  facet normal 0 0 1
    outer loop
      vertex -1.12021 -2.27951 10.3
      vertex -1.23841 -2.51124 10.3
      vertex -1.07151 -2.58686 10.3
    endloop
  endfacet
  facet normal 0 0 1
    outer loop
      vertex -1.2669 -2.20136 10.3
      vertex -1.23841 -2.51124 10.3
      vertex -1.12341 -2.27806 10.3
    endloop
  endfacet
  facet normal 0 0 1
    outer loop
      vertex -1.4 -2.42487 10.3
      vertex -1.2669 -2.20136 10.3
      vertex -1.27 -2.1997 10.3
    endloop
  endfacet
  facet normal 0 0 1
    outer loop
      vertex -1.4 -2.42487 10.3
      vertex -1.27 -2.1997 10.3
      vertex -1.27299 -2.19785 10.3
    endloop
  endfacet
  facet normal 0 0 1
    outer loop
      vertex -1.2669 -2.20136 10.3
      vertex -1.4 -2.42487 10.3
      vertex -1.23841 -2.51124 10.3
    endloop
  endfacet
  facet normal 0 0 1
    outer loop
      vertex -1.5556 -2.32811 10.3
      vertex -1.27299 -2.19785 10.3
      vertex -1.41115 -2.11193 10.3
    endloop
  endfacet
  facet normal 0 0 1
    outer loop
      vertex -1.5556 -2.32811 10.3
      vertex -1.41115 -2.11193 10.3
      vertex -1.5434 -2.01717 10.3
    endloop
  endfacet
  facet normal 0 0 1
    outer loop
      vertex -1.70453 -2.22139 10.3
      vertex -1.5434 -2.01717 10.3
      vertex -1.54625 -2.01512 10.3
    endloop
  endfacet
  facet normal 0 0 1
    outer loop
      vertex -1.27299 -2.19785 10.3
      vertex -1.5556 -2.32811 10.3
      vertex -1.4 -2.42487 10.3
    endloop
  endfacet
  facet normal 0 0 1
    outer loop
      vertex -1.70453 -2.22139 10.3
      vertex -1.54625 -2.01512 10.3
      vertex -1.67202 -1.9119 10.3
    endloop
  endfacet
  facet normal 0 0 1
    outer loop
      vertex -1.84617 -2.10515 10.3
      vertex -1.67202 -1.9119 10.3
      vertex -1.67474 -1.90967 10.3
    endloop
  endfacet
  facet normal 0 0 1
    outer loop
      vertex -1.84617 -2.10515 10.3
      vertex -1.67474 -1.90967 10.3
      vertex -1.67731 -1.90727 10.3
    endloop
  endfacet
  facet normal 0 0 1
    outer loop
      vertex -1.5434 -2.01717 10.3
      vertex -1.70453 -2.22139 10.3
      vertex -1.5556 -2.32811 10.3
    endloop
  endfacet
  facet normal 0 0 1
    outer loop
      vertex -1.9799 -1.9799 10.3
      vertex -1.67731 -1.90727 10.3
      vertex -1.79605 -1.79605 10.3
    endloop
  endfacet
  facet normal 0 0 1
    outer loop
      vertex -1.67202 -1.9119 10.3
      vertex -1.84617 -2.10515 10.3
      vertex -1.70453 -2.22139 10.3
    endloop
  endfacet
  facet normal 0 0 1
    outer loop
      vertex -1.9799 -1.9799 10.3
      vertex -1.79605 -1.79605 10.3
      vertex -1.90727 -1.67731 10.3
    endloop
  endfacet
  facet normal 0 0 1
    outer loop
      vertex -2.10515 -1.84617 10.3
      vertex -1.90727 -1.67731 10.3
      vertex -1.90967 -1.67474 10.3
    endloop
  endfacet
  facet normal 0 0 1
    outer loop
      vertex -2.10515 -1.84617 10.3
      vertex -1.90967 -1.67474 10.3
      vertex -1.9119 -1.67202 10.3
    endloop
  endfacet
  facet normal 0 0 1
    outer loop
      vertex -1.67731 -1.90727 10.3
      vertex -1.9799 -1.9799 10.3
      vertex -1.84617 -2.10515 10.3
    endloop
  endfacet
  facet normal 0 0 1
    outer loop
      vertex -2.22139 -1.70453 10.3
      vertex -1.9119 -1.67202 10.3
      vertex -2.01512 -1.54625 10.3
    endloop
  endfacet
  facet normal 0 0 1
    outer loop
      vertex -2.22139 -1.70453 10.3
      vertex -2.01512 -1.54625 10.3
      vertex -2.01717 -1.5434 10.3
    endloop
  endfacet
  facet normal 0 0 1
    outer loop
      vertex -1.90727 -1.67731 10.3
      vertex -2.10515 -1.84617 10.3
      vertex -1.9799 -1.9799 10.3
    endloop
  endfacet
  facet normal 0 0 1
    outer loop
      vertex -2.32811 -1.5556 10.3
      vertex -2.01717 -1.5434 10.3
      vertex -2.11193 -1.41115 10.3
    endloop
  endfacet
  facet normal 0 0 1
    outer loop
      vertex -2.32811 -1.5556 10.3
      vertex -2.11193 -1.41115 10.3
      vertex -2.19785 -1.27299 10.3
    endloop
  endfacet
  facet normal 0 0 1
    outer loop
      vertex -2.42487 -1.4 10.3
      vertex -2.19785 -1.27299 10.3
      vertex -2.1997 -1.27 10.3
    endloop
  endfacet
  facet normal 0 0 1
    outer loop
      vertex -2.42487 -1.4 10.3
      vertex -2.1997 -1.27 10.3
      vertex -2.20136 -1.2669 10.3
    endloop
  endfacet
  facet normal 0 0 1
    outer loop
      vertex -1.9119 -1.67202 10.3
      vertex -2.22139 -1.70453 10.3
      vertex -2.10515 -1.84617 10.3
    endloop
  endfacet
  facet normal -0 0 1
    outer loop
      vertex -2.51124 -1.23841 10.3
      vertex -2.20136 -1.2669 10.3
      vertex -2.27806 -1.12341 10.3
    endloop
  endfacet
  facet normal 0 0 1
    outer loop
      vertex -2.51124 -1.23841 10.3
      vertex -2.27806 -1.12341 10.3
      vertex -2.27951 -1.12021 10.3
    endloop
  endfacet
  facet normal 0 0 1
    outer loop
      vertex -2.01717 -1.5434 10.3
      vertex -2.32811 -1.5556 10.3
      vertex -2.22139 -1.70453 10.3
    endloop
  endfacet
  facet normal -0 0 1
    outer loop
      vertex -2.58686 -1.07151 10.3
      vertex -2.27951 -1.12021 10.3
      vertex -2.34665 -0.972016 10.3
    endloop
  endfacet
  facet normal 0 0 1
    outer loop
      vertex -2.58686 -1.07151 10.3
      vertex -2.34665 -0.972016 10.3
      vertex -2.34789 -0.968724 10.3
    endloop
  endfacet
  facet normal -0 0 1
    outer loop
      vertex -2.6514 -0.90003 10.3
      vertex -2.34789 -0.968724 10.3
      vertex -2.4052 -0.816456 10.3
    endloop
  endfacet
  facet normal 0 0 1
    outer loop
      vertex -2.6514 -0.90003 10.3
      vertex -2.4052 -0.816456 10.3
      vertex -2.40622 -0.81309 10.3
    endloop
  endfacet
  facet normal 0 0 1
    outer loop
      vertex -2.19785 -1.27299 10.3
      vertex -2.42487 -1.4 10.3
      vertex -2.32811 -1.5556 10.3
    endloop
  endfacet
  facet normal -0 0 1
    outer loop
      vertex -2.70459 -0.724693 10.3
      vertex -2.40622 -0.81309 10.3
      vertex -2.45345 -0.6574 10.3
    endloop
  endfacet
  facet normal 0 0 1
    outer loop
      vertex -2.70459 -0.724693 10.3
      vertex -2.45345 -0.6574 10.3
      vertex -2.4904 -0.498954 10.3
    endloop
  endfacet
  facet normal 0 0 1
    outer loop
      vertex -2.7462 -0.546252 10.3
      vertex -2.4904 -0.498954 10.3
      vertex -2.4912 -0.495529 10.3
    endloop
  endfacet
  facet normal 0 0 1
    outer loop
      vertex -2.7462 -0.546252 10.3
      vertex -2.4912 -0.495529 10.3
      vertex -2.49177 -0.492059 10.3
    endloop
  endfacet
  facet normal 0 0 1
    outer loop
      vertex -2.20136 -1.2669 10.3
      vertex -2.51124 -1.23841 10.3
      vertex -2.42487 -1.4 10.3
    endloop
  endfacet
  facet normal -0 0 1
    outer loop
      vertex -2.77604 -0.365473 10.3
      vertex -2.49177 -0.492059 10.3
      vertex -2.51827 -0.331536 10.3
    endloop
  endfacet
  facet normal 0 0 1
    outer loop
      vertex -2.77604 -0.365473 10.3
      vertex -2.51827 -0.331536 10.3
      vertex -2.51862 -0.328036 10.3
    endloop
  endfacet
  facet normal -0 0 1
    outer loop
      vertex -2.794 -0.183128 10.3
      vertex -2.51862 -0.328036 10.3
      vertex -2.53456 -0.166124 10.3
    endloop
  endfacet
  facet normal 0 0 1
    outer loop
      vertex -2.794 -0.183128 10.3
      vertex -2.53456 -0.166124 10.3
      vertex -2.53468 -0.162608 10.3
    endloop
  endfacet
  facet normal -0 0 1
    outer loop
      vertex -2.8 0 10.3
      vertex -2.53468 -0.162608 10.3
      vertex -2.54 0 10.3
    endloop
  endfacet
  facet normal 0 0 1
    outer loop
      vertex -2.51827 0.331536 10.3
      vertex -2.77604 0.365473 10.3
      vertex -2.51862 0.328036 10.3
    endloop
  endfacet
  facet normal 0 0 1
    outer loop
      vertex -2.27951 -1.12021 10.3
      vertex -2.58686 -1.07151 10.3
      vertex -2.51124 -1.23841 10.3
    endloop
  endfacet
  facet normal 0 0 1
    outer loop
      vertex -2.794 0.183128 10.3
      vertex -2.51862 0.328036 10.3
      vertex -2.77604 0.365473 10.3
    endloop
  endfacet
  facet normal 0 0 1
    outer loop
      vertex -2.34789 -0.968724 10.3
      vertex -2.6514 -0.90003 10.3
      vertex -2.58686 -1.07151 10.3
    endloop
  endfacet
  facet normal 0 0 1
    outer loop
      vertex -2.51862 0.328036 10.3
      vertex -2.794 0.183128 10.3
      vertex -2.53456 0.166124 10.3
    endloop
  endfacet
  facet normal 0 0 1
    outer loop
      vertex -2.40622 -0.81309 10.3
      vertex -2.70459 -0.724693 10.3
      vertex -2.6514 -0.90003 10.3
    endloop
  endfacet
  facet normal 0 0 1
    outer loop
      vertex -2.53456 0.166124 10.3
      vertex -2.794 0.183128 10.3
      vertex -2.53468 0.162608 10.3
    endloop
  endfacet
  facet normal 0 0 1
    outer loop
      vertex -2.4904 -0.498954 10.3
      vertex -2.7462 -0.546252 10.3
      vertex -2.70459 -0.724693 10.3
    endloop
  endfacet
  facet normal 0 0 1
    outer loop
      vertex -2.8 0 10.3
      vertex -2.53468 0.162608 10.3
      vertex -2.794 0.183128 10.3
    endloop
  endfacet
  facet normal 0 0 1
    outer loop
      vertex -2.49177 -0.492059 10.3
      vertex -2.77604 -0.365473 10.3
      vertex -2.7462 -0.546252 10.3
    endloop
  endfacet
  facet normal 0 0 1
    outer loop
      vertex -2.53468 0.162608 10.3
      vertex -2.8 0 10.3
      vertex -2.54 0 10.3
    endloop
  endfacet
  facet normal 0 0 1
    outer loop
      vertex -2.51862 -0.328036 10.3
      vertex -2.794 -0.183128 10.3
      vertex -2.77604 -0.365473 10.3
    endloop
  endfacet
  facet normal 0 0 1
    outer loop
      vertex -2.53468 -0.162608 10.3
      vertex -2.8 0 10.3
      vertex -2.794 -0.183128 10.3
    endloop
  endfacet
  facet normal 0.812851 0.582471 0
    outer loop
      vertex 2.32811 1.5556 10.3
      vertex 2.22139 1.70453 6
      vertex 2.22139 1.70453 10.3
    endloop
  endfacet
  facet normal 0.812851 0.582471 0
    outer loop
      vertex 2.22139 1.70453 6
      vertex 2.32811 1.5556 10.3
      vertex 2.32811 1.5556 6
    endloop
  endfacet
  facet normal -0.986649 -0.16286 0
    outer loop
      vertex -2.7462 -0.546252 6
      vertex -2.77604 -0.365473 10.3
      vertex -2.77604 -0.365473 6
    endloop
  endfacet
  facet normal -0.986649 -0.16286 0
    outer loop
      vertex -2.77604 -0.365473 10.3
      vertex -2.7462 -0.546252 6
      vertex -2.7462 -0.546252 10.3
    endloop
  endfacet
  facet normal 0.773013 0.63439 0
    outer loop
      vertex 2.22139 1.70453 10.3
      vertex 2.10515 1.84617 6
      vertex 2.10515 1.84617 10.3
    endloop
  endfacet
  facet normal 0.773013 0.63439 0
    outer loop
      vertex 2.10515 1.84617 6
      vertex 2.22139 1.70453 10.3
      vertex 2.22139 1.70453 6
    endloop
  endfacet
  facet normal 0.849198 0.528075 0
    outer loop
      vertex 2.42487 1.4 10.3
      vertex 2.32811 1.5556 6
      vertex 2.32811 1.5556 10.3
    endloop
  endfacet
  facet normal 0.849198 0.528075 0
    outer loop
      vertex 2.32811 1.5556 6
      vertex 2.42487 1.4 10.3
      vertex 2.42487 1.4 6
    endloop
  endfacet
  facet normal 0.63439 -0.773013 0
    outer loop
      vertex 1.70453 -2.22139 6
      vertex 1.84617 -2.10515 10.3
      vertex 1.70453 -2.22139 10.3
    endloop
  endfacet
  facet normal 0.63439 -0.773013 0
    outer loop
      vertex 1.84617 -2.10515 10.3
      vertex 1.70453 -2.22139 6
      vertex 1.84617 -2.10515 6
    endloop
  endfacet
  facet normal -0.0327464 0.999464 0
    outer loop
      vertex 0 2.8 6
      vertex -0.183128 2.794 10.3
      vertex 0 2.8 10.3
    endloop
  endfacet
  facet normal -0.0327464 0.999464 0
    outer loop
      vertex -0.183128 2.794 10.3
      vertex 0 2.8 6
      vertex -0.183128 2.794 6
    endloop
  endfacet
  facet normal 0.290295 -0.956937 0
    outer loop
      vertex 0.724693 -2.70459 6
      vertex 0.90003 -2.6514 10.3
      vertex 0.724693 -2.70459 10.3
    endloop
  endfacet
  facet normal 0.290295 -0.956937 0
    outer loop
      vertex 0.90003 -2.6514 10.3
      vertex 0.724693 -2.70459 6
      vertex 0.90003 -2.6514 6
    endloop
  endfacet
  facet normal -0.973873 0.227094 0
    outer loop
      vertex -2.7462 0.546252 6
      vertex -2.70459 0.724693 10.3
      vertex -2.70459 0.724693 6
    endloop
  endfacet
  facet normal -0.973873 0.227094 0
    outer loop
      vertex -2.70459 0.724693 10.3
      vertex -2.7462 0.546252 6
      vertex -2.7462 0.546252 10.3
    endloop
  endfacet
  facet normal 0.16286 0.986649 -0
    outer loop
      vertex 0.546252 2.7462 6
      vertex 0.365473 2.77604 10.3
      vertex 0.546252 2.7462 10.3
    endloop
  endfacet
  facet normal 0.16286 0.986649 0
    outer loop
      vertex 0.365473 2.77604 10.3
      vertex 0.546252 2.7462 6
      vertex 0.365473 2.77604 6
    endloop
  endfacet
  facet normal -0.881925 0.47139 0
    outer loop
      vertex -2.51124 1.23841 6
      vertex -2.42487 1.4 10.3
      vertex -2.42487 1.4 6
    endloop
  endfacet
  facet normal -0.881925 0.47139 0
    outer loop
      vertex -2.42487 1.4 10.3
      vertex -2.51124 1.23841 6
      vertex -2.51124 1.23841 10.3
    endloop
  endfacet
  facet normal -0.683587 -0.729869 0
    outer loop
      vertex -1.9799 -1.9799 6
      vertex -1.84617 -2.10515 10.3
      vertex -1.9799 -1.9799 10.3
    endloop
  endfacet
  facet normal -0.683587 -0.729869 -0
    outer loop
      vertex -1.84617 -2.10515 10.3
      vertex -1.9799 -1.9799 6
      vertex -1.84617 -2.10515 6
    endloop
  endfacet
  facet normal 0.956937 0.290295 0
    outer loop
      vertex 2.70459 0.724693 10.3
      vertex 2.6514 0.90003 6
      vertex 2.6514 0.90003 10.3
    endloop
  endfacet
  facet normal 0.956937 0.290295 0
    outer loop
      vertex 2.6514 0.90003 6
      vertex 2.70459 0.724693 10.3
      vertex 2.70459 0.724693 6
    endloop
  endfacet
  facet normal 0.729869 -0.683587 0
    outer loop
      vertex 1.9799 -1.9799 10.3
      vertex 2.10515 -1.84617 6
      vertex 2.10515 -1.84617 10.3
    endloop
  endfacet
  facet normal 0.729869 -0.683587 0
    outer loop
      vertex 2.10515 -1.84617 6
      vertex 1.9799 -1.9799 10.3
      vertex 1.9799 -1.9799 6
    endloop
  endfacet
  facet normal -0.16286 0.986649 0
    outer loop
      vertex -0.365473 2.77604 6
      vertex -0.546252 2.7462 10.3
      vertex -0.365473 2.77604 10.3
    endloop
  endfacet
  facet normal -0.16286 0.986649 0
    outer loop
      vertex -0.546252 2.7462 10.3
      vertex -0.365473 2.77604 6
      vertex -0.546252 2.7462 6
    endloop
  endfacet
  facet normal -0.0980203 -0.995184 0
    outer loop
      vertex -0.365473 -2.77604 6
      vertex -0.183128 -2.794 10.3
      vertex -0.365473 -2.77604 10.3
    endloop
  endfacet
  facet normal -0.0980203 -0.995184 -0
    outer loop
      vertex -0.183128 -2.794 10.3
      vertex -0.365473 -2.77604 6
      vertex -0.183128 -2.794 6
    endloop
  endfacet
  facet normal -0.729869 -0.683587 0
    outer loop
      vertex -1.9799 -1.9799 6
      vertex -2.10515 -1.84617 10.3
      vertex -2.10515 -1.84617 6
    endloop
  endfacet
  facet normal -0.729869 -0.683587 0
    outer loop
      vertex -2.10515 -1.84617 10.3
      vertex -1.9799 -1.9799 6
      vertex -1.9799 -1.9799 10.3
    endloop
  endfacet
  facet normal 0.16286 -0.986649 0
    outer loop
      vertex 0.365473 -2.77604 6
      vertex 0.546252 -2.7462 10.3
      vertex 0.365473 -2.77604 10.3
    endloop
  endfacet
  facet normal 0.16286 -0.986649 0
    outer loop
      vertex 0.546252 -2.7462 10.3
      vertex 0.365473 -2.77604 6
      vertex 0.546252 -2.7462 6
    endloop
  endfacet
  facet normal -0.729869 0.683587 0
    outer loop
      vertex -2.10515 1.84617 6
      vertex -1.9799 1.9799 10.3
      vertex -1.9799 1.9799 6
    endloop
  endfacet
  facet normal -0.729869 0.683587 0
    outer loop
      vertex -1.9799 1.9799 10.3
      vertex -2.10515 1.84617 6
      vertex -2.10515 1.84617 10.3
    endloop
  endfacet
  facet normal -0.773013 0.63439 0
    outer loop
      vertex -2.22139 1.70453 6
      vertex -2.10515 1.84617 10.3
      vertex -2.10515 1.84617 6
    endloop
  endfacet
  facet normal -0.773013 0.63439 0
    outer loop
      vertex -2.10515 1.84617 10.3
      vertex -2.22139 1.70453 6
      vertex -2.22139 1.70453 10.3
    endloop
  endfacet
  facet normal -0.773013 -0.63439 0
    outer loop
      vertex -2.10515 -1.84617 6
      vertex -2.22139 -1.70453 10.3
      vertex -2.22139 -1.70453 6
    endloop
  endfacet
  facet normal -0.773013 -0.63439 0
    outer loop
      vertex -2.22139 -1.70453 10.3
      vertex -2.10515 -1.84617 6
      vertex -2.10515 -1.84617 10.3
    endloop
  endfacet
  facet normal -0.935907 0.352248 0
    outer loop
      vertex -2.6514 0.90003 6
      vertex -2.58686 1.07151 10.3
      vertex -2.58686 1.07151 6
    endloop
  endfacet
  facet normal -0.935907 0.352248 0
    outer loop
      vertex -2.58686 1.07151 10.3
      vertex -2.6514 0.90003 6
      vertex -2.6514 0.90003 10.3
    endloop
  endfacet
  facet normal 0.683587 0.729869 -0
    outer loop
      vertex 1.9799 1.9799 6
      vertex 1.84617 2.10515 10.3
      vertex 1.9799 1.9799 10.3
    endloop
  endfacet
  facet normal 0.683587 0.729869 0
    outer loop
      vertex 1.84617 2.10515 10.3
      vertex 1.9799 1.9799 6
      vertex 1.84617 2.10515 6
    endloop
  endfacet
  facet normal -0.0327464 -0.999464 0
    outer loop
      vertex -0.183128 -2.794 6
      vertex 0 -2.8 10.3
      vertex -0.183128 -2.794 10.3
    endloop
  endfacet
  facet normal -0.0327464 -0.999464 -0
    outer loop
      vertex 0 -2.8 10.3
      vertex -0.183128 -2.794 6
      vertex 0 -2.8 6
    endloop
  endfacet
  facet normal -0.935907 -0.352248 0
    outer loop
      vertex -2.58686 -1.07151 6
      vertex -2.6514 -0.90003 10.3
      vertex -2.6514 -0.90003 6
    endloop
  endfacet
  facet normal -0.935907 -0.352248 0
    outer loop
      vertex -2.6514 -0.90003 10.3
      vertex -2.58686 -1.07151 6
      vertex -2.58686 -1.07151 10.3
    endloop
  endfacet
  facet normal 0.47139 -0.881925 0
    outer loop
      vertex 1.23841 -2.51124 6
      vertex 1.4 -2.42487 10.3
      vertex 1.23841 -2.51124 10.3
    endloop
  endfacet
  facet normal 0.47139 -0.881925 0
    outer loop
      vertex 1.4 -2.42487 10.3
      vertex 1.23841 -2.51124 6
      vertex 1.4 -2.42487 6
    endloop
  endfacet
  facet normal 0.412701 -0.910867 0
    outer loop
      vertex 1.07151 -2.58686 6
      vertex 1.23841 -2.51124 10.3
      vertex 1.07151 -2.58686 10.3
    endloop
  endfacet
  facet normal 0.412701 -0.910867 0
    outer loop
      vertex 1.23841 -2.51124 10.3
      vertex 1.07151 -2.58686 6
      vertex 1.23841 -2.51124 6
    endloop
  endfacet
  facet normal -0.352248 0.935907 0
    outer loop
      vertex -0.90003 2.6514 6
      vertex -1.07151 2.58686 10.3
      vertex -0.90003 2.6514 10.3
    endloop
  endfacet
  facet normal -0.352248 0.935907 0
    outer loop
      vertex -1.07151 2.58686 10.3
      vertex -0.90003 2.6514 6
      vertex -1.07151 2.58686 6
    endloop
  endfacet
  facet normal -0.849198 -0.528075 0
    outer loop
      vertex -2.32811 -1.5556 6
      vertex -2.42487 -1.4 10.3
      vertex -2.42487 -1.4 6
    endloop
  endfacet
  facet normal -0.849198 -0.528075 0
    outer loop
      vertex -2.42487 -1.4 10.3
      vertex -2.32811 -1.5556 6
      vertex -2.32811 -1.5556 10.3
    endloop
  endfacet
  facet normal -0.352248 -0.935907 0
    outer loop
      vertex -1.07151 -2.58686 6
      vertex -0.90003 -2.6514 10.3
      vertex -1.07151 -2.58686 10.3
    endloop
  endfacet
  facet normal -0.352248 -0.935907 -0
    outer loop
      vertex -0.90003 -2.6514 10.3
      vertex -1.07151 -2.58686 6
      vertex -0.90003 -2.6514 6
    endloop
  endfacet
  facet normal -0.290295 -0.956937 0
    outer loop
      vertex -0.90003 -2.6514 6
      vertex -0.724693 -2.70459 10.3
      vertex -0.90003 -2.6514 10.3
    endloop
  endfacet
  facet normal -0.290295 -0.956937 -0
    outer loop
      vertex -0.724693 -2.70459 10.3
      vertex -0.90003 -2.6514 6
      vertex -0.724693 -2.70459 6
    endloop
  endfacet
  facet normal -0.47139 0.881925 0
    outer loop
      vertex -1.23841 2.51124 6
      vertex -1.4 2.42487 10.3
      vertex -1.23841 2.51124 10.3
    endloop
  endfacet
  facet normal -0.47139 0.881925 0
    outer loop
      vertex -1.4 2.42487 10.3
      vertex -1.23841 2.51124 6
      vertex -1.4 2.42487 6
    endloop
  endfacet
  facet normal 0.729869 0.683587 0
    outer loop
      vertex 2.10515 1.84617 10.3
      vertex 1.9799 1.9799 6
      vertex 1.9799 1.9799 10.3
    endloop
  endfacet
  facet normal 0.729869 0.683587 0
    outer loop
      vertex 1.9799 1.9799 6
      vertex 2.10515 1.84617 10.3
      vertex 2.10515 1.84617 6
    endloop
  endfacet
  facet normal 0.227094 -0.973873 0
    outer loop
      vertex 0.546252 -2.7462 6
      vertex 0.724693 -2.70459 10.3
      vertex 0.546252 -2.7462 10.3
    endloop
  endfacet
  facet normal 0.227094 -0.973873 0
    outer loop
      vertex 0.724693 -2.70459 10.3
      vertex 0.546252 -2.7462 6
      vertex 0.724693 -2.70459 6
    endloop
  endfacet
  facet normal -0.63439 0.773013 0
    outer loop
      vertex -1.70453 2.22139 6
      vertex -1.84617 2.10515 10.3
      vertex -1.70453 2.22139 10.3
    endloop
  endfacet
  facet normal -0.63439 0.773013 0
    outer loop
      vertex -1.84617 2.10515 10.3
      vertex -1.70453 2.22139 6
      vertex -1.84617 2.10515 6
    endloop
  endfacet
  facet normal 0.023209 0.708676 0.705152
    outer loop
      vertex 0 4.79005 4
      vertex 0.183128 2.794 6
      vertex 0.313284 4.77979 4
    endloop
  endfacet
  facet normal 0.0232191 0.708677 0.705151
    outer loop
      vertex 0.183128 2.794 6
      vertex 0 4.79005 4
      vertex 0 2.8 6
    endloop
  endfacet
  facet normal -0.161022 -0.69053 0.705152
    outer loop
      vertex -0.724693 -2.70459 6
      vertex -1.23887 -4.62704 4
      vertex -0.546252 -2.7462 6
    endloop
  endfacet
  facet normal -0.162827 -0.690078 0.705181
    outer loop
      vertex -1.23887 -4.62704 4
      vertex -0.724693 -2.70459 6
      vertex -1.23976 -4.62683 4
    endloop
  endfacet
  facet normal 0.690535 0.161008 0.705151
    outer loop
      vertex 4.62704 1.23887 4
      vertex 2.7462 0.546252 6
      vertex 4.69801 0.934492 4
    endloop
  endfacet
  facet normal 0.576358 -0.413005 0.705151
    outer loop
      vertex 2.22139 -1.70453 6
      vertex 3.80073 -2.91526 4
      vertex 2.32811 -1.5556 6
    endloop
  endfacet
  facet normal 0.576459 -0.412869 0.705149
    outer loop
      vertex 3.80073 -2.91526 4
      vertex 2.22139 -1.70453 6
      vertex 3.8002 -2.916 4
    endloop
  endfacet
  facet normal -0.576459 0.412869 0.705149
    outer loop
      vertex -3.80073 2.91526 4
      vertex -2.22139 1.70453 6
      vertex -3.8002 2.916 4
    endloop
  endfacet
  facet normal -0.576358 0.413005 0.705151
    outer loop
      vertex -2.22139 1.70453 6
      vertex -3.80073 2.91526 4
      vertex -2.32811 1.5556 6
    endloop
  endfacet
  facet normal 0.626252 -0.332455 0.705182
    outer loop
      vertex 2.51124 -1.23841 6
      vertex 4.29563 -2.11939 4
      vertex 4.29606 -2.11858 4
    endloop
  endfacet
  facet normal 0.625335 -0.334242 0.705151
    outer loop
      vertex 4.29563 -2.11939 4
      vertex 2.51124 -1.23841 6
      vertex 2.42487 -1.4 6
    endloop
  endfacet
  facet normal -0.41301 -0.576354 0.705152
    outer loop
      vertex -1.5556 -2.32811 6
      vertex -2.91526 -3.80073 4
      vertex -2.66121 -3.98278 4
    endloop
  endfacet
  facet normal -0.663612 -0.249759 0.705152
    outer loop
      vertex -2.58686 -1.07151 6
      vertex -4.53552 -1.54056 4
      vertex -4.42543 -1.83307 4
    endloop
  endfacet
  facet normal -0.161008 -0.690535 0.705151
    outer loop
      vertex -0.546252 -2.7462 6
      vertex -1.23887 -4.62704 4
      vertex -0.934492 -4.69801 4
    endloop
  endfacet
  facet normal 0.332455 0.626252 0.705182
    outer loop
      vertex 1.23841 2.51124 6
      vertex 2.11939 4.29563 4
      vertex 2.11858 4.29606 4
    endloop
  endfacet
  facet normal 0.334242 0.625335 0.705151
    outer loop
      vertex 2.11939 4.29563 4
      vertex 1.23841 2.51124 6
      vertex 1.4 2.42487 6
    endloop
  endfacet
  facet normal 0.516807 0.485486 0.705134
    outer loop
      vertex 3.60073 3.15896 4
      vertex 2.10515 1.84617 6
      vertex 3.60135 3.1583 4
    endloop
  endfacet
  facet normal 0.517519 0.484702 0.705151
    outer loop
      vertex 2.10515 1.84617 6
      vertex 3.60073 3.15896 4
      vertex 1.9799 1.9799 6
    endloop
  endfacet
  facet normal 0.663612 0.249759 0.705152
    outer loop
      vertex 4.42543 1.83307 4
      vertex 2.58686 1.07151 6
      vertex 4.53552 1.54056 4
    endloop
  endfacet
  facet normal 0.205818 0.678528 0.705152
    outer loop
      vertex 1.23976 4.62683 4
      vertex 0.724693 2.70459 6
      vertex 1.53884 4.53611 4
    endloop
  endfacet
  facet normal 0.62533 0.334252 0.70515
    outer loop
      vertex 4.1483 2.39502 4
      vertex 2.42487 1.4 6
      vertex 4.29563 2.11939 4
    endloop
  endfacet
  facet normal -0.690535 0.161008 0.705151
    outer loop
      vertex -4.62704 1.23887 4
      vertex -4.69801 0.934492 4
      vertex -2.7462 0.546252 6
    endloop
  endfacet
  facet normal -0.374435 -0.60213 0.705151
    outer loop
      vertex -2.3958 -4.14782 4
      vertex -1.4 -2.42487 6
      vertex -1.5556 -2.32811 6
    endloop
  endfacet
  facet normal -0.371589 -0.603832 0.705201
    outer loop
      vertex -1.4 -2.42487 6
      vertex -2.3958 -4.14782 4
      vertex -2.39502 -4.1483 4
    endloop
  endfacet
  facet normal 0.115499 0.699587 0.705151
    outer loop
      vertex 0.626126 4.74892 4
      vertex 0.546252 2.7462 6
      vertex 0.934492 4.69801 4
    endloop
  endfacet
  facet normal -0.485486 0.516807 0.705134
    outer loop
      vertex -3.15896 3.60073 4
      vertex -1.84617 2.10515 6
      vertex -3.1583 3.60135 4
    endloop
  endfacet
  facet normal -0.484702 0.517519 0.705151
    outer loop
      vertex -1.84617 2.10515 6
      vertex -3.15896 3.60073 4
      vertex -1.9799 1.9799 6
    endloop
  endfacet
  facet normal 0.602135 0.374426 0.705152
    outer loop
      vertex 3.98278 2.66121 4
      vertex 2.32811 1.5556 6
      vertex 4.14782 2.3958 4
    endloop
  endfacet
  facet normal 0.162827 0.690078 0.705181
    outer loop
      vertex 1.23887 4.62704 4
      vertex 0.724693 2.70459 6
      vertex 1.23976 4.62683 4
    endloop
  endfacet
  facet normal 0.161022 0.69053 0.705152
    outer loop
      vertex 0.724693 2.70459 6
      vertex 1.23887 4.62704 4
      vertex 0.546252 2.7462 6
    endloop
  endfacet
  facet normal -0.699589 -0.115477 0.705152
    outer loop
      vertex -2.77604 -0.365473 6
      vertex -4.74892 -0.626126 4
      vertex -2.7462 -0.546252 6
    endloop
  endfacet
  facet normal -0.699426 -0.116571 0.705134
    outer loop
      vertex -4.74892 -0.626126 4
      vertex -2.77604 -0.365473 6
      vertex -4.74907 -0.625226 4
    endloop
  endfacet
  facet normal -0.690078 0.162827 0.705181
    outer loop
      vertex -4.62704 1.23887 4
      vertex -2.70459 0.724693 6
      vertex -4.62683 1.23976 4
    endloop
  endfacet
  facet normal -0.69053 0.161022 0.705152
    outer loop
      vertex -2.70459 0.724693 6
      vertex -4.62704 1.23887 4
      vertex -2.7462 0.546252 6
    endloop
  endfacet
  facet normal 0.249759 -0.663612 0.705152
    outer loop
      vertex 1.83307 -4.42543 4
      vertex 1.07151 -2.58686 6
      vertex 1.54056 -4.53552 4
    endloop
  endfacet
  facet normal 0.69053 -0.161022 0.705152
    outer loop
      vertex 2.70459 -0.724693 6
      vertex 4.62704 -1.23887 4
      vertex 2.7462 -0.546252 6
    endloop
  endfacet
  facet normal 0.690078 -0.162827 0.705181
    outer loop
      vertex 4.62704 -1.23887 4
      vertex 2.70459 -0.724693 6
      vertex 4.62683 -1.23976 4
    endloop
  endfacet
  facet normal -0.699587 -0.115499 0.705151
    outer loop
      vertex -2.7462 -0.546252 6
      vertex -4.74892 -0.626126 4
      vertex -4.69801 -0.934492 4
    endloop
  endfacet
  facet normal 0.663612 -0.249759 0.705152
    outer loop
      vertex 4.53552 -1.54056 4
      vertex 2.58686 -1.07151 6
      vertex 4.42543 -1.83307 4
    endloop
  endfacet
  facet normal -0.517524 -0.484696 0.705152
    outer loop
      vertex -1.9799 -1.9799 6
      vertex -3.60073 -3.15896 4
      vertex -3.38708 -3.38708 4
    endloop
  endfacet
  facet normal 0.645856 -0.292628 0.705151
    outer loop
      vertex 2.51124 -1.23841 6
      vertex 4.29644 -2.11775 4
      vertex 2.58686 -1.07151 6
    endloop
  endfacet
  facet normal 0.644663 -0.295147 0.705193
    outer loop
      vertex 4.29644 -2.11775 4
      vertex 2.51124 -1.23841 6
      vertex 4.29606 -2.11858 4
    endloop
  endfacet
  facet normal 0.115499 -0.699587 0.705151
    outer loop
      vertex 0.934492 -4.69801 4
      vertex 0.546252 -2.7462 6
      vertex 0.626126 -4.74892 4
    endloop
  endfacet
  facet normal -0.645851 0.292638 0.705152
    outer loop
      vertex -4.29644 2.11775 4
      vertex -4.42543 1.83307 4
      vertex -2.58686 1.07151 6
    endloop
  endfacet
  facet normal 0.484702 -0.517519 0.705151
    outer loop
      vertex 1.84617 -2.10515 6
      vertex 3.15896 -3.60073 4
      vertex 1.9799 -1.9799 6
    endloop
  endfacet
  facet normal 0.485486 -0.516807 0.705134
    outer loop
      vertex 3.15896 -3.60073 4
      vertex 1.84617 -2.10515 6
      vertex 3.1583 -3.60135 4
    endloop
  endfacet
  facet normal -0.69053 -0.161022 0.705152
    outer loop
      vertex -4.62704 -1.23887 4
      vertex -2.70459 -0.724693 6
      vertex -2.7462 -0.546252 6
    endloop
  endfacet
  facet normal -0.690078 -0.162827 0.705181
    outer loop
      vertex -2.70459 -0.724693 6
      vertex -4.62704 -1.23887 4
      vertex -4.62683 -1.23976 4
    endloop
  endfacet
  facet normal 0.548115 -0.449813 0.705151
    outer loop
      vertex 3.79962 -2.9167 4
      vertex 2.10515 -1.84617 6
      vertex 3.60135 -3.1583 4
    endloop
  endfacet
  facet normal 0.546034 -0.452428 0.705093
    outer loop
      vertex 2.22139 -1.70453 6
      vertex 3.79962 -2.9167 4
      vertex 3.8002 -2.916 4
    endloop
  endfacet
  facet normal 0.548111 -0.449819 0.705151
    outer loop
      vertex 3.79962 -2.9167 4
      vertex 2.22139 -1.70453 6
      vertex 2.10515 -1.84617 6
    endloop
  endfacet
  facet normal 0.705643 -0.0694901 0.705152
    outer loop
      vertex 4.77979 -0.313284 4
      vertex 2.794 -0.183128 6
      vertex 4.74916 -0.624319 4
    endloop
  endfacet
  facet normal 0.699587 0.115499 0.705151
    outer loop
      vertex 4.69801 0.934492 4
      vertex 2.7462 0.546252 6
      vertex 4.74892 0.626126 4
    endloop
  endfacet
  facet normal 0.62533 -0.334252 0.70515
    outer loop
      vertex 4.29563 -2.11939 4
      vertex 2.42487 -1.4 6
      vertex 4.1483 -2.39502 4
    endloop
  endfacet
  facet normal -0.708677 -0.0232191 0.705151
    outer loop
      vertex -4.79005 0 4
      vertex -2.794 -0.183128 6
      vertex -2.8 0 6
    endloop
  endfacet
  facet normal -0.708676 -0.023209 0.705152
    outer loop
      vertex -2.794 -0.183128 6
      vertex -4.79005 0 4
      vertex -4.77979 -0.313284 4
    endloop
  endfacet
  facet normal 0.603832 0.371589 0.705201
    outer loop
      vertex 4.14782 2.3958 4
      vertex 2.42487 1.4 6
      vertex 4.1483 2.39502 4
    endloop
  endfacet
  facet normal 0.60213 0.374435 0.705151
    outer loop
      vertex 2.42487 1.4 6
      vertex 4.14782 2.3958 4
      vertex 2.32811 1.5556 6
    endloop
  endfacet
  facet normal 0.66359 0.249822 0.705151
    outer loop
      vertex 4.53552 1.54056 4
      vertex 2.6514 0.90003 6
      vertex 4.53584 1.53971 4
    endloop
  endfacet
  facet normal 0.663611 0.249763 0.705152
    outer loop
      vertex 2.6514 0.90003 6
      vertex 4.53552 1.54056 4
      vertex 2.58686 1.07151 6
    endloop
  endfacet
  facet normal 0.645851 -0.292638 0.705152
    outer loop
      vertex 4.42543 -1.83307 4
      vertex 2.58686 -1.07151 6
      vertex 4.29644 -2.11775 4
    endloop
  endfacet
  facet normal -0.449813 -0.548115 0.705151
    outer loop
      vertex -1.84617 -2.10515 6
      vertex -3.1583 -3.60135 4
      vertex -2.9167 -3.79962 4
    endloop
  endfacet
  facet normal 0.548115 0.449813 0.705151
    outer loop
      vertex 3.60135 3.1583 4
      vertex 2.10515 1.84617 6
      vertex 3.79962 2.9167 4
    endloop
  endfacet
  facet normal -0.205818 0.678528 0.705152
    outer loop
      vertex -1.23976 4.62683 4
      vertex -1.53884 4.53611 4
      vertex -0.724693 2.70459 6
    endloop
  endfacet
  facet normal 0.484696 -0.517524 0.705152
    outer loop
      vertex 3.38708 -3.38708 4
      vertex 1.9799 -1.9799 6
      vertex 3.15896 -3.60073 4
    endloop
  endfacet
  facet normal -0.205818 -0.678528 0.705152
    outer loop
      vertex -0.724693 -2.70459 6
      vertex -1.53884 -4.53611 4
      vertex -1.23976 -4.62683 4
    endloop
  endfacet
  facet normal 0.374426 0.602135 0.705152
    outer loop
      vertex 2.3958 4.14782 4
      vertex 1.5556 2.32811 6
      vertex 2.66121 3.98278 4
    endloop
  endfacet
  facet normal -0.484696 -0.517524 0.705152
    outer loop
      vertex -1.9799 -1.9799 6
      vertex -3.38708 -3.38708 4
      vertex -3.15896 -3.60073 4
    endloop
  endfacet
  facet normal -0.116571 0.699426 0.705134
    outer loop
      vertex -0.626126 4.74892 4
      vertex -0.365473 2.77604 6
      vertex -0.625226 4.74907 4
    endloop
  endfacet
  facet normal -0.115477 0.699589 0.705152
    outer loop
      vertex -0.365473 2.77604 6
      vertex -0.626126 4.74892 4
      vertex -0.546252 2.7462 6
    endloop
  endfacet
  facet normal 0.576354 0.41301 0.705152
    outer loop
      vertex 3.80073 2.91526 4
      vertex 2.32811 1.5556 6
      vertex 3.98278 2.66121 4
    endloop
  endfacet
  facet normal -0.548111 0.449819 0.705151
    outer loop
      vertex -3.79962 2.9167 4
      vertex -2.22139 1.70453 6
      vertex -2.10515 1.84617 6
    endloop
  endfacet
  facet normal -0.546034 0.452428 0.705093
    outer loop
      vertex -2.22139 1.70453 6
      vertex -3.79962 2.9167 4
      vertex -3.8002 2.916 4
    endloop
  endfacet
  facet normal 0.645851 0.292638 0.705152
    outer loop
      vertex 4.29644 2.11775 4
      vertex 2.58686 1.07151 6
      vertex 4.42543 1.83307 4
    endloop
  endfacet
  facet normal 0.0695019 -0.705641 0.705152
    outer loop
      vertex 0.624319 -4.74916 4
      vertex 0.365473 -2.77604 6
      vertex 0.183128 -2.794 6
    endloop
  endfacet
  facet normal 0.0700137 -0.705582 0.705161
    outer loop
      vertex 0.365473 -2.77604 6
      vertex 0.624319 -4.74916 4
      vertex 0.625226 -4.74907 4
    endloop
  endfacet
  facet normal 0.295147 0.644663 0.705193
    outer loop
      vertex 2.11775 4.29644 4
      vertex 1.23841 2.51124 6
      vertex 2.11858 4.29606 4
    endloop
  endfacet
  facet normal 0.292628 0.645856 0.705151
    outer loop
      vertex 1.23841 2.51124 6
      vertex 2.11775 4.29644 4
      vertex 1.07151 2.58686 6
    endloop
  endfacet
  facet normal -0.678528 0.205818 0.705152
    outer loop
      vertex -4.53611 1.53884 4
      vertex -4.62683 1.23976 4
      vertex -2.70459 0.724693 6
    endloop
  endfacet
  facet normal 0.517524 0.484696 0.705152
    outer loop
      vertex 3.38708 3.38708 4
      vertex 1.9799 1.9799 6
      vertex 3.60073 3.15896 4
    endloop
  endfacet
  facet normal 0.0694901 -0.705643 0.705152
    outer loop
      vertex 0.624319 -4.74916 4
      vertex 0.183128 -2.794 6
      vertex 0.313284 -4.77979 4
    endloop
  endfacet
  facet normal 0.0694901 0.705643 0.705152
    outer loop
      vertex 0.313284 4.77979 4
      vertex 0.183128 2.794 6
      vertex 0.624319 4.74916 4
    endloop
  endfacet
  facet normal -0.663611 -0.249763 0.705152
    outer loop
      vertex -2.6514 -0.90003 6
      vertex -4.53552 -1.54056 4
      vertex -2.58686 -1.07151 6
    endloop
  endfacet
  facet normal -0.66359 -0.249822 0.705151
    outer loop
      vertex -4.53552 -1.54056 4
      vertex -2.6514 -0.90003 6
      vertex -4.53584 -1.53971 4
    endloop
  endfacet
  facet normal -0.708676 0.023209 0.705152
    outer loop
      vertex -4.79005 0 4
      vertex -2.794 0.183128 6
      vertex -4.77979 0.313284 4
    endloop
  endfacet
  facet normal -0.708677 0.0232191 0.705151
    outer loop
      vertex -2.794 0.183128 6
      vertex -4.79005 0 4
      vertex -2.8 0 6
    endloop
  endfacet
  facet normal 0.699587 -0.115499 0.705151
    outer loop
      vertex 4.74892 -0.626126 4
      vertex 2.7462 -0.546252 6
      vertex 4.69801 -0.934492 4
    endloop
  endfacet
  facet normal 0.708677 -0.0232191 0.705151
    outer loop
      vertex 2.794 -0.183128 6
      vertex 4.79005 0 4
      vertex 2.8 0 6
    endloop
  endfacet
  facet normal 0.708676 -0.023209 0.705152
    outer loop
      vertex 4.79005 0 4
      vertex 2.794 -0.183128 6
      vertex 4.77979 -0.313284 4
    endloop
  endfacet
  facet normal 0.708677 0.0232191 0.705151
    outer loop
      vertex 4.79005 0 4
      vertex 2.794 0.183128 6
      vertex 2.8 0 6
    endloop
  endfacet
  facet normal 0.708676 0.023209 0.705152
    outer loop
      vertex 2.794 0.183128 6
      vertex 4.79005 0 4
      vertex 4.77979 0.313284 4
    endloop
  endfacet
  facet normal -0.60213 -0.374435 0.705151
    outer loop
      vertex -2.42487 -1.4 6
      vertex -4.14782 -2.3958 4
      vertex -2.32811 -1.5556 6
    endloop
  endfacet
  facet normal -0.603832 -0.371589 0.705201
    outer loop
      vertex -4.14782 -2.3958 4
      vertex -2.42487 -1.4 6
      vertex -4.1483 -2.39502 4
    endloop
  endfacet
  facet normal -0.548115 -0.449813 0.705151
    outer loop
      vertex -2.10515 -1.84617 6
      vertex -3.79962 -2.9167 4
      vertex -3.60135 -3.1583 4
    endloop
  endfacet
  facet normal 0.41301 -0.576354 0.705152
    outer loop
      vertex 2.91526 -3.80073 4
      vertex 1.5556 -2.32811 6
      vertex 2.66121 -3.98278 4
    endloop
  endfacet
  facet normal -0.41301 0.576354 0.705152
    outer loop
      vertex -2.66121 3.98278 4
      vertex -2.91526 3.80073 4
      vertex -1.5556 2.32811 6
    endloop
  endfacet
  facet normal -0.0700137 -0.705582 0.705161
    outer loop
      vertex -0.624319 -4.74916 4
      vertex -0.365473 -2.77604 6
      vertex -0.625226 -4.74907 4
    endloop
  endfacet
  facet normal -0.0695019 -0.705641 0.705152
    outer loop
      vertex -0.365473 -2.77604 6
      vertex -0.624319 -4.74916 4
      vertex -0.183128 -2.794 6
    endloop
  endfacet
  facet normal -0.292628 -0.645856 0.705151
    outer loop
      vertex -1.23841 -2.51124 6
      vertex -2.11775 -4.29644 4
      vertex -1.07151 -2.58686 6
    endloop
  endfacet
  facet normal -0.295147 -0.644663 0.705193
    outer loop
      vertex -2.11775 -4.29644 4
      vertex -1.23841 -2.51124 6
      vertex -2.11858 -4.29606 4
    endloop
  endfacet
  facet normal 0.678528 -0.205818 0.705152
    outer loop
      vertex 4.62683 -1.23976 4
      vertex 2.70459 -0.724693 6
      vertex 4.53611 -1.53884 4
    endloop
  endfacet
  facet normal 0.0700137 0.705582 0.705161
    outer loop
      vertex 0.624319 4.74916 4
      vertex 0.365473 2.77604 6
      vertex 0.625226 4.74907 4
    endloop
  endfacet
  facet normal 0.0695019 0.705641 0.705152
    outer loop
      vertex 0.365473 2.77604 6
      vertex 0.624319 4.74916 4
      vertex 0.183128 2.794 6
    endloop
  endfacet
  facet normal 0.699426 0.116571 0.705134
    outer loop
      vertex 4.74892 0.626126 4
      vertex 2.77604 0.365473 6
      vertex 4.74907 0.625226 4
    endloop
  endfacet
  facet normal 0.699589 0.115477 0.705152
    outer loop
      vertex 2.77604 0.365473 6
      vertex 4.74892 0.626126 4
      vertex 2.7462 0.546252 6
    endloop
  endfacet
  facet normal 0.371589 0.603832 0.705201
    outer loop
      vertex 1.4 2.42487 6
      vertex 2.3958 4.14782 4
      vertex 2.39502 4.1483 4
    endloop
  endfacet
  facet normal 0.374435 0.60213 0.705151
    outer loop
      vertex 2.3958 4.14782 4
      vertex 1.4 2.42487 6
      vertex 1.5556 2.32811 6
    endloop
  endfacet
  facet normal -0.249759 -0.663612 0.705152
    outer loop
      vertex -1.07151 -2.58686 6
      vertex -1.83307 -4.42543 4
      vertex -1.54056 -4.53552 4
    endloop
  endfacet
  facet normal 0.205818 -0.678528 0.705152
    outer loop
      vertex 1.53884 -4.53611 4
      vertex 0.724693 -2.70459 6
      vertex 1.23976 -4.62683 4
    endloop
  endfacet
  facet normal -0.645851 -0.292638 0.705152
    outer loop
      vertex -2.58686 -1.07151 6
      vertex -4.42543 -1.83307 4
      vertex -4.29644 -2.11775 4
    endloop
  endfacet
  facet normal 0.449819 -0.548111 0.705151
    outer loop
      vertex 1.70453 -2.22139 6
      vertex 2.9167 -3.79962 4
      vertex 1.84617 -2.10515 6
    endloop
  endfacet
  facet normal 0.452428 -0.546034 0.705093
    outer loop
      vertex 2.9167 -3.79962 4
      vertex 1.70453 -2.22139 6
      vertex 2.916 -3.8002 4
    endloop
  endfacet
  facet normal 0.292638 -0.645851 0.705152
    outer loop
      vertex 2.11775 -4.29644 4
      vertex 1.07151 -2.58686 6
      vertex 1.83307 -4.42543 4
    endloop
  endfacet
  facet normal -0.115499 0.699587 0.705151
    outer loop
      vertex -0.626126 4.74892 4
      vertex -0.934492 4.69801 4
      vertex -0.546252 2.7462 6
    endloop
  endfacet
  facet normal 0.412869 0.576459 0.705149
    outer loop
      vertex 2.91526 3.80073 4
      vertex 1.70453 2.22139 6
      vertex 2.916 3.8002 4
    endloop
  endfacet
  facet normal 0.413005 0.576358 0.705151
    outer loop
      vertex 1.70453 2.22139 6
      vertex 2.91526 3.80073 4
      vertex 1.5556 2.32811 6
    endloop
  endfacet
  facet normal 0.161008 -0.690535 0.705151
    outer loop
      vertex 1.23887 -4.62704 4
      vertex 0.546252 -2.7462 6
      vertex 0.934492 -4.69801 4
    endloop
  endfacet
  facet normal -0.705643 0.0694901 0.705152
    outer loop
      vertex -4.74916 0.624319 4
      vertex -4.77979 0.313284 4
      vertex -2.794 0.183128 6
    endloop
  endfacet
  facet normal 0.292638 0.645851 0.705152
    outer loop
      vertex 1.83307 4.42543 4
      vertex 1.07151 2.58686 6
      vertex 2.11775 4.29644 4
    endloop
  endfacet
  facet normal -0.690535 -0.161008 0.705151
    outer loop
      vertex -2.7462 -0.546252 6
      vertex -4.69801 -0.934492 4
      vertex -4.62704 -1.23887 4
    endloop
  endfacet
  facet normal 0.374426 -0.602135 0.705152
    outer loop
      vertex 2.66121 -3.98278 4
      vertex 1.5556 -2.32811 6
      vertex 2.3958 -4.14782 4
    endloop
  endfacet
  facet normal -0.413005 -0.576358 0.705151
    outer loop
      vertex -1.70453 -2.22139 6
      vertex -2.91526 -3.80073 4
      vertex -1.5556 -2.32811 6
    endloop
  endfacet
  facet normal -0.412869 -0.576459 0.705149
    outer loop
      vertex -2.91526 -3.80073 4
      vertex -1.70453 -2.22139 6
      vertex -2.916 -3.8002 4
    endloop
  endfacet
  facet normal -0.705643 -0.0694901 0.705152
    outer loop
      vertex -2.794 -0.183128 6
      vertex -4.77979 -0.313284 4
      vertex -4.74916 -0.624319 4
    endloop
  endfacet
  facet normal 0.576354 -0.41301 0.705152
    outer loop
      vertex 3.98278 -2.66121 4
      vertex 2.32811 -1.5556 6
      vertex 3.80073 -2.91526 4
    endloop
  endfacet
  facet normal 0.484696 0.517524 0.705152
    outer loop
      vertex 3.15896 3.60073 4
      vertex 1.9799 1.9799 6
      vertex 3.38708 3.38708 4
    endloop
  endfacet
  facet normal -0.205835 0.678521 0.705153
    outer loop
      vertex -1.53884 4.53611 4
      vertex -0.90003 2.6514 6
      vertex -0.724693 2.70459 6
    endloop
  endfacet
  facet normal -0.210144 0.677131 0.705219
    outer loop
      vertex -0.90003 2.6514 6
      vertex -1.53884 4.53611 4
      vertex -1.53971 4.53584 4
    endloop
  endfacet
  facet normal -0.705582 0.0700137 0.705161
    outer loop
      vertex -4.74916 0.624319 4
      vertex -2.77604 0.365473 6
      vertex -4.74907 0.625226 4
    endloop
  endfacet
  facet normal -0.705641 0.0695019 0.705152
    outer loop
      vertex -2.77604 0.365473 6
      vertex -4.74916 0.624319 4
      vertex -2.794 0.183128 6
    endloop
  endfacet
  facet normal -0.678521 -0.205835 0.705153
    outer loop
      vertex -4.53611 -1.53884 4
      vertex -2.6514 -0.90003 6
      vertex -2.70459 -0.724693 6
    endloop
  endfacet
  facet normal -0.677131 -0.210144 0.705219
    outer loop
      vertex -2.6514 -0.90003 6
      vertex -4.53611 -1.53884 4
      vertex -4.53584 -1.53971 4
    endloop
  endfacet
  facet normal 0.690535 -0.161008 0.705151
    outer loop
      vertex 4.69801 -0.934492 4
      vertex 2.7462 -0.546252 6
      vertex 4.62704 -1.23887 4
    endloop
  endfacet
  facet normal -0.517519 -0.484702 0.705151
    outer loop
      vertex -2.10515 -1.84617 6
      vertex -3.60073 -3.15896 4
      vertex -1.9799 -1.9799 6
    endloop
  endfacet
  facet normal -0.516807 -0.485486 0.705134
    outer loop
      vertex -3.60073 -3.15896 4
      vertex -2.10515 -1.84617 6
      vertex -3.60135 -3.1583 4
    endloop
  endfacet
  facet normal 0.161008 0.690535 0.705151
    outer loop
      vertex 0.934492 4.69801 4
      vertex 0.546252 2.7462 6
      vertex 1.23887 4.62704 4
    endloop
  endfacet
  facet normal -0.023209 -0.708676 0.705152
    outer loop
      vertex 0 -4.79005 4
      vertex -0.183128 -2.794 6
      vertex -0.313284 -4.77979 4
    endloop
  endfacet
  facet normal -0.0232191 -0.708677 0.705151
    outer loop
      vertex -0.183128 -2.794 6
      vertex 0 -4.79005 4
      vertex 0 -2.8 6
    endloop
  endfacet
  facet normal 0.678528 0.205818 0.705152
    outer loop
      vertex 4.53611 1.53884 4
      vertex 2.70459 0.724693 6
      vertex 4.62683 1.23976 4
    endloop
  endfacet
  facet normal 0.690078 0.162827 0.705181
    outer loop
      vertex 2.70459 0.724693 6
      vertex 4.62704 1.23887 4
      vertex 4.62683 1.23976 4
    endloop
  endfacet
  facet normal 0.69053 0.161022 0.705152
    outer loop
      vertex 4.62704 1.23887 4
      vertex 2.70459 0.724693 6
      vertex 2.7462 0.546252 6
    endloop
  endfacet
  facet normal 0.162827 -0.690078 0.705181
    outer loop
      vertex 0.724693 -2.70459 6
      vertex 1.23887 -4.62704 4
      vertex 1.23976 -4.62683 4
    endloop
  endfacet
  facet normal 0.161022 -0.69053 0.705152
    outer loop
      vertex 1.23887 -4.62704 4
      vertex 0.724693 -2.70459 6
      vertex 0.546252 -2.7462 6
    endloop
  endfacet
  facet normal -0.576354 0.41301 0.705152
    outer loop
      vertex -3.80073 2.91526 4
      vertex -3.98278 2.66121 4
      vertex -2.32811 1.5556 6
    endloop
  endfacet
  facet normal -0.484696 0.517524 0.705152
    outer loop
      vertex -3.15896 3.60073 4
      vertex -3.38708 3.38708 4
      vertex -1.9799 1.9799 6
    endloop
  endfacet
  facet normal 0.677131 0.210144 0.705219
    outer loop
      vertex 2.6514 0.90003 6
      vertex 4.53611 1.53884 4
      vertex 4.53584 1.53971 4
    endloop
  endfacet
  facet normal 0.678521 0.205835 0.705153
    outer loop
      vertex 4.53611 1.53884 4
      vertex 2.6514 0.90003 6
      vertex 2.70459 0.724693 6
    endloop
  endfacet
  facet normal 0.705643 0.0694901 0.705152
    outer loop
      vertex 4.74916 0.624319 4
      vertex 2.794 0.183128 6
      vertex 4.77979 0.313284 4
    endloop
  endfacet
  facet normal 0.699426 -0.116571 0.705134
    outer loop
      vertex 2.77604 -0.365473 6
      vertex 4.74892 -0.626126 4
      vertex 4.74907 -0.625226 4
    endloop
  endfacet
  facet normal 0.699589 -0.115477 0.705152
    outer loop
      vertex 4.74892 -0.626126 4
      vertex 2.77604 -0.365473 6
      vertex 2.7462 -0.546252 6
    endloop
  endfacet
  facet normal 0.705641 -0.0695019 0.705152
    outer loop
      vertex 2.77604 -0.365473 6
      vertex 4.74916 -0.624319 4
      vertex 2.794 -0.183128 6
    endloop
  endfacet
  facet normal 0.705582 -0.0700137 0.705161
    outer loop
      vertex 4.74916 -0.624319 4
      vertex 2.77604 -0.365473 6
      vertex 4.74907 -0.625226 4
    endloop
  endfacet
  facet normal 0.576459 0.412869 0.705149
    outer loop
      vertex 2.22139 1.70453 6
      vertex 3.80073 2.91526 4
      vertex 3.8002 2.916 4
    endloop
  endfacet
  facet normal 0.576358 0.413005 0.705151
    outer loop
      vertex 3.80073 2.91526 4
      vertex 2.22139 1.70453 6
      vertex 2.32811 1.5556 6
    endloop
  endfacet
  facet normal -0.452428 0.546034 0.705093
    outer loop
      vertex -2.9167 3.79962 4
      vertex -1.70453 2.22139 6
      vertex -2.916 3.8002 4
    endloop
  endfacet
  facet normal -0.449819 0.548111 0.705151
    outer loop
      vertex -1.70453 2.22139 6
      vertex -2.9167 3.79962 4
      vertex -1.84617 2.10515 6
    endloop
  endfacet
  facet normal -0.292638 0.645851 0.705152
    outer loop
      vertex -1.83307 4.42543 4
      vertex -2.11775 4.29644 4
      vertex -1.07151 2.58686 6
    endloop
  endfacet
  facet normal 0.334252 0.62533 0.70515
    outer loop
      vertex 2.11939 4.29563 4
      vertex 1.4 2.42487 6
      vertex 2.39502 4.1483 4
    endloop
  endfacet
  facet normal -0.677131 0.210144 0.705219
    outer loop
      vertex -4.53611 1.53884 4
      vertex -2.6514 0.90003 6
      vertex -4.53584 1.53971 4
    endloop
  endfacet
  facet normal -0.678521 0.205835 0.705153
    outer loop
      vertex -2.6514 0.90003 6
      vertex -4.53611 1.53884 4
      vertex -2.70459 0.724693 6
    endloop
  endfacet
  facet normal -0.602135 0.374426 0.705152
    outer loop
      vertex -3.98278 2.66121 4
      vertex -4.14782 2.3958 4
      vertex -2.32811 1.5556 6
    endloop
  endfacet
  facet normal 0.452428 0.546034 0.705093
    outer loop
      vertex 1.70453 2.22139 6
      vertex 2.9167 3.79962 4
      vertex 2.916 3.8002 4
    endloop
  endfacet
  facet normal 0.449819 0.548111 0.705151
    outer loop
      vertex 2.9167 3.79962 4
      vertex 1.70453 2.22139 6
      vertex 1.84617 2.10515 6
    endloop
  endfacet
  facet normal -0.699587 0.115499 0.705151
    outer loop
      vertex -4.69801 0.934492 4
      vertex -4.74892 0.626126 4
      vertex -2.7462 0.546252 6
    endloop
  endfacet
  facet normal -0.576354 -0.41301 0.705152
    outer loop
      vertex -2.32811 -1.5556 6
      vertex -3.98278 -2.66121 4
      vertex -3.80073 -2.91526 4
    endloop
  endfacet
  facet normal -0.249759 0.663612 0.705152
    outer loop
      vertex -1.54056 4.53552 4
      vertex -1.83307 4.42543 4
      vertex -1.07151 2.58686 6
    endloop
  endfacet
  facet normal 0.602135 -0.374426 0.705152
    outer loop
      vertex 4.14782 -2.3958 4
      vertex 2.32811 -1.5556 6
      vertex 3.98278 -2.66121 4
    endloop
  endfacet
  facet normal -0.602135 -0.374426 0.705152
    outer loop
      vertex -2.32811 -1.5556 6
      vertex -4.14782 -2.3958 4
      vertex -3.98278 -2.66121 4
    endloop
  endfacet
  facet normal -0.292628 0.645856 0.705151
    outer loop
      vertex -2.11775 4.29644 4
      vertex -1.23841 2.51124 6
      vertex -1.07151 2.58686 6
    endloop
  endfacet
  facet normal -0.295147 0.644663 0.705193
    outer loop
      vertex -1.23841 2.51124 6
      vertex -2.11775 4.29644 4
      vertex -2.11858 4.29606 4
    endloop
  endfacet
  facet normal 0.0232191 -0.708677 0.705151
    outer loop
      vertex 0 -4.79005 4
      vertex 0.183128 -2.794 6
      vertex 0 -2.8 6
    endloop
  endfacet
  facet normal 0.023209 -0.708676 0.705152
    outer loop
      vertex 0.183128 -2.794 6
      vertex 0 -4.79005 4
      vertex 0.313284 -4.77979 4
    endloop
  endfacet
  facet normal -0.705641 -0.0695019 0.705152
    outer loop
      vertex -4.74916 -0.624319 4
      vertex -2.77604 -0.365473 6
      vertex -2.794 -0.183128 6
    endloop
  endfacet
  facet normal -0.705582 -0.0700137 0.705161
    outer loop
      vertex -2.77604 -0.365473 6
      vertex -4.74916 -0.624319 4
      vertex -4.74907 -0.625226 4
    endloop
  endfacet
  facet normal -0.678528 -0.205818 0.705152
    outer loop
      vertex -2.70459 -0.724693 6
      vertex -4.62683 -1.23976 4
      vertex -4.53611 -1.53884 4
    endloop
  endfacet
  facet normal -0.449813 0.548115 0.705151
    outer loop
      vertex -2.9167 3.79962 4
      vertex -3.1583 3.60135 4
      vertex -1.84617 2.10515 6
    endloop
  endfacet
  facet normal 0.210144 -0.677131 0.705219
    outer loop
      vertex 0.90003 -2.6514 6
      vertex 1.53884 -4.53611 4
      vertex 1.53971 -4.53584 4
    endloop
  endfacet
  facet normal 0.205835 -0.678521 0.705153
    outer loop
      vertex 1.53884 -4.53611 4
      vertex 0.90003 -2.6514 6
      vertex 0.724693 -2.70459 6
    endloop
  endfacet
  facet normal -0.115499 -0.699587 0.705151
    outer loop
      vertex -0.546252 -2.7462 6
      vertex -0.934492 -4.69801 4
      vertex -0.626126 -4.74892 4
    endloop
  endfacet
  facet normal -0.62533 0.334252 0.70515
    outer loop
      vertex -4.1483 2.39502 4
      vertex -4.29563 2.11939 4
      vertex -2.42487 1.4 6
    endloop
  endfacet
  facet normal 0.644663 0.295147 0.705193
    outer loop
      vertex 2.51124 1.23841 6
      vertex 4.29644 2.11775 4
      vertex 4.29606 2.11858 4
    endloop
  endfacet
  facet normal 0.645856 0.292628 0.705151
    outer loop
      vertex 4.29644 2.11775 4
      vertex 2.51124 1.23841 6
      vertex 2.58686 1.07151 6
    endloop
  endfacet
  facet normal 0.603832 -0.371589 0.705201
    outer loop
      vertex 2.42487 -1.4 6
      vertex 4.14782 -2.3958 4
      vertex 4.1483 -2.39502 4
    endloop
  endfacet
  facet normal 0.60213 -0.374435 0.705151
    outer loop
      vertex 4.14782 -2.3958 4
      vertex 2.42487 -1.4 6
      vertex 2.32811 -1.5556 6
    endloop
  endfacet
  facet normal -0.484702 -0.517519 0.705151
    outer loop
      vertex -3.15896 -3.60073 4
      vertex -1.84617 -2.10515 6
      vertex -1.9799 -1.9799 6
    endloop
  endfacet
  facet normal -0.485486 -0.516807 0.705134
    outer loop
      vertex -1.84617 -2.10515 6
      vertex -3.15896 -3.60073 4
      vertex -3.1583 -3.60135 4
    endloop
  endfacet
  facet normal -0.548115 0.449813 0.705151
    outer loop
      vertex -3.60135 3.1583 4
      vertex -3.79962 2.9167 4
      vertex -2.10515 1.84617 6
    endloop
  endfacet
  facet normal -0.517524 0.484696 0.705152
    outer loop
      vertex -3.38708 3.38708 4
      vertex -3.60073 3.15896 4
      vertex -1.9799 1.9799 6
    endloop
  endfacet
  facet normal -0.334252 0.62533 0.70515
    outer loop
      vertex -2.11939 4.29563 4
      vertex -2.39502 4.1483 4
      vertex -1.4 2.42487 6
    endloop
  endfacet
  facet normal 0.449813 0.548115 0.705151
    outer loop
      vertex 2.9167 3.79962 4
      vertex 1.84617 2.10515 6
      vertex 3.1583 3.60135 4
    endloop
  endfacet
  facet normal 0.485486 0.516807 0.705134
    outer loop
      vertex 1.84617 2.10515 6
      vertex 3.15896 3.60073 4
      vertex 3.1583 3.60135 4
    endloop
  endfacet
  facet normal 0.484702 0.517519 0.705151
    outer loop
      vertex 3.15896 3.60073 4
      vertex 1.84617 2.10515 6
      vertex 1.9799 1.9799 6
    endloop
  endfacet
  facet normal -0.517519 0.484702 0.705151
    outer loop
      vertex -3.60073 3.15896 4
      vertex -2.10515 1.84617 6
      vertex -1.9799 1.9799 6
    endloop
  endfacet
  facet normal -0.516807 0.485486 0.705134
    outer loop
      vertex -2.10515 1.84617 6
      vertex -3.60073 3.15896 4
      vertex -3.60135 3.1583 4
    endloop
  endfacet
  facet normal 0.249759 0.663612 0.705152
    outer loop
      vertex 1.54056 4.53552 4
      vertex 1.07151 2.58686 6
      vertex 1.83307 4.42543 4
    endloop
  endfacet
  facet normal 0.249763 -0.663611 0.705152
    outer loop
      vertex 0.90003 -2.6514 6
      vertex 1.54056 -4.53552 4
      vertex 1.07151 -2.58686 6
    endloop
  endfacet
  facet normal 0.249822 -0.66359 0.705151
    outer loop
      vertex 1.54056 -4.53552 4
      vertex 0.90003 -2.6514 6
      vertex 1.53971 -4.53584 4
    endloop
  endfacet
  facet normal -0.413005 0.576358 0.705151
    outer loop
      vertex -2.91526 3.80073 4
      vertex -1.70453 2.22139 6
      vertex -1.5556 2.32811 6
    endloop
  endfacet
  facet normal -0.412869 0.576459 0.705149
    outer loop
      vertex -1.70453 2.22139 6
      vertex -2.91526 3.80073 4
      vertex -2.916 3.8002 4
    endloop
  endfacet
  facet normal 0.374435 -0.60213 0.705151
    outer loop
      vertex 1.4 -2.42487 6
      vertex 2.3958 -4.14782 4
      vertex 1.5556 -2.32811 6
    endloop
  endfacet
  facet normal 0.371589 -0.603832 0.705201
    outer loop
      vertex 2.3958 -4.14782 4
      vertex 1.4 -2.42487 6
      vertex 2.39502 -4.1483 4
    endloop
  endfacet
  facet normal 0.517524 -0.484696 0.705152
    outer loop
      vertex 3.60073 -3.15896 4
      vertex 1.9799 -1.9799 6
      vertex 3.38708 -3.38708 4
    endloop
  endfacet
  facet normal 0.516807 -0.485486 0.705134
    outer loop
      vertex 2.10515 -1.84617 6
      vertex 3.60073 -3.15896 4
      vertex 3.60135 -3.1583 4
    endloop
  endfacet
  facet normal 0.517519 -0.484702 0.705151
    outer loop
      vertex 3.60073 -3.15896 4
      vertex 2.10515 -1.84617 6
      vertex 1.9799 -1.9799 6
    endloop
  endfacet
  facet normal 0.66359 -0.249822 0.705151
    outer loop
      vertex 2.6514 -0.90003 6
      vertex 4.53552 -1.54056 4
      vertex 4.53584 -1.53971 4
    endloop
  endfacet
  facet normal 0.663611 -0.249763 0.705152
    outer loop
      vertex 4.53552 -1.54056 4
      vertex 2.6514 -0.90003 6
      vertex 2.58686 -1.07151 6
    endloop
  endfacet
  facet normal 0.678521 -0.205835 0.705153
    outer loop
      vertex 2.6514 -0.90003 6
      vertex 4.53611 -1.53884 4
      vertex 2.70459 -0.724693 6
    endloop
  endfacet
  facet normal 0.677131 -0.210144 0.705219
    outer loop
      vertex 4.53611 -1.53884 4
      vertex 2.6514 -0.90003 6
      vertex 4.53584 -1.53971 4
    endloop
  endfacet
  facet normal -0.161008 0.690535 0.705151
    outer loop
      vertex -0.934492 4.69801 4
      vertex -1.23887 4.62704 4
      vertex -0.546252 2.7462 6
    endloop
  endfacet
  facet normal -0.0694901 -0.705643 0.705152
    outer loop
      vertex -0.183128 -2.794 6
      vertex -0.624319 -4.74916 4
      vertex -0.313284 -4.77979 4
    endloop
  endfacet
  facet normal -0.374426 0.602135 0.705152
    outer loop
      vertex -2.3958 4.14782 4
      vertex -2.66121 3.98278 4
      vertex -1.5556 2.32811 6
    endloop
  endfacet
  facet normal -0.663611 0.249763 0.705152
    outer loop
      vertex -4.53552 1.54056 4
      vertex -2.6514 0.90003 6
      vertex -2.58686 1.07151 6
    endloop
  endfacet
  facet normal -0.66359 0.249822 0.705151
    outer loop
      vertex -2.6514 0.90003 6
      vertex -4.53552 1.54056 4
      vertex -4.53584 1.53971 4
    endloop
  endfacet
  facet normal 0.705582 0.0700137 0.705161
    outer loop
      vertex 2.77604 0.365473 6
      vertex 4.74916 0.624319 4
      vertex 4.74907 0.625226 4
    endloop
  endfacet
  facet normal 0.705641 0.0695019 0.705152
    outer loop
      vertex 4.74916 0.624319 4
      vertex 2.77604 0.365473 6
      vertex 2.794 0.183128 6
    endloop
  endfacet
  facet normal 0.546034 0.452428 0.705093
    outer loop
      vertex 3.79962 2.9167 4
      vertex 2.22139 1.70453 6
      vertex 3.8002 2.916 4
    endloop
  endfacet
  facet normal 0.548111 0.449819 0.705151
    outer loop
      vertex 2.22139 1.70453 6
      vertex 3.79962 2.9167 4
      vertex 2.10515 1.84617 6
    endloop
  endfacet
  facet normal -0.374426 -0.602135 0.705152
    outer loop
      vertex -1.5556 -2.32811 6
      vertex -2.66121 -3.98278 4
      vertex -2.3958 -4.14782 4
    endloop
  endfacet
  facet normal 0.210144 0.677131 0.705219
    outer loop
      vertex 1.53884 4.53611 4
      vertex 0.90003 2.6514 6
      vertex 1.53971 4.53584 4
    endloop
  endfacet
  facet normal 0.205835 0.678521 0.705153
    outer loop
      vertex 0.90003 2.6514 6
      vertex 1.53884 4.53611 4
      vertex 0.724693 2.70459 6
    endloop
  endfacet
  facet normal -0.663612 0.249759 0.705152
    outer loop
      vertex -4.42543 1.83307 4
      vertex -4.53552 1.54056 4
      vertex -2.58686 1.07151 6
    endloop
  endfacet
  facet normal -0.699589 0.115477 0.705152
    outer loop
      vertex -4.74892 0.626126 4
      vertex -2.77604 0.365473 6
      vertex -2.7462 0.546252 6
    endloop
  endfacet
  facet normal -0.699426 0.116571 0.705134
    outer loop
      vertex -2.77604 0.365473 6
      vertex -4.74892 0.626126 4
      vertex -4.74907 0.625226 4
    endloop
  endfacet
  facet normal -0.0694901 0.705643 0.705152
    outer loop
      vertex -0.313284 4.77979 4
      vertex -0.624319 4.74916 4
      vertex -0.183128 2.794 6
    endloop
  endfacet
  facet normal -0.0232191 0.708677 0.705151
    outer loop
      vertex 0 4.79005 4
      vertex -0.183128 2.794 6
      vertex 0 2.8 6
    endloop
  endfacet
  facet normal -0.023209 0.708676 0.705152
    outer loop
      vertex -0.183128 2.794 6
      vertex 0 4.79005 4
      vertex -0.313284 4.77979 4
    endloop
  endfacet
  facet normal 0.449813 -0.548115 0.705151
    outer loop
      vertex 3.1583 -3.60135 4
      vertex 1.84617 -2.10515 6
      vertex 2.9167 -3.79962 4
    endloop
  endfacet
  facet normal -0.576358 -0.413005 0.705151
    outer loop
      vertex -3.80073 -2.91526 4
      vertex -2.22139 -1.70453 6
      vertex -2.32811 -1.5556 6
    endloop
  endfacet
  facet normal -0.576459 -0.412869 0.705149
    outer loop
      vertex -2.22139 -1.70453 6
      vertex -3.80073 -2.91526 4
      vertex -3.8002 -2.916 4
    endloop
  endfacet
  facet normal -0.548111 -0.449819 0.705151
    outer loop
      vertex -2.22139 -1.70453 6
      vertex -3.79962 -2.9167 4
      vertex -2.10515 -1.84617 6
    endloop
  endfacet
  facet normal -0.546034 -0.452428 0.705093
    outer loop
      vertex -3.79962 -2.9167 4
      vertex -2.22139 -1.70453 6
      vertex -3.8002 -2.916 4
    endloop
  endfacet
  facet normal 0.626252 0.332455 0.705182
    outer loop
      vertex 4.29563 2.11939 4
      vertex 2.51124 1.23841 6
      vertex 4.29606 2.11858 4
    endloop
  endfacet
  facet normal 0.625335 0.334242 0.705151
    outer loop
      vertex 2.51124 1.23841 6
      vertex 4.29563 2.11939 4
      vertex 2.42487 1.4 6
    endloop
  endfacet
  facet normal -0.449819 -0.548111 0.705151
    outer loop
      vertex -2.9167 -3.79962 4
      vertex -1.70453 -2.22139 6
      vertex -1.84617 -2.10515 6
    endloop
  endfacet
  facet normal -0.452428 -0.546034 0.705093
    outer loop
      vertex -1.70453 -2.22139 6
      vertex -2.9167 -3.79962 4
      vertex -2.916 -3.8002 4
    endloop
  endfacet
  facet normal 0.116571 0.699426 0.705134
    outer loop
      vertex 0.365473 2.77604 6
      vertex 0.626126 4.74892 4
      vertex 0.625226 4.74907 4
    endloop
  endfacet
  facet normal 0.115477 0.699589 0.705152
    outer loop
      vertex 0.626126 4.74892 4
      vertex 0.365473 2.77604 6
      vertex 0.546252 2.7462 6
    endloop
  endfacet
  facet normal -0.292638 -0.645851 0.705152
    outer loop
      vertex -1.07151 -2.58686 6
      vertex -2.11775 -4.29644 4
      vertex -1.83307 -4.42543 4
    endloop
  endfacet
  facet normal -0.62533 -0.334252 0.70515
    outer loop
      vertex -2.42487 -1.4 6
      vertex -4.29563 -2.11939 4
      vertex -4.1483 -2.39502 4
    endloop
  endfacet
  facet normal 0.249822 0.66359 0.705151
    outer loop
      vertex 0.90003 2.6514 6
      vertex 1.54056 4.53552 4
      vertex 1.53971 4.53584 4
    endloop
  endfacet
  facet normal 0.249763 0.663611 0.705152
    outer loop
      vertex 1.54056 4.53552 4
      vertex 0.90003 2.6514 6
      vertex 1.07151 2.58686 6
    endloop
  endfacet
  facet normal 0.334252 -0.62533 0.70515
    outer loop
      vertex 2.39502 -4.1483 4
      vertex 1.4 -2.42487 6
      vertex 2.11939 -4.29563 4
    endloop
  endfacet
  facet normal -0.625335 -0.334242 0.705151
    outer loop
      vertex -2.51124 -1.23841 6
      vertex -4.29563 -2.11939 4
      vertex -2.42487 -1.4 6
    endloop
  endfacet
  facet normal -0.626252 -0.332455 0.705182
    outer loop
      vertex -4.29563 -2.11939 4
      vertex -2.51124 -1.23841 6
      vertex -4.29606 -2.11858 4
    endloop
  endfacet
  facet normal -0.625335 0.334242 0.705151
    outer loop
      vertex -4.29563 2.11939 4
      vertex -2.51124 1.23841 6
      vertex -2.42487 1.4 6
    endloop
  endfacet
  facet normal -0.626252 0.332455 0.705182
    outer loop
      vertex -2.51124 1.23841 6
      vertex -4.29563 2.11939 4
      vertex -4.29606 2.11858 4
    endloop
  endfacet
  facet normal 0.115477 -0.699589 0.705152
    outer loop
      vertex 0.365473 -2.77604 6
      vertex 0.626126 -4.74892 4
      vertex 0.546252 -2.7462 6
    endloop
  endfacet
  facet normal 0.116571 -0.699426 0.705134
    outer loop
      vertex 0.626126 -4.74892 4
      vertex 0.365473 -2.77604 6
      vertex 0.625226 -4.74907 4
    endloop
  endfacet
  facet normal -0.644663 0.295147 0.705193
    outer loop
      vertex -4.29644 2.11775 4
      vertex -2.51124 1.23841 6
      vertex -4.29606 2.11858 4
    endloop
  endfacet
  facet normal -0.645856 0.292628 0.705151
    outer loop
      vertex -2.51124 1.23841 6
      vertex -4.29644 2.11775 4
      vertex -2.58686 1.07151 6
    endloop
  endfacet
  facet normal -0.645856 -0.292628 0.705151
    outer loop
      vertex -4.29644 -2.11775 4
      vertex -2.51124 -1.23841 6
      vertex -2.58686 -1.07151 6
    endloop
  endfacet
  facet normal -0.644663 -0.295147 0.705193
    outer loop
      vertex -2.51124 -1.23841 6
      vertex -4.29644 -2.11775 4
      vertex -4.29606 -2.11858 4
    endloop
  endfacet
  facet normal -0.115477 -0.699589 0.705152
    outer loop
      vertex -0.626126 -4.74892 4
      vertex -0.365473 -2.77604 6
      vertex -0.546252 -2.7462 6
    endloop
  endfacet
  facet normal -0.116571 -0.699426 0.705134
    outer loop
      vertex -0.365473 -2.77604 6
      vertex -0.626126 -4.74892 4
      vertex -0.625226 -4.74907 4
    endloop
  endfacet
  facet normal 0.41301 0.576354 0.705152
    outer loop
      vertex 2.66121 3.98278 4
      vertex 1.5556 2.32811 6
      vertex 2.91526 3.80073 4
    endloop
  endfacet
  facet normal -0.161022 0.69053 0.705152
    outer loop
      vertex -1.23887 4.62704 4
      vertex -0.724693 2.70459 6
      vertex -0.546252 2.7462 6
    endloop
  endfacet
  facet normal -0.162827 0.690078 0.705181
    outer loop
      vertex -0.724693 2.70459 6
      vertex -1.23887 4.62704 4
      vertex -1.23976 4.62683 4
    endloop
  endfacet
  facet normal -0.249822 0.66359 0.705151
    outer loop
      vertex -1.54056 4.53552 4
      vertex -0.90003 2.6514 6
      vertex -1.53971 4.53584 4
    endloop
  endfacet
  facet normal -0.249763 0.663611 0.705152
    outer loop
      vertex -0.90003 2.6514 6
      vertex -1.54056 4.53552 4
      vertex -1.07151 2.58686 6
    endloop
  endfacet
  facet normal 0.412869 -0.576459 0.705149
    outer loop
      vertex 1.70453 -2.22139 6
      vertex 2.91526 -3.80073 4
      vertex 2.916 -3.8002 4
    endloop
  endfacet
  facet normal 0.413005 -0.576358 0.705151
    outer loop
      vertex 2.91526 -3.80073 4
      vertex 1.70453 -2.22139 6
      vertex 1.5556 -2.32811 6
    endloop
  endfacet
  facet normal -0.60213 0.374435 0.705151
    outer loop
      vertex -4.14782 2.3958 4
      vertex -2.42487 1.4 6
      vertex -2.32811 1.5556 6
    endloop
  endfacet
  facet normal -0.603832 0.371589 0.705201
    outer loop
      vertex -2.42487 1.4 6
      vertex -4.14782 2.3958 4
      vertex -4.1483 2.39502 4
    endloop
  endfacet
  facet normal -0.371589 0.603832 0.705201
    outer loop
      vertex -2.3958 4.14782 4
      vertex -1.4 2.42487 6
      vertex -2.39502 4.1483 4
    endloop
  endfacet
  facet normal -0.374435 0.60213 0.705151
    outer loop
      vertex -1.4 2.42487 6
      vertex -2.3958 4.14782 4
      vertex -1.5556 2.32811 6
    endloop
  endfacet
  facet normal -0.334252 -0.62533 0.70515
    outer loop
      vertex -1.4 -2.42487 6
      vertex -2.39502 -4.1483 4
      vertex -2.11939 -4.29563 4
    endloop
  endfacet
  facet normal -0.332455 0.626252 0.705182
    outer loop
      vertex -2.11939 4.29563 4
      vertex -1.23841 2.51124 6
      vertex -2.11858 4.29606 4
    endloop
  endfacet
  facet normal -0.334242 0.625335 0.705151
    outer loop
      vertex -1.23841 2.51124 6
      vertex -2.11939 4.29563 4
      vertex -1.4 2.42487 6
    endloop
  endfacet
  facet normal -0.334242 -0.625335 0.705151
    outer loop
      vertex -2.11939 -4.29563 4
      vertex -1.23841 -2.51124 6
      vertex -1.4 -2.42487 6
    endloop
  endfacet
  facet normal -0.332455 -0.626252 0.705182
    outer loop
      vertex -1.23841 -2.51124 6
      vertex -2.11939 -4.29563 4
      vertex -2.11858 -4.29606 4
    endloop
  endfacet
  facet normal -0.0695019 0.705641 0.705152
    outer loop
      vertex -0.624319 4.74916 4
      vertex -0.365473 2.77604 6
      vertex -0.183128 2.794 6
    endloop
  endfacet
  facet normal -0.0700137 0.705582 0.705161
    outer loop
      vertex -0.365473 2.77604 6
      vertex -0.624319 4.74916 4
      vertex -0.625226 4.74907 4
    endloop
  endfacet
  facet normal -0.249763 -0.663611 0.705152
    outer loop
      vertex -1.54056 -4.53552 4
      vertex -0.90003 -2.6514 6
      vertex -1.07151 -2.58686 6
    endloop
  endfacet
  facet normal -0.249822 -0.66359 0.705151
    outer loop
      vertex -0.90003 -2.6514 6
      vertex -1.54056 -4.53552 4
      vertex -1.53971 -4.53584 4
    endloop
  endfacet
  facet normal -0.205835 -0.678521 0.705153
    outer loop
      vertex -0.90003 -2.6514 6
      vertex -1.53884 -4.53611 4
      vertex -0.724693 -2.70459 6
    endloop
  endfacet
  facet normal -0.210144 -0.677131 0.705219
    outer loop
      vertex -1.53884 -4.53611 4
      vertex -0.90003 -2.6514 6
      vertex -1.53971 -4.53584 4
    endloop
  endfacet
  facet normal 0.295147 -0.644663 0.705193
    outer loop
      vertex 1.23841 -2.51124 6
      vertex 2.11775 -4.29644 4
      vertex 2.11858 -4.29606 4
    endloop
  endfacet
  facet normal 0.292628 -0.645856 0.705151
    outer loop
      vertex 2.11775 -4.29644 4
      vertex 1.23841 -2.51124 6
      vertex 1.07151 -2.58686 6
    endloop
  endfacet
  facet normal 0.334242 -0.625335 0.705151
    outer loop
      vertex 1.23841 -2.51124 6
      vertex 2.11939 -4.29563 4
      vertex 1.4 -2.42487 6
    endloop
  endfacet
  facet normal 0.332455 -0.626252 0.705182
    outer loop
      vertex 2.11939 -4.29563 4
      vertex 1.23841 -2.51124 6
      vertex 2.11858 -4.29606 4
    endloop
  endfacet
  facet normal -0 0 1
    outer loop
      vertex -2.14999 0.75 6.49
      vertex -0.75 -0.75 6.49
      vertex -0.75 0.75 6.49
    endloop
  endfacet
  facet normal 0 0 1
    outer loop
      vertex -0.75 -0.75 6.49
      vertex -2.14999 0.75 6.49
      vertex -2.14999 -0.75 6.49
    endloop
  endfacet
  facet normal 0 0 1
    outer loop
      vertex -0.75 0.75 6.49
      vertex 0.75 0.75 6.49
      vertex 0.75 2.14999 6.49
    endloop
  endfacet
  facet normal 0 0 1
    outer loop
      vertex 0.75 0.75 6.49
      vertex -0.75 0.75 6.49
      vertex 0.75 -0.75 6.49
    endloop
  endfacet
  facet normal 0 0 1
    outer loop
      vertex -0.75 0.75 6.49
      vertex 0.75 2.14999 6.49
      vertex -0.75 2.14999 6.49
    endloop
  endfacet
  facet normal 0 0 1
    outer loop
      vertex -0.75 -0.75 6.49
      vertex 0.75 -0.75 6.49
      vertex -0.75 0.75 6.49
    endloop
  endfacet
  facet normal 0 0 1
    outer loop
      vertex 0.75 -0.75 6.49
      vertex -0.75 -0.75 6.49
      vertex 0.75 -2.14999 6.49
    endloop
  endfacet
  facet normal 0 0 1
    outer loop
      vertex 0.75 -2.14999 6.49
      vertex -0.75 -0.75 6.49
      vertex -0.75 -2.14999 6.49
    endloop
  endfacet
  facet normal -0 0 1
    outer loop
      vertex 0.75 0.75 6.49
      vertex 2.14999 -0.75 6.49
      vertex 2.14999 0.75 6.49
    endloop
  endfacet
  facet normal 0 0 1
    outer loop
      vertex 2.14999 -0.75 6.49
      vertex 0.75 0.75 6.49
      vertex 0.75 -0.75 6.49
    endloop
  endfacet
  facet normal 0 -1 0
    outer loop
      vertex 2.14999 0.75 6.49
      vertex 2.1021 0.75 9.99275
      vertex 2.01373 0.75 9.91
    endloop
  endfacet
  facet normal 0 -1 0
    outer loop
      vertex 2.14999 0.75 6.49
      vertex 2.01373 0.75 9.91
      vertex 0.75 0.75 6.49
    endloop
  endfacet
  facet normal 0 -1 0
    outer loop
      vertex 2.1021 0.75 9.99275
      vertex 2.14999 0.75 6.49
      vertex 2.14999 0.75 10.0376
    endloop
  endfacet
  facet normal 0 -1 0
    outer loop
      vertex 0.75 0.75 9.91
      vertex 0.75 0.75 6.49
      vertex 2.01373 0.75 9.91
    endloop
  endfacet
  facet normal -1 0 0
    outer loop
      vertex 2.14999 0.75 6.49
      vertex 2.14999 0.729824 10.0305
      vertex 2.14999 0.75 10.0376
    endloop
  endfacet
  facet normal -1 0 0
    outer loop
      vertex 2.14999 0.75 6.49
      vertex 2.14999 0.613517 9.99671
      vertex 2.14999 0.729824 10.0305
    endloop
  endfacet
  facet normal -1 0 0
    outer loop
      vertex 2.14999 0.75 6.49
      vertex 2.14999 0.576089 9.98584
      vertex 2.14999 0.613517 9.99671
    endloop
  endfacet
  facet normal -1 0 0
    outer loop
      vertex 2.14999 0.75 6.49
      vertex 2.14999 0.546277 9.97906
      vertex 2.14999 0.576089 9.98584
    endloop
  endfacet
  facet normal -1 0 0
    outer loop
      vertex 2.14999 0.75 6.49
      vertex 2.14999 0.42766 9.95212
      vertex 2.14999 0.546277 9.97906
    endloop
  endfacet
  facet normal -1 0 0
    outer loop
      vertex 2.14999 0.75 6.49
      vertex 2.14999 0.291425 9.92991
      vertex 2.14999 0.42766 9.95212
    endloop
  endfacet
  facet normal -1 0 0
    outer loop
      vertex 2.14999 0.75 6.49
      vertex 2.14999 0.283052 9.92855
      vertex 2.14999 0.291425 9.92991
    endloop
  endfacet
  facet normal -1 0 0
    outer loop
      vertex 2.14999 0.75 6.49
      vertex 2.14999 0.142925 9.91481
      vertex 2.14999 0.283052 9.92855
    endloop
  endfacet
  facet normal -1 0 0
    outer loop
      vertex 2.14999 0.75 6.49
      vertex 2.14999 0.140918 9.91461
      vertex 2.14999 0.142925 9.91481
    endloop
  endfacet
  facet normal -1 0 0
    outer loop
      vertex 2.14999 0.75 6.49
      vertex 2.14999 0.000174787 9.91
      vertex 2.14999 0.140918 9.91461
    endloop
  endfacet
  facet normal -1 0 0
    outer loop
      vertex 2.14999 0.75 6.49
      vertex 2.14999 -0.000174787 9.91
      vertex 2.14999 0.000174787 9.91
    endloop
  endfacet
  facet normal -1 0 0
    outer loop
      vertex 2.14999 -0.75 6.49
      vertex 2.14999 -0.000174787 9.91
      vertex 2.14999 0.75 6.49
    endloop
  endfacet
  facet normal -1 -0 0
    outer loop
      vertex 2.14999 -0.000174787 9.91
      vertex 2.14999 -0.75 6.49
      vertex 2.14999 -0.140918 9.91461
    endloop
  endfacet
  facet normal -1 -0 0
    outer loop
      vertex 2.14999 -0.140918 9.91461
      vertex 2.14999 -0.75 6.49
      vertex 2.14999 -0.142925 9.91481
    endloop
  endfacet
  facet normal -1 -0 0
    outer loop
      vertex 2.14999 -0.142925 9.91481
      vertex 2.14999 -0.75 6.49
      vertex 2.14999 -0.283052 9.92855
    endloop
  endfacet
  facet normal -1 -0 0
    outer loop
      vertex 2.14999 -0.283052 9.92855
      vertex 2.14999 -0.75 6.49
      vertex 2.14999 -0.291425 9.92991
    endloop
  endfacet
  facet normal -1 -0 0
    outer loop
      vertex 2.14999 -0.291425 9.92991
      vertex 2.14999 -0.75 6.49
      vertex 2.14999 -0.42766 9.95212
    endloop
  endfacet
  facet normal -1 -0 0
    outer loop
      vertex 2.14999 -0.42766 9.95212
      vertex 2.14999 -0.75 6.49
      vertex 2.14999 -0.546277 9.97906
    endloop
  endfacet
  facet normal -1 -0 0
    outer loop
      vertex 2.14999 -0.546277 9.97906
      vertex 2.14999 -0.75 6.49
      vertex 2.14999 -0.576089 9.98584
    endloop
  endfacet
  facet normal -1 -0 0
    outer loop
      vertex 2.14999 -0.576089 9.98584
      vertex 2.14999 -0.75 6.49
      vertex 2.14999 -0.613517 9.99671
    endloop
  endfacet
  facet normal -1 -0 0
    outer loop
      vertex 2.14999 -0.613517 9.99671
      vertex 2.14999 -0.75 6.49
      vertex 2.14999 -0.729824 10.0305
    endloop
  endfacet
  facet normal -1 -0 0
    outer loop
      vertex 2.14999 -0.729824 10.0305
      vertex 2.14999 -0.75 6.49
      vertex 2.14999 -0.75 10.0376
    endloop
  endfacet
  facet normal 0 1 -0
    outer loop
      vertex 2.14999 -0.75 6.49
      vertex 2.1021 -0.75 9.99275
      vertex 2.14999 -0.75 10.0376
    endloop
  endfacet
  facet normal 0 1 0
    outer loop
      vertex 2.1021 -0.75 9.99275
      vertex 2.14999 -0.75 6.49
      vertex 2.01373 -0.75 9.91
    endloop
  endfacet
  facet normal 0 1 0
    outer loop
      vertex 0.75 -0.75 6.49
      vertex 2.01373 -0.75 9.91
      vertex 2.14999 -0.75 6.49
    endloop
  endfacet
  facet normal 0 1 0
    outer loop
      vertex 2.01373 -0.75 9.91
      vertex 0.75 -0.75 6.49
      vertex 0.75 -0.75 9.91
    endloop
  endfacet
  facet normal -1 0 0
    outer loop
      vertex 0.75 -0.75 6.49
      vertex 0.75 -2.01373 9.91
      vertex 0.75 -0.75 9.91
    endloop
  endfacet
  facet normal -1 0 0
    outer loop
      vertex 0.75 -2.14999 6.49
      vertex 0.75 -2.01373 9.91
      vertex 0.75 -0.75 6.49
    endloop
  endfacet
  facet normal -1 -0 0
    outer loop
      vertex 0.75 -2.01373 9.91
      vertex 0.75 -2.14999 6.49
      vertex 0.75 -2.1021 9.99275
    endloop
  endfacet
  facet normal -1 -0 0
    outer loop
      vertex 0.75 -2.1021 9.99275
      vertex 0.75 -2.14999 6.49
      vertex 0.75 -2.14999 10.0376
    endloop
  endfacet
  facet normal 0 1 0
    outer loop
      vertex 0.75 -2.14999 6.49
      vertex 0.613517 -2.14999 9.99671
      vertex 0.729824 -2.14999 10.0305
    endloop
  endfacet
  facet normal 0 1 0
    outer loop
      vertex 0.75 -2.14999 6.49
      vertex 0.546277 -2.14999 9.97906
      vertex 0.576089 -2.14999 9.98584
    endloop
  endfacet
  facet normal 0 1 0
    outer loop
      vertex 0.75 -2.14999 6.49
      vertex 0.142925 -2.14999 9.91481
      vertex 0.283052 -2.14999 9.92855
    endloop
  endfacet
  facet normal 0 1 0
    outer loop
      vertex 0.000174787 -2.14999 9.91
      vertex 0.75 -2.14999 6.49
      vertex -0.000174787 -2.14999 9.91
    endloop
  endfacet
  facet normal 0 1 0
    outer loop
      vertex 0.140918 -2.14999 9.91461
      vertex 0.75 -2.14999 6.49
      vertex 0.000174787 -2.14999 9.91
    endloop
  endfacet
  facet normal 0 1 0
    outer loop
      vertex 0.142925 -2.14999 9.91481
      vertex 0.75 -2.14999 6.49
      vertex 0.140918 -2.14999 9.91461
    endloop
  endfacet
  facet normal 0 1 0
    outer loop
      vertex 0.291425 -2.14999 9.92991
      vertex 0.75 -2.14999 6.49
      vertex 0.283052 -2.14999 9.92855
    endloop
  endfacet
  facet normal 0 1 0
    outer loop
      vertex 0.42766 -2.14999 9.95212
      vertex 0.75 -2.14999 6.49
      vertex 0.291425 -2.14999 9.92991
    endloop
  endfacet
  facet normal 0 1 0
    outer loop
      vertex 0.546277 -2.14999 9.97906
      vertex 0.75 -2.14999 6.49
      vertex 0.42766 -2.14999 9.95212
    endloop
  endfacet
  facet normal 0 1 0
    outer loop
      vertex 0.613517 -2.14999 9.99671
      vertex 0.75 -2.14999 6.49
      vertex 0.576089 -2.14999 9.98584
    endloop
  endfacet
  facet normal 0 1 -0
    outer loop
      vertex 0.75 -2.14999 6.49
      vertex 0.729824 -2.14999 10.0305
      vertex 0.75 -2.14999 10.0376
    endloop
  endfacet
  facet normal 0 1 0
    outer loop
      vertex -0.75 -2.14999 6.49
      vertex -0.613517 -2.14999 9.99671
      vertex -0.576089 -2.14999 9.98584
    endloop
  endfacet
  facet normal 0 1 0
    outer loop
      vertex -0.75 -2.14999 6.49
      vertex -0.546277 -2.14999 9.97906
      vertex -0.42766 -2.14999 9.95212
    endloop
  endfacet
  facet normal 0 1 0
    outer loop
      vertex -0.75 -2.14999 6.49
      vertex -0.142925 -2.14999 9.91481
      vertex -0.140918 -2.14999 9.91461
    endloop
  endfacet
  facet normal 0 1 0
    outer loop
      vertex -0.75 -2.14999 6.49
      vertex -0.000174787 -2.14999 9.91
      vertex 0.75 -2.14999 6.49
    endloop
  endfacet
  facet normal 0 1 0
    outer loop
      vertex -0.000174787 -2.14999 9.91
      vertex -0.75 -2.14999 6.49
      vertex -0.140918 -2.14999 9.91461
    endloop
  endfacet
  facet normal 0 1 0
    outer loop
      vertex -0.142925 -2.14999 9.91481
      vertex -0.75 -2.14999 6.49
      vertex -0.283052 -2.14999 9.92855
    endloop
  endfacet
  facet normal 0 1 0
    outer loop
      vertex -0.283052 -2.14999 9.92855
      vertex -0.75 -2.14999 6.49
      vertex -0.291425 -2.14999 9.92991
    endloop
  endfacet
  facet normal 0 1 0
    outer loop
      vertex -0.291425 -2.14999 9.92991
      vertex -0.75 -2.14999 6.49
      vertex -0.42766 -2.14999 9.95212
    endloop
  endfacet
  facet normal 0 1 0
    outer loop
      vertex -0.546277 -2.14999 9.97906
      vertex -0.75 -2.14999 6.49
      vertex -0.576089 -2.14999 9.98584
    endloop
  endfacet
  facet normal 0 1 0
    outer loop
      vertex -0.613517 -2.14999 9.99671
      vertex -0.75 -2.14999 6.49
      vertex -0.729824 -2.14999 10.0305
    endloop
  endfacet
  facet normal 0 1 0
    outer loop
      vertex -0.729824 -2.14999 10.0305
      vertex -0.75 -2.14999 6.49
      vertex -0.75 -2.14999 10.0376
    endloop
  endfacet
  facet normal 1 -0 0
    outer loop
      vertex -0.75 -2.01373 9.91
      vertex -0.75 -0.75 6.49
      vertex -0.75 -0.75 9.91
    endloop
  endfacet
  facet normal 1 0 0
    outer loop
      vertex -0.75 -2.14999 6.49
      vertex -0.75 -2.01373 9.91
      vertex -0.75 -2.1021 9.99275
    endloop
  endfacet
  facet normal 1 0 0
    outer loop
      vertex -0.75 -2.14999 6.49
      vertex -0.75 -2.1021 9.99275
      vertex -0.75 -2.14999 10.0376
    endloop
  endfacet
  facet normal 1 0 0
    outer loop
      vertex -0.75 -2.01373 9.91
      vertex -0.75 -2.14999 6.49
      vertex -0.75 -0.75 6.49
    endloop
  endfacet
  facet normal 0 1 0
    outer loop
      vertex -0.75 -0.75 9.91
      vertex -0.75 -0.75 6.49
      vertex -2.01373 -0.75 9.91
    endloop
  endfacet
  facet normal 0 1 0
    outer loop
      vertex -2.14999 -0.75 6.49
      vertex -2.1021 -0.75 9.99275
      vertex -2.01373 -0.75 9.91
    endloop
  endfacet
  facet normal 0 1 0
    outer loop
      vertex -2.14999 -0.75 6.49
      vertex -2.01373 -0.75 9.91
      vertex -0.75 -0.75 6.49
    endloop
  endfacet
  facet normal 0 1 0
    outer loop
      vertex -2.1021 -0.75 9.99275
      vertex -2.14999 -0.75 6.49
      vertex -2.14999 -0.75 10.0376
    endloop
  endfacet
  facet normal 1 -0 0
    outer loop
      vertex -2.14999 0.729824 10.0305
      vertex -2.14999 0.75 6.49
      vertex -2.14999 0.75 10.0376
    endloop
  endfacet
  facet normal 1 -0 0
    outer loop
      vertex -2.14999 0.613517 9.99671
      vertex -2.14999 0.75 6.49
      vertex -2.14999 0.729824 10.0305
    endloop
  endfacet
  facet normal 1 -0 0
    outer loop
      vertex -2.14999 0.576089 9.98584
      vertex -2.14999 0.75 6.49
      vertex -2.14999 0.613517 9.99671
    endloop
  endfacet
  facet normal 1 -0 0
    outer loop
      vertex -2.14999 0.546277 9.97906
      vertex -2.14999 0.75 6.49
      vertex -2.14999 0.576089 9.98584
    endloop
  endfacet
  facet normal 1 -0 0
    outer loop
      vertex -2.14999 0.42766 9.95212
      vertex -2.14999 0.75 6.49
      vertex -2.14999 0.546277 9.97906
    endloop
  endfacet
  facet normal 1 -0 0
    outer loop
      vertex -2.14999 0.291425 9.92991
      vertex -2.14999 0.75 6.49
      vertex -2.14999 0.42766 9.95212
    endloop
  endfacet
  facet normal 1 -0 0
    outer loop
      vertex -2.14999 0.283052 9.92855
      vertex -2.14999 0.75 6.49
      vertex -2.14999 0.291425 9.92991
    endloop
  endfacet
  facet normal 1 -0 0
    outer loop
      vertex -2.14999 0.142925 9.91481
      vertex -2.14999 0.75 6.49
      vertex -2.14999 0.283052 9.92855
    endloop
  endfacet
  facet normal 1 -0 0
    outer loop
      vertex -2.14999 0.140918 9.91461
      vertex -2.14999 0.75 6.49
      vertex -2.14999 0.142925 9.91481
    endloop
  endfacet
  facet normal 1 -0 0
    outer loop
      vertex -2.14999 0.000174787 9.91
      vertex -2.14999 0.75 6.49
      vertex -2.14999 0.140918 9.91461
    endloop
  endfacet
  facet normal 1 -0 0
    outer loop
      vertex -2.14999 -0.000174787 9.91
      vertex -2.14999 0.75 6.49
      vertex -2.14999 0.000174787 9.91
    endloop
  endfacet
  facet normal 1 0 0
    outer loop
      vertex -2.14999 -0.75 6.49
      vertex -2.14999 -0.000174787 9.91
      vertex -2.14999 -0.140918 9.91461
    endloop
  endfacet
  facet normal 1 0 0
    outer loop
      vertex -2.14999 -0.75 6.49
      vertex -2.14999 -0.140918 9.91461
      vertex -2.14999 -0.142925 9.91481
    endloop
  endfacet
  facet normal 1 0 0
    outer loop
      vertex -2.14999 -0.75 6.49
      vertex -2.14999 -0.142925 9.91481
      vertex -2.14999 -0.283052 9.92855
    endloop
  endfacet
  facet normal 1 0 0
    outer loop
      vertex -2.14999 -0.75 6.49
      vertex -2.14999 -0.283052 9.92855
      vertex -2.14999 -0.291425 9.92991
    endloop
  endfacet
  facet normal 1 0 0
    outer loop
      vertex -2.14999 -0.75 6.49
      vertex -2.14999 -0.291425 9.92991
      vertex -2.14999 -0.42766 9.95212
    endloop
  endfacet
  facet normal 1 0 0
    outer loop
      vertex -2.14999 -0.75 6.49
      vertex -2.14999 -0.42766 9.95212
      vertex -2.14999 -0.546277 9.97906
    endloop
  endfacet
  facet normal 1 0 0
    outer loop
      vertex -2.14999 -0.75 6.49
      vertex -2.14999 -0.546277 9.97906
      vertex -2.14999 -0.576089 9.98584
    endloop
  endfacet
  facet normal 1 0 0
    outer loop
      vertex -2.14999 -0.75 6.49
      vertex -2.14999 -0.576089 9.98584
      vertex -2.14999 -0.613517 9.99671
    endloop
  endfacet
  facet normal 1 0 0
    outer loop
      vertex -2.14999 -0.75 6.49
      vertex -2.14999 -0.613517 9.99671
      vertex -2.14999 -0.729824 10.0305
    endloop
  endfacet
  facet normal 1 0 0
    outer loop
      vertex -2.14999 -0.75 6.49
      vertex -2.14999 -0.729824 10.0305
      vertex -2.14999 -0.75 10.0376
    endloop
  endfacet
  facet normal 1 0 0
    outer loop
      vertex -2.14999 -0.000174787 9.91
      vertex -2.14999 -0.75 6.49
      vertex -2.14999 0.75 6.49
    endloop
  endfacet
  facet normal 0 -1 0
    outer loop
      vertex -2.14999 0.75 6.49
      vertex -2.1021 0.75 9.99275
      vertex -2.14999 0.75 10.0376
    endloop
  endfacet
  facet normal 0 -1 -0
    outer loop
      vertex -2.1021 0.75 9.99275
      vertex -2.14999 0.75 6.49
      vertex -2.01373 0.75 9.91
    endloop
  endfacet
  facet normal 0 -1 0
    outer loop
      vertex -0.75 0.75 6.49
      vertex -2.01373 0.75 9.91
      vertex -2.14999 0.75 6.49
    endloop
  endfacet
  facet normal 0 -1 0
    outer loop
      vertex -2.01373 0.75 9.91
      vertex -0.75 0.75 6.49
      vertex -0.75 0.75 9.91
    endloop
  endfacet
  facet normal 1 -0 0
    outer loop
      vertex -0.75 2.1021 9.99275
      vertex -0.75 2.14999 6.49
      vertex -0.75 2.14999 10.0376
    endloop
  endfacet
  facet normal 1 -0 0
    outer loop
      vertex -0.75 2.01373 9.91
      vertex -0.75 2.14999 6.49
      vertex -0.75 2.1021 9.99275
    endloop
  endfacet
  facet normal 1 0 0
    outer loop
      vertex -0.75 0.75 6.49
      vertex -0.75 2.01373 9.91
      vertex -0.75 0.75 9.91
    endloop
  endfacet
  facet normal 1 0 0
    outer loop
      vertex -0.75 2.01373 9.91
      vertex -0.75 0.75 6.49
      vertex -0.75 2.14999 6.49
    endloop
  endfacet
  facet normal 0 -1 0
    outer loop
      vertex -0.75 2.14999 6.49
      vertex -0.613517 2.14999 9.99671
      vertex -0.729824 2.14999 10.0305
    endloop
  endfacet
  facet normal 0 -1 0
    outer loop
      vertex -0.75 2.14999 6.49
      vertex -0.546277 2.14999 9.97906
      vertex -0.576089 2.14999 9.98584
    endloop
  endfacet
  facet normal 0 -1 0
    outer loop
      vertex -0.75 2.14999 6.49
      vertex -0.142925 2.14999 9.91481
      vertex -0.283052 2.14999 9.92855
    endloop
  endfacet
  facet normal 0 -1 -0
    outer loop
      vertex -0.000174787 2.14999 9.91
      vertex -0.75 2.14999 6.49
      vertex 0.000174787 2.14999 9.91
    endloop
  endfacet
  facet normal 0 -1 -0
    outer loop
      vertex -0.140918 2.14999 9.91461
      vertex -0.75 2.14999 6.49
      vertex -0.000174787 2.14999 9.91
    endloop
  endfacet
  facet normal 0 -1 -0
    outer loop
      vertex -0.142925 2.14999 9.91481
      vertex -0.75 2.14999 6.49
      vertex -0.140918 2.14999 9.91461
    endloop
  endfacet
  facet normal 0 -1 -0
    outer loop
      vertex -0.291425 2.14999 9.92991
      vertex -0.75 2.14999 6.49
      vertex -0.283052 2.14999 9.92855
    endloop
  endfacet
  facet normal 0 -1 -0
    outer loop
      vertex -0.42766 2.14999 9.95212
      vertex -0.75 2.14999 6.49
      vertex -0.291425 2.14999 9.92991
    endloop
  endfacet
  facet normal 0 -1 -0
    outer loop
      vertex -0.546277 2.14999 9.97906
      vertex -0.75 2.14999 6.49
      vertex -0.42766 2.14999 9.95212
    endloop
  endfacet
  facet normal 0 -1 -0
    outer loop
      vertex -0.613517 2.14999 9.99671
      vertex -0.75 2.14999 6.49
      vertex -0.576089 2.14999 9.98584
    endloop
  endfacet
  facet normal 0 -1 0
    outer loop
      vertex -0.75 2.14999 6.49
      vertex -0.729824 2.14999 10.0305
      vertex -0.75 2.14999 10.0376
    endloop
  endfacet
  facet normal 0 -1 0
    outer loop
      vertex 0.75 2.14999 6.49
      vertex 0.613517 2.14999 9.99671
      vertex 0.576089 2.14999 9.98584
    endloop
  endfacet
  facet normal 0 -1 0
    outer loop
      vertex 0.75 2.14999 6.49
      vertex 0.546277 2.14999 9.97906
      vertex 0.42766 2.14999 9.95212
    endloop
  endfacet
  facet normal 0 -1 0
    outer loop
      vertex 0.75 2.14999 6.49
      vertex 0.142925 2.14999 9.91481
      vertex 0.140918 2.14999 9.91461
    endloop
  endfacet
  facet normal 0 -1 0
    outer loop
      vertex 0.75 2.14999 6.49
      vertex 0.000174787 2.14999 9.91
      vertex -0.75 2.14999 6.49
    endloop
  endfacet
  facet normal 0 -1 0
    outer loop
      vertex 0.000174787 2.14999 9.91
      vertex 0.75 2.14999 6.49
      vertex 0.140918 2.14999 9.91461
    endloop
  endfacet
  facet normal 0 -1 0
    outer loop
      vertex 0.142925 2.14999 9.91481
      vertex 0.75 2.14999 6.49
      vertex 0.283052 2.14999 9.92855
    endloop
  endfacet
  facet normal 0 -1 0
    outer loop
      vertex 0.283052 2.14999 9.92855
      vertex 0.75 2.14999 6.49
      vertex 0.291425 2.14999 9.92991
    endloop
  endfacet
  facet normal 0 -1 0
    outer loop
      vertex 0.291425 2.14999 9.92991
      vertex 0.75 2.14999 6.49
      vertex 0.42766 2.14999 9.95212
    endloop
  endfacet
  facet normal 0 -1 0
    outer loop
      vertex 0.546277 2.14999 9.97906
      vertex 0.75 2.14999 6.49
      vertex 0.576089 2.14999 9.98584
    endloop
  endfacet
  facet normal 0 -1 0
    outer loop
      vertex 0.613517 2.14999 9.99671
      vertex 0.75 2.14999 6.49
      vertex 0.729824 2.14999 10.0305
    endloop
  endfacet
  facet normal 0 -1 0
    outer loop
      vertex 0.729824 2.14999 10.0305
      vertex 0.75 2.14999 6.49
      vertex 0.75 2.14999 10.0376
    endloop
  endfacet
  facet normal -1 0 0
    outer loop
      vertex 0.75 2.14999 6.49
      vertex 0.75 2.1021 9.99275
      vertex 0.75 2.14999 10.0376
    endloop
  endfacet
  facet normal -1 0 0
    outer loop
      vertex 0.75 2.14999 6.49
      vertex 0.75 2.01373 9.91
      vertex 0.75 2.1021 9.99275
    endloop
  endfacet
  facet normal -1 0 0
    outer loop
      vertex 0.75 0.75 6.49
      vertex 0.75 2.01373 9.91
      vertex 0.75 2.14999 6.49
    endloop
  endfacet
  facet normal -1 -0 0
    outer loop
      vertex 0.75 2.01373 9.91
      vertex 0.75 0.75 6.49
      vertex 0.75 0.75 9.91
    endloop
  endfacet
  facet normal -0.706918 0.023128 0.706918
    outer loop
      vertex 2.53468 -0.162608 10.3
      vertex 2.54 0 10.3
      vertex 2.15 0 9.91
    endloop
  endfacet
  facet normal -0.546747 0.44871 0.706914
    outer loop
      vertex 1.61646 -1.41759 9.91
      vertex 1.9119 -1.67202 10.3
      vertex 1.70571 -1.30884 9.91
    endloop
  endfacet
  facet normal -0.546975 0.448439 0.706909
    outer loop
      vertex 1.9119 -1.67202 10.3
      vertex 1.61646 -1.41759 9.91
      vertex 1.90967 -1.67474 10.3
    endloop
  endfacet
  facet normal 0.205308 -0.676837 0.706923
    outer loop
      vertex -0.6574 2.45345 10.3
      vertex -0.613517 2.14999 9.99671
      vertex -0.576089 2.14999 9.98584
    endloop
  endfacet
  facet normal 0.205324 -0.676834 0.706922
    outer loop
      vertex -0.613517 2.14999 9.99671
      vertex -0.6574 2.45345 10.3
      vertex -0.81309 2.40622 10.3
    endloop
  endfacet
  facet normal -0.115204 -0.697848 0.706921
    outer loop
      vertex 0.331536 2.51827 10.3
      vertex 0.291425 2.14999 9.92991
      vertex 0.492059 2.49177 10.3
    endloop
  endfacet
  facet normal -0.114825 -0.697899 0.706931
    outer loop
      vertex 0.291425 2.14999 9.92991
      vertex 0.331536 2.51827 10.3
      vertex 0.283052 2.14999 9.92855
    endloop
  endfacet
  facet normal -0.448714 0.546742 0.706915
    outer loop
      vertex 1.54625 -2.01512 10.3
      vertex 1.67202 -1.9119 10.3
      vertex 1.30884 -1.70571 9.91
    endloop
  endfacet
  facet normal -0.516214 0.483522 0.706916
    outer loop
      vertex 1.79605 -1.79605 10.3
      vertex 1.90727 -1.67731 10.3
      vertex 1.52028 -1.52028 9.91
    endloop
  endfacet
  facet normal -0.703794 0.0704438 0.706903
    outer loop
      vertex 2.14999 -0.142925 9.91481
      vertex 2.53456 -0.166124 10.3
      vertex 2.14999 -0.140918 9.91461
    endloop
  endfacet
  facet normal -0.703885 0.0692965 0.706926
    outer loop
      vertex 2.53456 -0.166124 10.3
      vertex 2.14999 -0.142925 9.91481
      vertex 2.51862 -0.328036 10.3
    endloop
  endfacet
  facet normal 0.483522 0.516214 0.706916
    outer loop
      vertex -1.67731 -1.90727 10.3
      vertex -1.52028 -1.52028 9.91
      vertex -1.79605 -1.79605 10.3
    endloop
  endfacet
  facet normal 0.662077 0.248775 0.706941
    outer loop
      vertex -2.4052 -0.816456 10.3
      vertex -2.14999 -0.75 10.0376
      vertex -2.14999 -0.729824 10.0305
    endloop
  endfacet
  facet normal 0.661959 0.249146 0.70692
    outer loop
      vertex -2.14999 -0.75 10.0376
      vertex -2.4052 -0.816456 10.3
      vertex -2.34789 -0.968724 10.3
    endloop
  endfacet
  facet normal 0.662021 0.249058 0.706894
    outer loop
      vertex -2.1021 -0.75 9.99275
      vertex -2.14999 -0.75 10.0376
      vertex -2.34789 -0.968724 10.3
    endloop
  endfacet
  facet normal -0.574944 -0.41196 0.706914
    outer loop
      vertex 2.11193 1.41115 10.3
      vertex 2.01717 1.5434 10.3
      vertex 1.78766 1.19448 9.91
    endloop
  endfacet
  facet normal 0.115249 -0.697831 0.70693
    outer loop
      vertex -0.492059 2.49177 10.3
      vertex -0.42766 2.14999 9.95212
      vertex -0.291425 2.14999 9.92991
    endloop
  endfacet
  facet normal 0.114647 -0.697937 0.706923
    outer loop
      vertex -0.42766 2.14999 9.95212
      vertex -0.492059 2.49177 10.3
      vertex -0.495529 2.4912 10.3
    endloop
  endfacet
  facet normal -0.41196 -0.574944 0.706914
    outer loop
      vertex 1.5434 2.01717 10.3
      vertex 1.41115 2.11193 10.3
      vertex 1.19448 1.78766 9.91
    endloop
  endfacet
  facet normal -0.333885 0.623519 0.706926
    outer loop
      vertex 1.075 -1.86195 9.91
      vertex 1.2669 -2.20136 10.3
      vertex 1.27 -2.1997 10.3
    endloop
  endfacet
  facet normal -0.333446 0.62376 0.70692
    outer loop
      vertex 1.2669 -2.20136 10.3
      vertex 1.075 -1.86195 9.91
      vertex 0.95092 -1.92828 9.91
    endloop
  endfacet
  facet normal -0.623775 0.333428 0.706916
    outer loop
      vertex 2.20136 -1.2669 10.3
      vertex 2.27806 -1.12341 10.3
      vertex 1.92828 -0.95092 9.91
    endloop
  endfacet
  facet normal -0.205324 0.676834 0.706922
    outer loop
      vertex 0.613517 -2.14999 9.99671
      vertex 0.6574 -2.45345 10.3
      vertex 0.81309 -2.40622 10.3
    endloop
  endfacet
  facet normal -0.205308 0.676837 0.706923
    outer loop
      vertex 0.6574 -2.45345 10.3
      vertex 0.613517 -2.14999 9.99671
      vertex 0.576089 -2.14999 9.98584
    endloop
  endfacet
  facet normal -0.697848 -0.115204 0.706921
    outer loop
      vertex 2.14999 0.291425 9.92991
      vertex 2.51827 0.331536 10.3
      vertex 2.49177 0.492059 10.3
    endloop
  endfacet
  facet normal -0.697899 -0.114825 0.706931
    outer loop
      vertex 2.51827 0.331536 10.3
      vertex 2.14999 0.291425 9.92991
      vertex 2.14999 0.283052 9.92855
    endloop
  endfacet
  facet normal 0.483501 0.516227 0.70692
    outer loop
      vertex -1.67731 -1.90727 10.3
      vertex -1.41759 -1.61646 9.91
      vertex -1.52028 -1.52028 9.91
    endloop
  endfacet
  facet normal 0.482734 0.516928 0.706932
    outer loop
      vertex -1.41759 -1.61646 9.91
      vertex -1.67731 -1.90727 10.3
      vertex -1.67474 -1.90967 10.3
    endloop
  endfacet
  facet normal 0.676834 -0.205324 0.706922
    outer loop
      vertex -2.45345 0.6574 10.3
      vertex -2.14999 0.613517 9.99671
      vertex -2.40622 0.81309 10.3
    endloop
  endfacet
  facet normal 0.676837 -0.205308 0.706923
    outer loop
      vertex -2.14999 0.613517 9.99671
      vertex -2.45345 0.6574 10.3
      vertex -2.14999 0.576089 9.98584
    endloop
  endfacet
  facet normal -0.600627 -0.373523 0.706914
    outer loop
      vertex 2.19785 1.27299 10.3
      vertex 2.11193 1.41115 10.3
      vertex 1.78766 1.19448 9.91
    endloop
  endfacet
  facet normal 0.160875 -0.688747 0.706927
    outer loop
      vertex -0.498954 2.4904 10.3
      vertex -0.42766 2.14999 9.95212
      vertex -0.495529 2.4912 10.3
    endloop
  endfacet
  facet normal 0.160556 -0.688818 0.706931
    outer loop
      vertex -0.42766 2.14999 9.95212
      vertex -0.498954 2.4904 10.3
      vertex -0.546277 2.14999 9.97906
    endloop
  endfacet
  facet normal -0.661868 0.249306 0.706949
    outer loop
      vertex 2.1021 -0.75 9.99275
      vertex 2.34665 -0.972016 10.3
      vertex 2.34789 -0.968724 10.3
    endloop
  endfacet
  facet normal -0.661959 0.249159 0.706916
    outer loop
      vertex 1.98634 -0.822769 9.91
      vertex 2.1021 -0.75 9.99275
      vertex 2.01373 -0.75 9.91
    endloop
  endfacet
  facet normal -0.661959 0.24916 0.706915
    outer loop
      vertex 2.1021 -0.75 9.99275
      vertex 1.98634 -0.822769 9.91
      vertex 2.34665 -0.972016 10.3
    endloop
  endfacet
  facet normal 0.688773 0.160773 0.706925
    outer loop
      vertex -2.14999 -0.546277 9.97906
      vertex -2.45345 -0.6574 10.3
      vertex -2.14999 -0.576089 9.98584
    endloop
  endfacet
  facet normal 0.688815 0.160633 0.706917
    outer loop
      vertex -2.45345 -0.6574 10.3
      vertex -2.14999 -0.546277 9.97906
      vertex -2.4904 -0.498954 10.3
    endloop
  endfacet
  facet normal 0.372137 -0.601454 0.706943
    outer loop
      vertex -1.27299 2.19785 10.3
      vertex -1.075 1.86195 9.91
      vertex -1.27 2.1997 10.3
    endloop
  endfacet
  facet normal 0.373469 -0.600648 0.706925
    outer loop
      vertex -1.075 1.86195 9.91
      vertex -1.27299 2.19785 10.3
      vertex -1.19448 1.78766 9.91
    endloop
  endfacet
  facet normal 0.516214 0.483522 0.706916
    outer loop
      vertex -1.79605 -1.79605 10.3
      vertex -1.52028 -1.52028 9.91
      vertex -1.90727 -1.67731 10.3
    endloop
  endfacet
  facet normal 0.291888 0.64426 0.706916
    outer loop
      vertex -0.95092 -1.92828 9.91
      vertex -1.12021 -2.27951 10.3
      vertex -0.822769 -1.98634 9.91
    endloop
  endfacet
  facet normal 0.291923 0.644244 0.706916
    outer loop
      vertex -1.12021 -2.27951 10.3
      vertex -0.95092 -1.92828 9.91
      vertex -1.12341 -2.27806 10.3
    endloop
  endfacet
  facet normal 0.676887 -0.205117 0.706931
    outer loop
      vertex -2.40622 0.81309 10.3
      vertex -2.14999 0.729824 10.0305
      vertex -2.4052 0.816456 10.3
    endloop
  endfacet
  facet normal 0.676804 -0.205381 0.706934
    outer loop
      vertex -2.14999 0.729824 10.0305
      vertex -2.40622 0.81309 10.3
      vertex -2.14999 0.613517 9.99671
    endloop
  endfacet
  facet normal 0.411985 -0.574918 0.706921
    outer loop
      vertex -1.5434 2.01717 10.3
      vertex -1.30884 1.70571 9.91
      vertex -1.19448 1.78766 9.91
    endloop
  endfacet
  facet normal 0.413001 -0.574171 0.706935
    outer loop
      vertex -1.30884 1.70571 9.91
      vertex -1.5434 2.01717 10.3
      vertex -1.54625 2.01512 10.3
    endloop
  endfacet
  facet normal 0.0693172 -0.703879 0.70693
    outer loop
      vertex -0.328036 2.51862 10.3
      vertex -0.283052 2.14999 9.92855
      vertex -0.142925 2.14999 9.91481
    endloop
  endfacet
  facet normal 0.0703762 -0.703762 0.706942
    outer loop
      vertex -0.283052 2.14999 9.92855
      vertex -0.328036 2.51862 10.3
      vertex -0.331536 2.51827 10.3
    endloop
  endfacet
  facet normal 0.114825 -0.697899 0.706931
    outer loop
      vertex -0.331536 2.51827 10.3
      vertex -0.291425 2.14999 9.92991
      vertex -0.283052 2.14999 9.92855
    endloop
  endfacet
  facet normal 0.115204 -0.697848 0.706921
    outer loop
      vertex -0.291425 2.14999 9.92991
      vertex -0.331536 2.51827 10.3
      vertex -0.492059 2.49177 10.3
    endloop
  endfacet
  facet normal 0.676837 0.205308 0.706923
    outer loop
      vertex -2.45345 -0.6574 10.3
      vertex -2.14999 -0.613517 9.99671
      vertex -2.14999 -0.576089 9.98584
    endloop
  endfacet
  facet normal 0.676834 0.205324 0.706922
    outer loop
      vertex -2.14999 -0.613517 9.99671
      vertex -2.45345 -0.6574 10.3
      vertex -2.40622 -0.81309 10.3
    endloop
  endfacet
  facet normal 0.574918 0.411985 0.706921
    outer loop
      vertex -2.01717 -1.5434 10.3
      vertex -1.70571 -1.30884 9.91
      vertex -1.78766 -1.19448 9.91
    endloop
  endfacet
  facet normal 0.574171 0.413001 0.706935
    outer loop
      vertex -1.70571 -1.30884 9.91
      vertex -2.01717 -1.5434 10.3
      vertex -2.01512 -1.54625 10.3
    endloop
  endfacet
  facet normal 0.291886 0.644262 0.706915
    outer loop
      vertex -0.972016 -2.34665 10.3
      vertex -0.822769 -1.98634 9.91
      vertex -1.12021 -2.27951 10.3
    endloop
  endfacet
  facet normal 0.448714 -0.546742 0.706915
    outer loop
      vertex -1.30884 1.70571 9.91
      vertex -1.54625 2.01512 10.3
      vertex -1.67202 1.9119 10.3
    endloop
  endfacet
  facet normal 0.600627 0.373523 0.706914
    outer loop
      vertex -2.11193 -1.41115 10.3
      vertex -1.78766 -1.19448 9.91
      vertex -2.19785 -1.27299 10.3
    endloop
  endfacet
  facet normal 0.291886 -0.644262 0.706915
    outer loop
      vertex -0.822769 1.98634 9.91
      vertex -0.972016 2.34665 10.3
      vertex -1.12021 2.27951 10.3
    endloop
  endfacet
  facet normal -0.64426 0.291888 0.706916
    outer loop
      vertex 1.92828 -0.95092 9.91
      vertex 2.27951 -1.12021 10.3
      vertex 1.98634 -0.822769 9.91
    endloop
  endfacet
  facet normal -0.644244 0.291923 0.706916
    outer loop
      vertex 2.27951 -1.12021 10.3
      vertex 1.92828 -0.95092 9.91
      vertex 2.27806 -1.12341 10.3
    endloop
  endfacet
  facet normal -0.546742 0.448714 0.706915
    outer loop
      vertex 1.9119 -1.67202 10.3
      vertex 2.01512 -1.54625 10.3
      vertex 1.70571 -1.30884 9.91
    endloop
  endfacet
  facet normal 0.160773 0.688773 0.706925
    outer loop
      vertex -0.6574 -2.45345 10.3
      vertex -0.546277 -2.14999 9.97906
      vertex -0.576089 -2.14999 9.98584
    endloop
  endfacet
  facet normal 0.160633 0.688815 0.706917
    outer loop
      vertex -0.546277 -2.14999 9.97906
      vertex -0.6574 -2.45345 10.3
      vertex -0.498954 -2.4904 10.3
    endloop
  endfacet
  facet normal -0.62376 0.333446 0.70692
    outer loop
      vertex 1.86195 -1.075 9.91
      vertex 2.20136 -1.2669 10.3
      vertex 1.92828 -0.95092 9.91
    endloop
  endfacet
  facet normal -0.623519 0.333885 0.706926
    outer loop
      vertex 2.20136 -1.2669 10.3
      vertex 1.86195 -1.075 9.91
      vertex 2.1997 -1.27 10.3
    endloop
  endfacet
  facet normal 0.333428 0.623775 0.706916
    outer loop
      vertex -1.12341 -2.27806 10.3
      vertex -0.95092 -1.92828 9.91
      vertex -1.2669 -2.20136 10.3
    endloop
  endfacet
  facet normal -0.623775 -0.333428 0.706916
    outer loop
      vertex 2.27806 1.12341 10.3
      vertex 2.20136 1.2669 10.3
      vertex 1.92828 0.95092 9.91
    endloop
  endfacet
  facet normal -0.0692965 0.703885 0.706926
    outer loop
      vertex 0.142925 -2.14999 9.91481
      vertex 0.166124 -2.53456 10.3
      vertex 0.328036 -2.51862 10.3
    endloop
  endfacet
  facet normal -0.0704438 0.703794 0.706903
    outer loop
      vertex 0.166124 -2.53456 10.3
      vertex 0.142925 -2.14999 9.91481
      vertex 0.140918 -2.14999 9.91461
    endloop
  endfacet
  facet normal -0.688815 0.160633 0.706917
    outer loop
      vertex 2.14999 -0.546277 9.97906
      vertex 2.45345 -0.6574 10.3
      vertex 2.4904 -0.498954 10.3
    endloop
  endfacet
  facet normal -0.688773 0.160773 0.706925
    outer loop
      vertex 2.45345 -0.6574 10.3
      vertex 2.14999 -0.546277 9.97906
      vertex 2.14999 -0.576089 9.98584
    endloop
  endfacet
  facet normal 0.697899 0.114825 0.706931
    outer loop
      vertex -2.51827 -0.331536 10.3
      vertex -2.14999 -0.291425 9.92991
      vertex -2.14999 -0.283052 9.92855
    endloop
  endfacet
  facet normal 0.697848 0.115204 0.706921
    outer loop
      vertex -2.14999 -0.291425 9.92991
      vertex -2.51827 -0.331536 10.3
      vertex -2.49177 -0.492059 10.3
    endloop
  endfacet
  facet normal 0.623775 0.333428 0.706916
    outer loop
      vertex -2.20136 -1.2669 10.3
      vertex -1.92828 -0.95092 9.91
      vertex -2.27806 -1.12341 10.3
    endloop
  endfacet
  facet normal -0.160773 -0.688773 0.706925
    outer loop
      vertex 0.6574 2.45345 10.3
      vertex 0.546277 2.14999 9.97906
      vertex 0.576089 2.14999 9.98584
    endloop
  endfacet
  facet normal -0.160633 -0.688815 0.706917
    outer loop
      vertex 0.546277 2.14999 9.97906
      vertex 0.6574 2.45345 10.3
      vertex 0.498954 2.4904 10.3
    endloop
  endfacet
  facet normal -0.688773 -0.160773 0.706925
    outer loop
      vertex 2.14999 0.546277 9.97906
      vertex 2.45345 0.6574 10.3
      vertex 2.14999 0.576089 9.98584
    endloop
  endfacet
  facet normal -0.688815 -0.160633 0.706917
    outer loop
      vertex 2.45345 0.6574 10.3
      vertex 2.14999 0.546277 9.97906
      vertex 2.4904 0.498954 10.3
    endloop
  endfacet
  facet normal 0.697831 0.115249 0.70693
    outer loop
      vertex -2.49177 -0.492059 10.3
      vertex -2.14999 -0.42766 9.95212
      vertex -2.14999 -0.291425 9.92991
    endloop
  endfacet
  facet normal 0.697937 0.114647 0.706923
    outer loop
      vertex -2.14999 -0.42766 9.95212
      vertex -2.49177 -0.492059 10.3
      vertex -2.4912 -0.495529 10.3
    endloop
  endfacet
  facet normal 0.688818 -0.160556 0.706931
    outer loop
      vertex -2.4904 0.498954 10.3
      vertex -2.14999 0.42766 9.95212
      vertex -2.14999 0.546277 9.97906
    endloop
  endfacet
  facet normal 0.688747 -0.160875 0.706927
    outer loop
      vertex -2.14999 0.42766 9.95212
      vertex -2.4904 0.498954 10.3
      vertex -2.4912 0.495529 10.3
    endloop
  endfacet
  facet normal -0.023128 -0.706918 0.706918
    outer loop
      vertex 0 2.15 9.91
      vertex 0.162608 2.53468 10.3
      vertex 0 2.54 10.3
    endloop
  endfacet
  facet normal 0 0 1
    outer loop
      vertex 0.75 0.75 9.91
      vertex 1.98634 0.822769 9.91
      vertex 1.92828 0.95092 9.91
    endloop
  endfacet
  facet normal 0 0 1
    outer loop
      vertex 0.75 0.75 9.91
      vertex 1.92828 0.95092 9.91
      vertex 1.86195 1.075 9.91
    endloop
  endfacet
  facet normal 0 0 1
    outer loop
      vertex 0.75 0.75 9.91
      vertex 1.86195 1.075 9.91
      vertex 1.78766 1.19448 9.91
    endloop
  endfacet
  facet normal 0 0 1
    outer loop
      vertex 0.75 0.75 9.91
      vertex 1.78766 1.19448 9.91
      vertex 1.70571 1.30884 9.91
    endloop
  endfacet
  facet normal 0 0 1
    outer loop
      vertex 0.75 0.75 9.91
      vertex 1.70571 1.30884 9.91
      vertex 1.61646 1.41759 9.91
    endloop
  endfacet
  facet normal 0 0 1
    outer loop
      vertex 0.75 0.75 9.91
      vertex 1.61646 1.41759 9.91
      vertex 1.52028 1.52028 9.91
    endloop
  endfacet
  facet normal 0 0 1
    outer loop
      vertex 0.75 0.75 9.91
      vertex 1.52028 1.52028 9.91
      vertex 1.41759 1.61646 9.91
    endloop
  endfacet
  facet normal 0 0 1
    outer loop
      vertex 0.75 0.75 9.91
      vertex 1.41759 1.61646 9.91
      vertex 1.30884 1.70571 9.91
    endloop
  endfacet
  facet normal 0 0 1
    outer loop
      vertex 0.75 0.75 9.91
      vertex 1.30884 1.70571 9.91
      vertex 1.19448 1.78766 9.91
    endloop
  endfacet
  facet normal 0 0 1
    outer loop
      vertex 0.75 0.75 9.91
      vertex 1.19448 1.78766 9.91
      vertex 1.075 1.86195 9.91
    endloop
  endfacet
  facet normal 0 0 1
    outer loop
      vertex 0.75 0.75 9.91
      vertex 1.075 1.86195 9.91
      vertex 0.95092 1.92828 9.91
    endloop
  endfacet
  facet normal 0 0 1
    outer loop
      vertex 0.75 0.75 9.91
      vertex 0.95092 1.92828 9.91
      vertex 0.822769 1.98634 9.91
    endloop
  endfacet
  facet normal 0 0 1
    outer loop
      vertex 0.75 0.75 9.91
      vertex 0.822769 1.98634 9.91
      vertex 0.75 2.01373 9.91
    endloop
  endfacet
  facet normal 0 0 1
    outer loop
      vertex 1.98634 0.822769 9.91
      vertex 0.75 0.75 9.91
      vertex 2.01373 0.75 9.91
    endloop
  endfacet
  facet normal 0 0 1
    outer loop
      vertex -0.75 -0.75 9.91
      vertex -0.822769 -1.98634 9.91
      vertex -0.75 -2.01373 9.91
    endloop
  endfacet
  facet normal 0 0 1
    outer loop
      vertex -0.75 -0.75 9.91
      vertex -0.95092 -1.92828 9.91
      vertex -0.822769 -1.98634 9.91
    endloop
  endfacet
  facet normal 0 0 1
    outer loop
      vertex -0.75 -0.75 9.91
      vertex -1.075 -1.86195 9.91
      vertex -0.95092 -1.92828 9.91
    endloop
  endfacet
  facet normal 0 0 1
    outer loop
      vertex -0.75 -0.75 9.91
      vertex -1.19448 -1.78766 9.91
      vertex -1.075 -1.86195 9.91
    endloop
  endfacet
  facet normal 0 0 1
    outer loop
      vertex -0.75 -0.75 9.91
      vertex -1.30884 -1.70571 9.91
      vertex -1.19448 -1.78766 9.91
    endloop
  endfacet
  facet normal 0 0 1
    outer loop
      vertex -0.75 -0.75 9.91
      vertex -1.41759 -1.61646 9.91
      vertex -1.30884 -1.70571 9.91
    endloop
  endfacet
  facet normal 0 0 1
    outer loop
      vertex -0.75 -0.75 9.91
      vertex -1.52028 -1.52028 9.91
      vertex -1.41759 -1.61646 9.91
    endloop
  endfacet
  facet normal 0 0 1
    outer loop
      vertex -0.75 -0.75 9.91
      vertex -1.61646 -1.41759 9.91
      vertex -1.52028 -1.52028 9.91
    endloop
  endfacet
  facet normal 0 0 1
    outer loop
      vertex -0.75 -0.75 9.91
      vertex -1.70571 -1.30884 9.91
      vertex -1.61646 -1.41759 9.91
    endloop
  endfacet
  facet normal 0 0 1
    outer loop
      vertex -0.75 -0.75 9.91
      vertex -1.78766 -1.19448 9.91
      vertex -1.70571 -1.30884 9.91
    endloop
  endfacet
  facet normal 0 0 1
    outer loop
      vertex -0.75 -0.75 9.91
      vertex -1.86195 -1.075 9.91
      vertex -1.78766 -1.19448 9.91
    endloop
  endfacet
  facet normal 0 0 1
    outer loop
      vertex -0.75 -0.75 9.91
      vertex -1.92828 -0.95092 9.91
      vertex -1.86195 -1.075 9.91
    endloop
  endfacet
  facet normal 0 0 1
    outer loop
      vertex -0.75 -0.75 9.91
      vertex -1.98634 -0.822769 9.91
      vertex -1.92828 -0.95092 9.91
    endloop
  endfacet
  facet normal 0 -0 1
    outer loop
      vertex -1.98634 -0.822769 9.91
      vertex -0.75 -0.75 9.91
      vertex -2.01373 -0.75 9.91
    endloop
  endfacet
  facet normal -0 0 1
    outer loop
      vertex -0.822769 1.98634 9.91
      vertex -0.75 0.75 9.91
      vertex -0.75 2.01373 9.91
    endloop
  endfacet
  facet normal -0 0 1
    outer loop
      vertex -0.95092 1.92828 9.91
      vertex -0.75 0.75 9.91
      vertex -0.822769 1.98634 9.91
    endloop
  endfacet
  facet normal -0 0 1
    outer loop
      vertex -1.075 1.86195 9.91
      vertex -0.75 0.75 9.91
      vertex -0.95092 1.92828 9.91
    endloop
  endfacet
  facet normal -0 0 1
    outer loop
      vertex -1.19448 1.78766 9.91
      vertex -0.75 0.75 9.91
      vertex -1.075 1.86195 9.91
    endloop
  endfacet
  facet normal -0 0 1
    outer loop
      vertex -1.30884 1.70571 9.91
      vertex -0.75 0.75 9.91
      vertex -1.19448 1.78766 9.91
    endloop
  endfacet
  facet normal -0 0 1
    outer loop
      vertex -1.41759 1.61646 9.91
      vertex -0.75 0.75 9.91
      vertex -1.30884 1.70571 9.91
    endloop
  endfacet
  facet normal -0 0 1
    outer loop
      vertex -1.52028 1.52028 9.91
      vertex -0.75 0.75 9.91
      vertex -1.41759 1.61646 9.91
    endloop
  endfacet
  facet normal -0 0 1
    outer loop
      vertex -1.61646 1.41759 9.91
      vertex -0.75 0.75 9.91
      vertex -1.52028 1.52028 9.91
    endloop
  endfacet
  facet normal -0 0 1
    outer loop
      vertex -1.70571 1.30884 9.91
      vertex -0.75 0.75 9.91
      vertex -1.61646 1.41759 9.91
    endloop
  endfacet
  facet normal -0 0 1
    outer loop
      vertex -1.78766 1.19448 9.91
      vertex -0.75 0.75 9.91
      vertex -1.70571 1.30884 9.91
    endloop
  endfacet
  facet normal -0 0 1
    outer loop
      vertex -1.86195 1.075 9.91
      vertex -0.75 0.75 9.91
      vertex -1.78766 1.19448 9.91
    endloop
  endfacet
  facet normal -0 0 1
    outer loop
      vertex -1.92828 0.95092 9.91
      vertex -0.75 0.75 9.91
      vertex -1.86195 1.075 9.91
    endloop
  endfacet
  facet normal -0 0 1
    outer loop
      vertex -1.98634 0.822769 9.91
      vertex -0.75 0.75 9.91
      vertex -1.92828 0.95092 9.91
    endloop
  endfacet
  facet normal 0 0 1
    outer loop
      vertex -0.75 0.75 9.91
      vertex -1.98634 0.822769 9.91
      vertex -2.01373 0.75 9.91
    endloop
  endfacet
  facet normal -0 0 1
    outer loop
      vertex 0.75 -0.75 9.91
      vertex 1.98634 -0.822769 9.91
      vertex 2.01373 -0.75 9.91
    endloop
  endfacet
  facet normal 0 0 1
    outer loop
      vertex 1.98634 -0.822769 9.91
      vertex 0.75 -0.75 9.91
      vertex 1.92828 -0.95092 9.91
    endloop
  endfacet
  facet normal 0 0 1
    outer loop
      vertex 1.92828 -0.95092 9.91
      vertex 0.75 -0.75 9.91
      vertex 1.86195 -1.075 9.91
    endloop
  endfacet
  facet normal 0 0 1
    outer loop
      vertex 1.86195 -1.075 9.91
      vertex 0.75 -0.75 9.91
      vertex 1.78766 -1.19448 9.91
    endloop
  endfacet
  facet normal 0 0 1
    outer loop
      vertex 1.78766 -1.19448 9.91
      vertex 0.75 -0.75 9.91
      vertex 1.70571 -1.30884 9.91
    endloop
  endfacet
  facet normal 0 0 1
    outer loop
      vertex 1.70571 -1.30884 9.91
      vertex 0.75 -0.75 9.91
      vertex 1.61646 -1.41759 9.91
    endloop
  endfacet
  facet normal 0 0 1
    outer loop
      vertex 1.61646 -1.41759 9.91
      vertex 0.75 -0.75 9.91
      vertex 1.52028 -1.52028 9.91
    endloop
  endfacet
  facet normal 0 0 1
    outer loop
      vertex 1.52028 -1.52028 9.91
      vertex 0.75 -0.75 9.91
      vertex 1.41759 -1.61646 9.91
    endloop
  endfacet
  facet normal 0 0 1
    outer loop
      vertex 1.41759 -1.61646 9.91
      vertex 0.75 -0.75 9.91
      vertex 1.30884 -1.70571 9.91
    endloop
  endfacet
  facet normal 0 0 1
    outer loop
      vertex 1.30884 -1.70571 9.91
      vertex 0.75 -0.75 9.91
      vertex 1.19448 -1.78766 9.91
    endloop
  endfacet
  facet normal 0 0 1
    outer loop
      vertex 1.19448 -1.78766 9.91
      vertex 0.75 -0.75 9.91
      vertex 1.075 -1.86195 9.91
    endloop
  endfacet
  facet normal 0 0 1
    outer loop
      vertex 1.075 -1.86195 9.91
      vertex 0.75 -0.75 9.91
      vertex 0.95092 -1.92828 9.91
    endloop
  endfacet
  facet normal 0 0 1
    outer loop
      vertex 0.95092 -1.92828 9.91
      vertex 0.75 -0.75 9.91
      vertex 0.822769 -1.98634 9.91
    endloop
  endfacet
  facet normal 0 0 1
    outer loop
      vertex 0.822769 -1.98634 9.91
      vertex 0.75 -0.75 9.91
      vertex 0.75 -2.01373 9.91
    endloop
  endfacet
  facet normal 0 0 1
    outer loop
      vertex 0.000174787 2.14999 9.91
      vertex 0 2.15 9.91
      vertex -0.000174787 2.14999 9.91
    endloop
  endfacet
  facet normal 0 0 1
    outer loop
      vertex 2.14999 -0.000174787 9.91
      vertex 2.15 0 9.91
      vertex 2.14999 0.000174787 9.91
    endloop
  endfacet
  facet normal 0 -0 1
    outer loop
      vertex 0 -2.15 9.91
      vertex 0.000174787 -2.14999 9.91
      vertex -0.000174787 -2.14999 9.91
    endloop
  endfacet
  facet normal 0 -0 1
    outer loop
      vertex -2.14999 -0.000174787 9.91
      vertex -2.14999 0.000174787 9.91
      vertex -2.15 0 9.91
    endloop
  endfacet
  facet normal -0.0703762 -0.703762 0.706942
    outer loop
      vertex 0.328036 2.51862 10.3
      vertex 0.283052 2.14999 9.92855
      vertex 0.331536 2.51827 10.3
    endloop
  endfacet
  facet normal -0.0693172 -0.703879 0.70693
    outer loop
      vertex 0.283052 2.14999 9.92855
      vertex 0.328036 2.51862 10.3
      vertex 0.142925 2.14999 9.91481
    endloop
  endfacet
  facet normal -0.333885 -0.623519 0.706926
    outer loop
      vertex 1.2669 2.20136 10.3
      vertex 1.075 1.86195 9.91
      vertex 1.27 2.1997 10.3
    endloop
  endfacet
  facet normal -0.333446 -0.62376 0.70692
    outer loop
      vertex 1.075 1.86195 9.91
      vertex 1.2669 2.20136 10.3
      vertex 0.95092 1.92828 9.91
    endloop
  endfacet
  facet normal 0.205381 -0.676804 0.706934
    outer loop
      vertex -0.81309 2.40622 10.3
      vertex -0.729824 2.14999 10.0305
      vertex -0.613517 2.14999 9.99671
    endloop
  endfacet
  facet normal 0.205117 -0.676887 0.706931
    outer loop
      vertex -0.729824 2.14999 10.0305
      vertex -0.81309 2.40622 10.3
      vertex -0.816456 2.4052 10.3
    endloop
  endfacet
  facet normal -0.373523 -0.600627 0.706914
    outer loop
      vertex 1.41115 2.11193 10.3
      vertex 1.27299 2.19785 10.3
      vertex 1.19448 1.78766 9.91
    endloop
  endfacet
  facet normal -0.291923 0.644244 0.706916
    outer loop
      vertex 0.95092 -1.92828 9.91
      vertex 1.12021 -2.27951 10.3
      vertex 1.12341 -2.27806 10.3
    endloop
  endfacet
  facet normal -0.291888 0.64426 0.706916
    outer loop
      vertex 1.12021 -2.27951 10.3
      vertex 0.95092 -1.92828 9.91
      vertex 0.822769 -1.98634 9.91
    endloop
  endfacet
  facet normal -0.516928 0.482734 0.706932
    outer loop
      vertex 1.61646 -1.41759 9.91
      vertex 1.90727 -1.67731 10.3
      vertex 1.90967 -1.67474 10.3
    endloop
  endfacet
  facet normal -0.516227 0.483501 0.70692
    outer loop
      vertex 1.90727 -1.67731 10.3
      vertex 1.61646 -1.41759 9.91
      vertex 1.52028 -1.52028 9.91
    endloop
  endfacet
  facet normal 0.706918 0.023128 0.706918
    outer loop
      vertex -2.53468 -0.162608 10.3
      vertex -2.15 0 9.91
      vertex -2.54 0 10.3
    endloop
  endfacet
  facet normal 0.688818 0.160556 0.706931
    outer loop
      vertex -2.14999 -0.42766 9.95212
      vertex -2.4904 -0.498954 10.3
      vertex -2.14999 -0.546277 9.97906
    endloop
  endfacet
  facet normal 0.688747 0.160875 0.706927
    outer loop
      vertex -2.4904 -0.498954 10.3
      vertex -2.14999 -0.42766 9.95212
      vertex -2.4912 -0.495529 10.3
    endloop
  endfacet
  facet normal 0.249159 -0.661959 0.706916
    outer loop
      vertex -0.75 2.1021 9.99275
      vertex -0.822769 1.98634 9.91
      vertex -0.75 2.01373 9.91
    endloop
  endfacet
  facet normal 0.249306 -0.661868 0.706949
    outer loop
      vertex -0.972016 2.34665 10.3
      vertex -0.75 2.1021 9.99275
      vertex -0.968724 2.34789 10.3
    endloop
  endfacet
  facet normal 0.24916 -0.661959 0.706915
    outer loop
      vertex -0.75 2.1021 9.99275
      vertex -0.972016 2.34665 10.3
      vertex -0.822769 1.98634 9.91
    endloop
  endfacet
  facet normal -0.601454 -0.372137 0.706943
    outer loop
      vertex 2.19785 1.27299 10.3
      vertex 1.86195 1.075 9.91
      vertex 2.1997 1.27 10.3
    endloop
  endfacet
  facet normal -0.600648 -0.373469 0.706925
    outer loop
      vertex 1.86195 1.075 9.91
      vertex 2.19785 1.27299 10.3
      vertex 1.78766 1.19448 9.91
    endloop
  endfacet
  facet normal -0.448714 -0.546742 0.706915
    outer loop
      vertex 1.67202 1.9119 10.3
      vertex 1.54625 2.01512 10.3
      vertex 1.30884 1.70571 9.91
    endloop
  endfacet
  facet normal -0.291886 0.644262 0.706915
    outer loop
      vertex 0.972016 -2.34665 10.3
      vertex 1.12021 -2.27951 10.3
      vertex 0.822769 -1.98634 9.91
    endloop
  endfacet
  facet normal 0.249058 0.662021 0.706894
    outer loop
      vertex -0.968724 -2.34789 10.3
      vertex -0.75 -2.14999 10.0376
      vertex -0.75 -2.1021 9.99275
    endloop
  endfacet
  facet normal 0.249146 0.661959 0.70692
    outer loop
      vertex -0.75 -2.14999 10.0376
      vertex -0.968724 -2.34789 10.3
      vertex -0.816456 -2.4052 10.3
    endloop
  endfacet
  facet normal 0.248775 0.662077 0.706941
    outer loop
      vertex -0.729824 -2.14999 10.0305
      vertex -0.75 -2.14999 10.0376
      vertex -0.816456 -2.4052 10.3
    endloop
  endfacet
  facet normal 0.644244 -0.291923 0.706916
    outer loop
      vertex -2.27951 1.12021 10.3
      vertex -1.92828 0.95092 9.91
      vertex -2.27806 1.12341 10.3
    endloop
  endfacet
  facet normal 0.64426 -0.291888 0.706916
    outer loop
      vertex -1.92828 0.95092 9.91
      vertex -2.27951 1.12021 10.3
      vertex -1.98634 0.822769 9.91
    endloop
  endfacet
  facet normal 0.644262 0.291886 0.706915
    outer loop
      vertex -2.27951 -1.12021 10.3
      vertex -1.98634 -0.822769 9.91
      vertex -2.34665 -0.972016 10.3
    endloop
  endfacet
  facet normal -0.644262 0.291886 0.706915
    outer loop
      vertex 2.27951 -1.12021 10.3
      vertex 2.34665 -0.972016 10.3
      vertex 1.98634 -0.822769 9.91
    endloop
  endfacet
  facet normal -0.24916 0.661959 0.706915
    outer loop
      vertex 0.75 -2.1021 9.99275
      vertex 0.972016 -2.34665 10.3
      vertex 0.822769 -1.98634 9.91
    endloop
  endfacet
  facet normal -0.249159 0.661959 0.706916
    outer loop
      vertex 0.75 -2.1021 9.99275
      vertex 0.822769 -1.98634 9.91
      vertex 0.75 -2.01373 9.91
    endloop
  endfacet
  facet normal -0.249306 0.661868 0.706949
    outer loop
      vertex 0.972016 -2.34665 10.3
      vertex 0.75 -2.1021 9.99275
      vertex 0.968724 -2.34789 10.3
    endloop
  endfacet
  facet normal -0.697831 0.115249 0.70693
    outer loop
      vertex 2.14999 -0.42766 9.95212
      vertex 2.49177 -0.492059 10.3
      vertex 2.14999 -0.291425 9.92991
    endloop
  endfacet
  facet normal -0.697937 0.114647 0.706923
    outer loop
      vertex 2.49177 -0.492059 10.3
      vertex 2.14999 -0.42766 9.95212
      vertex 2.4912 -0.495529 10.3
    endloop
  endfacet
  facet normal -0.248775 -0.662077 0.706941
    outer loop
      vertex 0.816456 2.4052 10.3
      vertex 0.729824 2.14999 10.0305
      vertex 0.75 2.14999 10.0376
    endloop
  endfacet
  facet normal -0.249146 -0.661959 0.70692
    outer loop
      vertex 0.75 2.14999 10.0376
      vertex 0.968724 2.34789 10.3
      vertex 0.816456 2.4052 10.3
    endloop
  endfacet
  facet normal -0.249058 -0.662021 0.706894
    outer loop
      vertex 0.968724 2.34789 10.3
      vertex 0.75 2.14999 10.0376
      vertex 0.75 2.1021 9.99275
    endloop
  endfacet
  facet normal -0.601454 0.372137 0.706943
    outer loop
      vertex 1.86195 -1.075 9.91
      vertex 2.19785 -1.27299 10.3
      vertex 2.1997 -1.27 10.3
    endloop
  endfacet
  facet normal -0.600648 0.373469 0.706925
    outer loop
      vertex 2.19785 -1.27299 10.3
      vertex 1.86195 -1.075 9.91
      vertex 1.78766 -1.19448 9.91
    endloop
  endfacet
  facet normal 0.482734 -0.516928 0.706932
    outer loop
      vertex -1.67731 1.90727 10.3
      vertex -1.41759 1.61646 9.91
      vertex -1.67474 1.90967 10.3
    endloop
  endfacet
  facet normal 0.483501 -0.516227 0.70692
    outer loop
      vertex -1.41759 1.61646 9.91
      vertex -1.67731 1.90727 10.3
      vertex -1.52028 1.52028 9.91
    endloop
  endfacet
  facet normal -0.706918 -0.023128 0.706918
    outer loop
      vertex 2.54 0 10.3
      vertex 2.53468 0.162608 10.3
      vertex 2.15 0 9.91
    endloop
  endfacet
  facet normal -0.291886 -0.644262 0.706915
    outer loop
      vertex 1.12021 2.27951 10.3
      vertex 0.972016 2.34665 10.3
      vertex 0.822769 1.98634 9.91
    endloop
  endfacet
  facet normal -0.697899 0.114825 0.706931
    outer loop
      vertex 2.14999 -0.291425 9.92991
      vertex 2.51827 -0.331536 10.3
      vertex 2.14999 -0.283052 9.92855
    endloop
  endfacet
  facet normal -0.697848 0.115204 0.706921
    outer loop
      vertex 2.51827 -0.331536 10.3
      vertex 2.14999 -0.291425 9.92991
      vertex 2.49177 -0.492059 10.3
    endloop
  endfacet
  facet normal 0.574944 -0.41196 0.706914
    outer loop
      vertex -1.78766 1.19448 9.91
      vertex -2.01717 1.5434 10.3
      vertex -2.11193 1.41115 10.3
    endloop
  endfacet
  facet normal 0.41196 -0.574944 0.706914
    outer loop
      vertex -1.19448 1.78766 9.91
      vertex -1.41115 2.11193 10.3
      vertex -1.5434 2.01717 10.3
    endloop
  endfacet
  facet normal -0.600627 0.373523 0.706914
    outer loop
      vertex 2.11193 -1.41115 10.3
      vertex 2.19785 -1.27299 10.3
      vertex 1.78766 -1.19448 9.91
    endloop
  endfacet
  facet normal -0.205117 -0.676887 0.706931
    outer loop
      vertex 0.81309 2.40622 10.3
      vertex 0.729824 2.14999 10.0305
      vertex 0.816456 2.4052 10.3
    endloop
  endfacet
  facet normal -0.205381 -0.676804 0.706934
    outer loop
      vertex 0.729824 2.14999 10.0305
      vertex 0.81309 2.40622 10.3
      vertex 0.613517 2.14999 9.99671
    endloop
  endfacet
  facet normal -0.703762 -0.0703762 0.706942
    outer loop
      vertex 2.14999 0.283052 9.92855
      vertex 2.51862 0.328036 10.3
      vertex 2.51827 0.331536 10.3
    endloop
  endfacet
  facet normal -0.703879 -0.0693172 0.70693
    outer loop
      vertex 2.51862 0.328036 10.3
      vertex 2.14999 0.283052 9.92855
      vertex 2.14999 0.142925 9.91481
    endloop
  endfacet
  facet normal 0.205308 0.676837 0.706923
    outer loop
      vertex -0.613517 -2.14999 9.99671
      vertex -0.6574 -2.45345 10.3
      vertex -0.576089 -2.14999 9.98584
    endloop
  endfacet
  facet normal 0.205324 0.676834 0.706922
    outer loop
      vertex -0.6574 -2.45345 10.3
      vertex -0.613517 -2.14999 9.99671
      vertex -0.81309 -2.40622 10.3
    endloop
  endfacet
  facet normal 0.115249 0.697831 0.70693
    outer loop
      vertex -0.42766 -2.14999 9.95212
      vertex -0.492059 -2.49177 10.3
      vertex -0.291425 -2.14999 9.92991
    endloop
  endfacet
  facet normal 0.114647 0.697937 0.706923
    outer loop
      vertex -0.492059 -2.49177 10.3
      vertex -0.42766 -2.14999 9.95212
      vertex -0.495529 -2.4912 10.3
    endloop
  endfacet
  facet normal 0.160875 0.688747 0.706927
    outer loop
      vertex -0.42766 -2.14999 9.95212
      vertex -0.498954 -2.4904 10.3
      vertex -0.495529 -2.4912 10.3
    endloop
  endfacet
  facet normal 0.160556 0.688818 0.706931
    outer loop
      vertex -0.498954 -2.4904 10.3
      vertex -0.42766 -2.14999 9.95212
      vertex -0.546277 -2.14999 9.97906
    endloop
  endfacet
  facet normal 0.516214 -0.483522 0.706916
    outer loop
      vertex -1.52028 1.52028 9.91
      vertex -1.79605 1.79605 10.3
      vertex -1.90727 1.67731 10.3
    endloop
  endfacet
  facet normal -0.676804 0.205381 0.706934
    outer loop
      vertex 2.14999 -0.729824 10.0305
      vertex 2.40622 -0.81309 10.3
      vertex 2.14999 -0.613517 9.99671
    endloop
  endfacet
  facet normal -0.676887 0.205117 0.706931
    outer loop
      vertex 2.40622 -0.81309 10.3
      vertex 2.14999 -0.729824 10.0305
      vertex 2.4052 -0.816456 10.3
    endloop
  endfacet
  facet normal -0.41196 0.574944 0.706914
    outer loop
      vertex 1.41115 -2.11193 10.3
      vertex 1.5434 -2.01717 10.3
      vertex 1.19448 -1.78766 9.91
    endloop
  endfacet
  facet normal -0.372137 -0.601454 0.706943
    outer loop
      vertex 1.075 1.86195 9.91
      vertex 1.27299 2.19785 10.3
      vertex 1.27 2.1997 10.3
    endloop
  endfacet
  facet normal -0.373469 -0.600648 0.706925
    outer loop
      vertex 1.27299 2.19785 10.3
      vertex 1.075 1.86195 9.91
      vertex 1.19448 1.78766 9.91
    endloop
  endfacet
  facet normal 0.411985 0.574918 0.706921
    outer loop
      vertex -1.30884 -1.70571 9.91
      vertex -1.5434 -2.01717 10.3
      vertex -1.19448 -1.78766 9.91
    endloop
  endfacet
  facet normal 0.413001 0.574171 0.706935
    outer loop
      vertex -1.5434 -2.01717 10.3
      vertex -1.30884 -1.70571 9.91
      vertex -1.54625 -2.01512 10.3
    endloop
  endfacet
  facet normal -0.0703762 0.703762 0.706942
    outer loop
      vertex 0.283052 -2.14999 9.92855
      vertex 0.328036 -2.51862 10.3
      vertex 0.331536 -2.51827 10.3
    endloop
  endfacet
  facet normal -0.0693172 0.703879 0.70693
    outer loop
      vertex 0.328036 -2.51862 10.3
      vertex 0.283052 -2.14999 9.92855
      vertex 0.142925 -2.14999 9.91481
    endloop
  endfacet
  facet normal 0.703794 0.0704438 0.706903
    outer loop
      vertex -2.53456 -0.166124 10.3
      vertex -2.14999 -0.142925 9.91481
      vertex -2.14999 -0.140918 9.91461
    endloop
  endfacet
  facet normal 0.703885 0.0692965 0.706926
    outer loop
      vertex -2.14999 -0.142925 9.91481
      vertex -2.53456 -0.166124 10.3
      vertex -2.51862 -0.328036 10.3
    endloop
  endfacet
  facet normal -0.160773 0.688773 0.706925
    outer loop
      vertex 0.546277 -2.14999 9.97906
      vertex 0.6574 -2.45345 10.3
      vertex 0.576089 -2.14999 9.98584
    endloop
  endfacet
  facet normal -0.160633 0.688815 0.706917
    outer loop
      vertex 0.6574 -2.45345 10.3
      vertex 0.546277 -2.14999 9.97906
      vertex 0.498954 -2.4904 10.3
    endloop
  endfacet
  facet normal 0.676804 0.205381 0.706934
    outer loop
      vertex -2.40622 -0.81309 10.3
      vertex -2.14999 -0.729824 10.0305
      vertex -2.14999 -0.613517 9.99671
    endloop
  endfacet
  facet normal 0.676887 0.205117 0.706931
    outer loop
      vertex -2.14999 -0.729824 10.0305
      vertex -2.40622 -0.81309 10.3
      vertex -2.4052 -0.816456 10.3
    endloop
  endfacet
  facet normal -0.676837 0.205308 0.706923
    outer loop
      vertex 2.14999 -0.613517 9.99671
      vertex 2.45345 -0.6574 10.3
      vertex 2.14999 -0.576089 9.98584
    endloop
  endfacet
  facet normal -0.676834 0.205324 0.706922
    outer loop
      vertex 2.45345 -0.6574 10.3
      vertex 2.14999 -0.613517 9.99671
      vertex 2.40622 -0.81309 10.3
    endloop
  endfacet
  facet normal 0.516227 -0.483501 0.70692
    outer loop
      vertex -1.90727 1.67731 10.3
      vertex -1.61646 1.41759 9.91
      vertex -1.52028 1.52028 9.91
    endloop
  endfacet
  facet normal 0.516928 -0.482734 0.706932
    outer loop
      vertex -1.61646 1.41759 9.91
      vertex -1.90727 1.67731 10.3
      vertex -1.90967 1.67474 10.3
    endloop
  endfacet
  facet normal 0.661959 -0.249159 0.706916
    outer loop
      vertex -1.98634 0.822769 9.91
      vertex -2.1021 0.75 9.99275
      vertex -2.01373 0.75 9.91
    endloop
  endfacet
  facet normal 0.661959 -0.24916 0.706915
    outer loop
      vertex -2.34665 0.972016 10.3
      vertex -2.1021 0.75 9.99275
      vertex -1.98634 0.822769 9.91
    endloop
  endfacet
  facet normal 0.661868 -0.249306 0.706949
    outer loop
      vertex -2.1021 0.75 9.99275
      vertex -2.34665 0.972016 10.3
      vertex -2.34789 0.968724 10.3
    endloop
  endfacet
  facet normal -0.546975 -0.448439 0.706909
    outer loop
      vertex 1.61646 1.41759 9.91
      vertex 1.9119 1.67202 10.3
      vertex 1.90967 1.67474 10.3
    endloop
  endfacet
  facet normal -0.546747 -0.44871 0.706914
    outer loop
      vertex 1.9119 1.67202 10.3
      vertex 1.61646 1.41759 9.91
      vertex 1.70571 1.30884 9.91
    endloop
  endfacet
  facet normal -0.676887 -0.205117 0.706931
    outer loop
      vertex 2.14999 0.729824 10.0305
      vertex 2.40622 0.81309 10.3
      vertex 2.4052 0.816456 10.3
    endloop
  endfacet
  facet normal -0.676804 -0.205381 0.706934
    outer loop
      vertex 2.40622 0.81309 10.3
      vertex 2.14999 0.729824 10.0305
      vertex 2.14999 0.613517 9.99671
    endloop
  endfacet
  facet normal 0.644262 -0.291886 0.706915
    outer loop
      vertex -1.98634 0.822769 9.91
      vertex -2.27951 1.12021 10.3
      vertex -2.34665 0.972016 10.3
    endloop
  endfacet
  facet normal 0.41196 0.574944 0.706914
    outer loop
      vertex -1.41115 -2.11193 10.3
      vertex -1.19448 -1.78766 9.91
      vertex -1.5434 -2.01717 10.3
    endloop
  endfacet
  facet normal 0.697848 -0.115204 0.706921
    outer loop
      vertex -2.51827 0.331536 10.3
      vertex -2.14999 0.291425 9.92991
      vertex -2.49177 0.492059 10.3
    endloop
  endfacet
  facet normal 0.697899 -0.114825 0.706931
    outer loop
      vertex -2.14999 0.291425 9.92991
      vertex -2.51827 0.331536 10.3
      vertex -2.14999 0.283052 9.92855
    endloop
  endfacet
  facet normal -0.373469 0.600648 0.706925
    outer loop
      vertex 1.075 -1.86195 9.91
      vertex 1.27299 -2.19785 10.3
      vertex 1.19448 -1.78766 9.91
    endloop
  endfacet
  facet normal -0.372137 0.601454 0.706943
    outer loop
      vertex 1.27299 -2.19785 10.3
      vertex 1.075 -1.86195 9.91
      vertex 1.27 -2.1997 10.3
    endloop
  endfacet
  facet normal -0.413001 -0.574171 0.706935
    outer loop
      vertex 1.5434 2.01717 10.3
      vertex 1.30884 1.70571 9.91
      vertex 1.54625 2.01512 10.3
    endloop
  endfacet
  facet normal -0.411985 -0.574918 0.706921
    outer loop
      vertex 1.30884 1.70571 9.91
      vertex 1.5434 2.01717 10.3
      vertex 1.19448 1.78766 9.91
    endloop
  endfacet
  facet normal -0.448439 -0.546975 0.706909
    outer loop
      vertex 1.67202 1.9119 10.3
      vertex 1.41759 1.61646 9.91
      vertex 1.67474 1.90967 10.3
    endloop
  endfacet
  facet normal -0.44871 -0.546747 0.706914
    outer loop
      vertex 1.41759 1.61646 9.91
      vertex 1.67202 1.9119 10.3
      vertex 1.30884 1.70571 9.91
    endloop
  endfacet
  facet normal -0.333428 0.623775 0.706916
    outer loop
      vertex 1.12341 -2.27806 10.3
      vertex 1.2669 -2.20136 10.3
      vertex 0.95092 -1.92828 9.91
    endloop
  endfacet
  facet normal 0.248775 -0.662077 0.706941
    outer loop
      vertex -0.816456 2.4052 10.3
      vertex -0.75 2.14999 10.0376
      vertex -0.729824 2.14999 10.0305
    endloop
  endfacet
  facet normal 0.249146 -0.661959 0.70692
    outer loop
      vertex -0.968724 2.34789 10.3
      vertex -0.75 2.14999 10.0376
      vertex -0.816456 2.4052 10.3
    endloop
  endfacet
  facet normal 0.249058 -0.662021 0.706894
    outer loop
      vertex -0.75 2.14999 10.0376
      vertex -0.968724 2.34789 10.3
      vertex -0.75 2.1021 9.99275
    endloop
  endfacet
  facet normal -0.662021 -0.249058 0.706894
    outer loop
      vertex 2.34789 0.968724 10.3
      vertex 2.1021 0.75 9.99275
      vertex 2.14999 0.75 10.0376
    endloop
  endfacet
  facet normal -0.661959 -0.249146 0.70692
    outer loop
      vertex 2.14999 0.75 10.0376
      vertex 2.4052 0.816456 10.3
      vertex 2.34789 0.968724 10.3
    endloop
  endfacet
  facet normal -0.662077 -0.248775 0.706941
    outer loop
      vertex 2.4052 0.816456 10.3
      vertex 2.14999 0.75 10.0376
      vertex 2.14999 0.729824 10.0305
    endloop
  endfacet
  facet normal 0.023128 -0.706918 0.706918
    outer loop
      vertex 0 2.15 9.91
      vertex 0 2.54 10.3
      vertex -0.162608 2.53468 10.3
    endloop
  endfacet
  facet normal 0.546975 -0.448439 0.706909
    outer loop
      vertex -1.9119 1.67202 10.3
      vertex -1.61646 1.41759 9.91
      vertex -1.90967 1.67474 10.3
    endloop
  endfacet
  facet normal 0.546747 -0.44871 0.706914
    outer loop
      vertex -1.61646 1.41759 9.91
      vertex -1.9119 1.67202 10.3
      vertex -1.70571 1.30884 9.91
    endloop
  endfacet
  facet normal 0.483522 -0.516214 0.706916
    outer loop
      vertex -1.52028 1.52028 9.91
      vertex -1.67731 1.90727 10.3
      vertex -1.79605 1.79605 10.3
    endloop
  endfacet
  facet normal 0.661959 0.249159 0.706916
    outer loop
      vertex -2.1021 -0.75 9.99275
      vertex -1.98634 -0.822769 9.91
      vertex -2.01373 -0.75 9.91
    endloop
  endfacet
  facet normal 0.661959 0.24916 0.706915
    outer loop
      vertex -2.1021 -0.75 9.99275
      vertex -2.34665 -0.972016 10.3
      vertex -1.98634 -0.822769 9.91
    endloop
  endfacet
  facet normal 0.661868 0.249306 0.706949
    outer loop
      vertex -2.34665 -0.972016 10.3
      vertex -2.1021 -0.75 9.99275
      vertex -2.34789 -0.968724 10.3
    endloop
  endfacet
  facet normal -0.703879 0.0693172 0.70693
    outer loop
      vertex 2.14999 -0.283052 9.92855
      vertex 2.51862 -0.328036 10.3
      vertex 2.14999 -0.142925 9.91481
    endloop
  endfacet
  facet normal -0.703762 0.0703762 0.706942
    outer loop
      vertex 2.51862 -0.328036 10.3
      vertex 2.14999 -0.283052 9.92855
      vertex 2.51827 -0.331536 10.3
    endloop
  endfacet
  facet normal -0.115204 0.697848 0.706921
    outer loop
      vertex 0.291425 -2.14999 9.92991
      vertex 0.331536 -2.51827 10.3
      vertex 0.492059 -2.49177 10.3
    endloop
  endfacet
  facet normal -0.114825 0.697899 0.706931
    outer loop
      vertex 0.331536 -2.51827 10.3
      vertex 0.291425 -2.14999 9.92991
      vertex 0.283052 -2.14999 9.92855
    endloop
  endfacet
  facet normal 0.703879 0.0693172 0.70693
    outer loop
      vertex -2.51862 -0.328036 10.3
      vertex -2.14999 -0.283052 9.92855
      vertex -2.14999 -0.142925 9.91481
    endloop
  endfacet
  facet normal 0.703762 0.0703762 0.706942
    outer loop
      vertex -2.14999 -0.283052 9.92855
      vertex -2.51862 -0.328036 10.3
      vertex -2.51827 -0.331536 10.3
    endloop
  endfacet
  facet normal -0.688818 -0.160556 0.706931
    outer loop
      vertex 2.14999 0.42766 9.95212
      vertex 2.4904 0.498954 10.3
      vertex 2.14999 0.546277 9.97906
    endloop
  endfacet
  facet normal -0.688747 -0.160875 0.706927
    outer loop
      vertex 2.4904 0.498954 10.3
      vertex 2.14999 0.42766 9.95212
      vertex 2.4912 0.495529 10.3
    endloop
  endfacet
  facet normal -0.661868 -0.249306 0.706949
    outer loop
      vertex 2.34665 0.972016 10.3
      vertex 2.1021 0.75 9.99275
      vertex 2.34789 0.968724 10.3
    endloop
  endfacet
  facet normal -0.661959 -0.24916 0.706915
    outer loop
      vertex 1.98634 0.822769 9.91
      vertex 2.1021 0.75 9.99275
      vertex 2.34665 0.972016 10.3
    endloop
  endfacet
  facet normal -0.661959 -0.249159 0.706916
    outer loop
      vertex 2.1021 0.75 9.99275
      vertex 1.98634 0.822769 9.91
      vertex 2.01373 0.75 9.91
    endloop
  endfacet
  facet normal 0.574944 0.41196 0.706914
    outer loop
      vertex -2.01717 -1.5434 10.3
      vertex -1.78766 -1.19448 9.91
      vertex -2.11193 -1.41115 10.3
    endloop
  endfacet
  facet normal 0.546742 0.448714 0.706915
    outer loop
      vertex -1.9119 -1.67202 10.3
      vertex -1.70571 -1.30884 9.91
      vertex -2.01512 -1.54625 10.3
    endloop
  endfacet
  facet normal 0.373523 0.600627 0.706914
    outer loop
      vertex -1.27299 -2.19785 10.3
      vertex -1.19448 -1.78766 9.91
      vertex -1.41115 -2.11193 10.3
    endloop
  endfacet
  facet normal 0.373523 -0.600627 0.706914
    outer loop
      vertex -1.19448 1.78766 9.91
      vertex -1.27299 2.19785 10.3
      vertex -1.41115 2.11193 10.3
    endloop
  endfacet
  facet normal 0.333428 -0.623775 0.706916
    outer loop
      vertex -0.95092 1.92828 9.91
      vertex -1.12341 2.27806 10.3
      vertex -1.2669 2.20136 10.3
    endloop
  endfacet
  facet normal 0.44871 0.546747 0.706914
    outer loop
      vertex -1.41759 -1.61646 9.91
      vertex -1.67202 -1.9119 10.3
      vertex -1.30884 -1.70571 9.91
    endloop
  endfacet
  facet normal 0.448439 0.546975 0.706909
    outer loop
      vertex -1.67202 -1.9119 10.3
      vertex -1.41759 -1.61646 9.91
      vertex -1.67474 -1.90967 10.3
    endloop
  endfacet
  facet normal 0.546747 0.44871 0.706914
    outer loop
      vertex -1.9119 -1.67202 10.3
      vertex -1.61646 -1.41759 9.91
      vertex -1.70571 -1.30884 9.91
    endloop
  endfacet
  facet normal 0.546975 0.448439 0.706909
    outer loop
      vertex -1.61646 -1.41759 9.91
      vertex -1.9119 -1.67202 10.3
      vertex -1.90967 -1.67474 10.3
    endloop
  endfacet
  facet normal 0.448714 0.546742 0.706915
    outer loop
      vertex -1.54625 -2.01512 10.3
      vertex -1.30884 -1.70571 9.91
      vertex -1.67202 -1.9119 10.3
    endloop
  endfacet
  facet normal 0.333446 -0.62376 0.70692
    outer loop
      vertex -1.2669 2.20136 10.3
      vertex -1.075 1.86195 9.91
      vertex -0.95092 1.92828 9.91
    endloop
  endfacet
  facet normal 0.333885 -0.623519 0.706926
    outer loop
      vertex -1.075 1.86195 9.91
      vertex -1.2669 2.20136 10.3
      vertex -1.27 2.1997 10.3
    endloop
  endfacet
  facet normal 0.249159 0.661959 0.706916
    outer loop
      vertex -0.822769 -1.98634 9.91
      vertex -0.75 -2.1021 9.99275
      vertex -0.75 -2.01373 9.91
    endloop
  endfacet
  facet normal 0.24916 0.661959 0.706915
    outer loop
      vertex -0.972016 -2.34665 10.3
      vertex -0.75 -2.1021 9.99275
      vertex -0.822769 -1.98634 9.91
    endloop
  endfacet
  facet normal 0.249306 0.661868 0.706949
    outer loop
      vertex -0.75 -2.1021 9.99275
      vertex -0.972016 -2.34665 10.3
      vertex -0.968724 -2.34789 10.3
    endloop
  endfacet
  facet normal -0.114647 0.697937 0.706923
    outer loop
      vertex 0.42766 -2.14999 9.95212
      vertex 0.492059 -2.49177 10.3
      vertex 0.495529 -2.4912 10.3
    endloop
  endfacet
  facet normal -0.115249 0.697831 0.70693
    outer loop
      vertex 0.492059 -2.49177 10.3
      vertex 0.42766 -2.14999 9.95212
      vertex 0.291425 -2.14999 9.92991
    endloop
  endfacet
  facet normal -0.662077 0.248775 0.706941
    outer loop
      vertex 2.14999 -0.75 10.0376
      vertex 2.4052 -0.816456 10.3
      vertex 2.14999 -0.729824 10.0305
    endloop
  endfacet
  facet normal -0.661959 0.249146 0.70692
    outer loop
      vertex 2.4052 -0.816456 10.3
      vertex 2.14999 -0.75 10.0376
      vertex 2.34789 -0.968724 10.3
    endloop
  endfacet
  facet normal -0.662021 0.249058 0.706894
    outer loop
      vertex 2.34789 -0.968724 10.3
      vertex 2.14999 -0.75 10.0376
      vertex 2.1021 -0.75 9.99275
    endloop
  endfacet
  facet normal -0.291923 -0.644244 0.706916
    outer loop
      vertex 1.12021 2.27951 10.3
      vertex 0.95092 1.92828 9.91
      vertex 1.12341 2.27806 10.3
    endloop
  endfacet
  facet normal -0.291888 -0.64426 0.706916
    outer loop
      vertex 0.95092 1.92828 9.91
      vertex 1.12021 2.27951 10.3
      vertex 0.822769 1.98634 9.91
    endloop
  endfacet
  facet normal -0.697937 -0.114647 0.706923
    outer loop
      vertex 2.14999 0.42766 9.95212
      vertex 2.49177 0.492059 10.3
      vertex 2.4912 0.495529 10.3
    endloop
  endfacet
  facet normal -0.697831 -0.115249 0.70693
    outer loop
      vertex 2.49177 0.492059 10.3
      vertex 2.14999 0.42766 9.95212
      vertex 2.14999 0.291425 9.92991
    endloop
  endfacet
  facet normal -0.703885 -0.0692965 0.706926
    outer loop
      vertex 2.14999 0.142925 9.91481
      vertex 2.53456 0.166124 10.3
      vertex 2.51862 0.328036 10.3
    endloop
  endfacet
  facet normal -0.703794 -0.0704438 0.706903
    outer loop
      vertex 2.53456 0.166124 10.3
      vertex 2.14999 0.142925 9.91481
      vertex 2.14999 0.140918 9.91461
    endloop
  endfacet
  facet normal -0.706864 -0.0241251 0.706938
    outer loop
      vertex 2.14999 0.140918 9.91461
      vertex 2.53468 0.162608 10.3
      vertex 2.53456 0.166124 10.3
    endloop
  endfacet
  facet normal -0.706908 -0.0231552 0.706927
    outer loop
      vertex 2.53468 0.162608 10.3
      vertex 2.14999 0.140918 9.91461
      vertex 2.14999 0.000174787 9.91
    endloop
  endfacet
  facet normal -0.702936 -0.0402167 0.710115
    outer loop
      vertex 2.53468 0.162608 10.3
      vertex 2.14999 0.000174787 9.91
      vertex 2.15 0 9.91
    endloop
  endfacet
  facet normal 0.688773 -0.160773 0.706925
    outer loop
      vertex -2.45345 0.6574 10.3
      vertex -2.14999 0.546277 9.97906
      vertex -2.14999 0.576089 9.98584
    endloop
  endfacet
  facet normal 0.688815 -0.160633 0.706917
    outer loop
      vertex -2.14999 0.546277 9.97906
      vertex -2.45345 0.6574 10.3
      vertex -2.4904 0.498954 10.3
    endloop
  endfacet
  facet normal 0.114825 0.697899 0.706931
    outer loop
      vertex -0.291425 -2.14999 9.92991
      vertex -0.331536 -2.51827 10.3
      vertex -0.283052 -2.14999 9.92855
    endloop
  endfacet
  facet normal 0.115204 0.697848 0.706921
    outer loop
      vertex -0.331536 -2.51827 10.3
      vertex -0.291425 -2.14999 9.92991
      vertex -0.492059 -2.49177 10.3
    endloop
  endfacet
  facet normal -0.205324 -0.676834 0.706922
    outer loop
      vertex 0.6574 2.45345 10.3
      vertex 0.613517 2.14999 9.99671
      vertex 0.81309 2.40622 10.3
    endloop
  endfacet
  facet normal -0.205308 -0.676837 0.706923
    outer loop
      vertex 0.613517 2.14999 9.99671
      vertex 0.6574 2.45345 10.3
      vertex 0.576089 2.14999 9.98584
    endloop
  endfacet
  facet normal 0.516227 0.483501 0.70692
    outer loop
      vertex -1.61646 -1.41759 9.91
      vertex -1.90727 -1.67731 10.3
      vertex -1.52028 -1.52028 9.91
    endloop
  endfacet
  facet normal 0.516928 0.482734 0.706932
    outer loop
      vertex -1.90727 -1.67731 10.3
      vertex -1.61646 -1.41759 9.91
      vertex -1.90967 -1.67474 10.3
    endloop
  endfacet
  facet normal -0.413001 0.574171 0.706935
    outer loop
      vertex 1.30884 -1.70571 9.91
      vertex 1.5434 -2.01717 10.3
      vertex 1.54625 -2.01512 10.3
    endloop
  endfacet
  facet normal -0.411985 0.574918 0.706921
    outer loop
      vertex 1.5434 -2.01717 10.3
      vertex 1.30884 -1.70571 9.91
      vertex 1.19448 -1.78766 9.91
    endloop
  endfacet
  facet normal 0.697937 -0.114647 0.706923
    outer loop
      vertex -2.49177 0.492059 10.3
      vertex -2.14999 0.42766 9.95212
      vertex -2.4912 0.495529 10.3
    endloop
  endfacet
  facet normal 0.697831 -0.115249 0.70693
    outer loop
      vertex -2.14999 0.42766 9.95212
      vertex -2.49177 0.492059 10.3
      vertex -2.14999 0.291425 9.92991
    endloop
  endfacet
  facet normal -0.574918 0.411985 0.706921
    outer loop
      vertex 1.70571 -1.30884 9.91
      vertex 2.01717 -1.5434 10.3
      vertex 1.78766 -1.19448 9.91
    endloop
  endfacet
  facet normal -0.574171 0.413001 0.706935
    outer loop
      vertex 2.01717 -1.5434 10.3
      vertex 1.70571 -1.30884 9.91
      vertex 2.01512 -1.54625 10.3
    endloop
  endfacet
  facet normal 0.702936 0.0402167 0.710115
    outer loop
      vertex -2.53468 -0.162608 10.3
      vertex -2.14999 -0.000174787 9.91
      vertex -2.15 0 9.91
    endloop
  endfacet
  facet normal 0.706908 0.0231552 0.706927
    outer loop
      vertex -2.14999 -0.000174787 9.91
      vertex -2.53468 -0.162608 10.3
      vertex -2.14999 -0.140918 9.91461
    endloop
  endfacet
  facet normal 0.706864 0.0241251 0.706938
    outer loop
      vertex -2.14999 -0.140918 9.91461
      vertex -2.53468 -0.162608 10.3
      vertex -2.53456 -0.166124 10.3
    endloop
  endfacet
  facet normal -0.333428 -0.623775 0.706916
    outer loop
      vertex 1.2669 2.20136 10.3
      vertex 1.12341 2.27806 10.3
      vertex 0.95092 1.92828 9.91
    endloop
  endfacet
  facet normal -0.483522 0.516214 0.706916
    outer loop
      vertex 1.67731 -1.90727 10.3
      vertex 1.79605 -1.79605 10.3
      vertex 1.52028 -1.52028 9.91
    endloop
  endfacet
  facet normal -0.448439 0.546975 0.706909
    outer loop
      vertex 1.41759 -1.61646 9.91
      vertex 1.67202 -1.9119 10.3
      vertex 1.67474 -1.90967 10.3
    endloop
  endfacet
  facet normal -0.44871 0.546747 0.706914
    outer loop
      vertex 1.67202 -1.9119 10.3
      vertex 1.41759 -1.61646 9.91
      vertex 1.30884 -1.70571 9.91
    endloop
  endfacet
  facet normal 0.0402167 -0.702936 0.710115
    outer loop
      vertex -0.162608 2.53468 10.3
      vertex -0.000174787 2.14999 9.91
      vertex 0 2.15 9.91
    endloop
  endfacet
  facet normal 0.0231552 -0.706908 0.706927
    outer loop
      vertex -0.000174787 2.14999 9.91
      vertex -0.162608 2.53468 10.3
      vertex -0.140918 2.14999 9.91461
    endloop
  endfacet
  facet normal 0.0241251 -0.706864 0.706938
    outer loop
      vertex -0.140918 2.14999 9.91461
      vertex -0.162608 2.53468 10.3
      vertex -0.166124 2.53456 10.3
    endloop
  endfacet
  facet normal -0.644262 -0.291886 0.706915
    outer loop
      vertex 2.34665 0.972016 10.3
      vertex 2.27951 1.12021 10.3
      vertex 1.98634 0.822769 9.91
    endloop
  endfacet
  facet normal -0.623519 -0.333885 0.706926
    outer loop
      vertex 1.86195 1.075 9.91
      vertex 2.20136 1.2669 10.3
      vertex 2.1997 1.27 10.3
    endloop
  endfacet
  facet normal -0.62376 -0.333446 0.70692
    outer loop
      vertex 2.20136 1.2669 10.3
      vertex 1.86195 1.075 9.91
      vertex 1.92828 0.95092 9.91
    endloop
  endfacet
  facet normal 0.623775 -0.333428 0.706916
    outer loop
      vertex -1.92828 0.95092 9.91
      vertex -2.20136 1.2669 10.3
      vertex -2.27806 1.12341 10.3
    endloop
  endfacet
  facet normal -0.482734 -0.516928 0.706932
    outer loop
      vertex 1.41759 1.61646 9.91
      vertex 1.67731 1.90727 10.3
      vertex 1.67474 1.90967 10.3
    endloop
  endfacet
  facet normal -0.483501 -0.516227 0.70692
    outer loop
      vertex 1.67731 1.90727 10.3
      vertex 1.41759 1.61646 9.91
      vertex 1.52028 1.52028 9.91
    endloop
  endfacet
  facet normal -0.516214 -0.483522 0.706916
    outer loop
      vertex 1.90727 1.67731 10.3
      vertex 1.79605 1.79605 10.3
      vertex 1.52028 1.52028 9.91
    endloop
  endfacet
  facet normal 0.291888 -0.64426 0.706916
    outer loop
      vertex -1.12021 2.27951 10.3
      vertex -0.95092 1.92828 9.91
      vertex -0.822769 1.98634 9.91
    endloop
  endfacet
  facet normal 0.291923 -0.644244 0.706916
    outer loop
      vertex -0.95092 1.92828 9.91
      vertex -1.12021 2.27951 10.3
      vertex -1.12341 2.27806 10.3
    endloop
  endfacet
  facet normal -0.483522 -0.516214 0.706916
    outer loop
      vertex 1.79605 1.79605 10.3
      vertex 1.67731 1.90727 10.3
      vertex 1.52028 1.52028 9.91
    endloop
  endfacet
  facet normal 0.160633 -0.688815 0.706917
    outer loop
      vertex -0.6574 2.45345 10.3
      vertex -0.546277 2.14999 9.97906
      vertex -0.498954 2.4904 10.3
    endloop
  endfacet
  facet normal 0.160773 -0.688773 0.706925
    outer loop
      vertex -0.546277 2.14999 9.97906
      vertex -0.6574 2.45345 10.3
      vertex -0.576089 2.14999 9.98584
    endloop
  endfacet
  facet normal -0.483501 0.516227 0.70692
    outer loop
      vertex 1.41759 -1.61646 9.91
      vertex 1.67731 -1.90727 10.3
      vertex 1.52028 -1.52028 9.91
    endloop
  endfacet
  facet normal -0.482734 0.516928 0.706932
    outer loop
      vertex 1.67731 -1.90727 10.3
      vertex 1.41759 -1.61646 9.91
      vertex 1.67474 -1.90967 10.3
    endloop
  endfacet
  facet normal -0.574944 0.41196 0.706914
    outer loop
      vertex 2.01717 -1.5434 10.3
      vertex 2.11193 -1.41115 10.3
      vertex 1.78766 -1.19448 9.91
    endloop
  endfacet
  facet normal 0.546742 -0.448714 0.706915
    outer loop
      vertex -1.70571 1.30884 9.91
      vertex -1.9119 1.67202 10.3
      vertex -2.01512 1.54625 10.3
    endloop
  endfacet
  facet normal 0.373469 0.600648 0.706925
    outer loop
      vertex -1.27299 -2.19785 10.3
      vertex -1.075 -1.86195 9.91
      vertex -1.19448 -1.78766 9.91
    endloop
  endfacet
  facet normal 0.372137 0.601454 0.706943
    outer loop
      vertex -1.075 -1.86195 9.91
      vertex -1.27299 -2.19785 10.3
      vertex -1.27 -2.1997 10.3
    endloop
  endfacet
  facet normal 0.706918 -0.023128 0.706918
    outer loop
      vertex -2.15 0 9.91
      vertex -2.53468 0.162608 10.3
      vertex -2.54 0 10.3
    endloop
  endfacet
  facet normal 0.205381 0.676804 0.706934
    outer loop
      vertex -0.729824 -2.14999 10.0305
      vertex -0.81309 -2.40622 10.3
      vertex -0.613517 -2.14999 9.99671
    endloop
  endfacet
  facet normal 0.205117 0.676887 0.706931
    outer loop
      vertex -0.81309 -2.40622 10.3
      vertex -0.729824 -2.14999 10.0305
      vertex -0.816456 -2.4052 10.3
    endloop
  endfacet
  facet normal -0.373523 0.600627 0.706914
    outer loop
      vertex 1.27299 -2.19785 10.3
      vertex 1.41115 -2.11193 10.3
      vertex 1.19448 -1.78766 9.91
    endloop
  endfacet
  facet normal 0.703762 -0.0703762 0.706942
    outer loop
      vertex -2.51862 0.328036 10.3
      vertex -2.14999 0.283052 9.92855
      vertex -2.51827 0.331536 10.3
    endloop
  endfacet
  facet normal 0.703879 -0.0693172 0.70693
    outer loop
      vertex -2.14999 0.283052 9.92855
      vertex -2.51862 0.328036 10.3
      vertex -2.14999 0.142925 9.91481
    endloop
  endfacet
  facet normal -0.114647 -0.697937 0.706923
    outer loop
      vertex 0.492059 2.49177 10.3
      vertex 0.42766 2.14999 9.95212
      vertex 0.495529 2.4912 10.3
    endloop
  endfacet
  facet normal -0.115249 -0.697831 0.70693
    outer loop
      vertex 0.42766 2.14999 9.95212
      vertex 0.492059 2.49177 10.3
      vertex 0.291425 2.14999 9.92991
    endloop
  endfacet
  facet normal -0.688747 0.160875 0.706927
    outer loop
      vertex 2.14999 -0.42766 9.95212
      vertex 2.4904 -0.498954 10.3
      vertex 2.4912 -0.495529 10.3
    endloop
  endfacet
  facet normal -0.688818 0.160556 0.706931
    outer loop
      vertex 2.4904 -0.498954 10.3
      vertex 2.14999 -0.42766 9.95212
      vertex 2.14999 -0.546277 9.97906
    endloop
  endfacet
  facet normal 0.574171 -0.413001 0.706935
    outer loop
      vertex -2.01717 1.5434 10.3
      vertex -1.70571 1.30884 9.91
      vertex -2.01512 1.54625 10.3
    endloop
  endfacet
  facet normal 0.574918 -0.411985 0.706921
    outer loop
      vertex -1.70571 1.30884 9.91
      vertex -2.01717 1.5434 10.3
      vertex -1.78766 1.19448 9.91
    endloop
  endfacet
  facet normal -0.702936 0.0402167 0.710115
    outer loop
      vertex 2.14999 -0.000174787 9.91
      vertex 2.53468 -0.162608 10.3
      vertex 2.15 0 9.91
    endloop
  endfacet
  facet normal -0.706908 0.0231552 0.706927
    outer loop
      vertex 2.14999 -0.140918 9.91461
      vertex 2.53468 -0.162608 10.3
      vertex 2.14999 -0.000174787 9.91
    endloop
  endfacet
  facet normal -0.706864 0.0241251 0.706938
    outer loop
      vertex 2.53468 -0.162608 10.3
      vertex 2.14999 -0.140918 9.91461
      vertex 2.53456 -0.166124 10.3
    endloop
  endfacet
  facet normal 0.64426 0.291888 0.706916
    outer loop
      vertex -2.27951 -1.12021 10.3
      vertex -1.92828 -0.95092 9.91
      vertex -1.98634 -0.822769 9.91
    endloop
  endfacet
  facet normal 0.644244 0.291923 0.706916
    outer loop
      vertex -1.92828 -0.95092 9.91
      vertex -2.27951 -1.12021 10.3
      vertex -2.27806 -1.12341 10.3
    endloop
  endfacet
  facet normal -0.676834 -0.205324 0.706922
    outer loop
      vertex 2.14999 0.613517 9.99671
      vertex 2.45345 0.6574 10.3
      vertex 2.40622 0.81309 10.3
    endloop
  endfacet
  facet normal -0.676837 -0.205308 0.706923
    outer loop
      vertex 2.45345 0.6574 10.3
      vertex 2.14999 0.613517 9.99671
      vertex 2.14999 0.576089 9.98584
    endloop
  endfacet
  facet normal 0.0704438 -0.703794 0.706903
    outer loop
      vertex -0.166124 2.53456 10.3
      vertex -0.142925 2.14999 9.91481
      vertex -0.140918 2.14999 9.91461
    endloop
  endfacet
  facet normal 0.0692965 -0.703885 0.706926
    outer loop
      vertex -0.142925 2.14999 9.91481
      vertex -0.166124 2.53456 10.3
      vertex -0.328036 2.51862 10.3
    endloop
  endfacet
  facet normal -0.0692965 -0.703885 0.706926
    outer loop
      vertex 0.166124 2.53456 10.3
      vertex 0.142925 2.14999 9.91481
      vertex 0.328036 2.51862 10.3
    endloop
  endfacet
  facet normal -0.0704438 -0.703794 0.706903
    outer loop
      vertex 0.142925 2.14999 9.91481
      vertex 0.166124 2.53456 10.3
      vertex 0.140918 2.14999 9.91461
    endloop
  endfacet
  facet normal -0.516928 -0.482734 0.706932
    outer loop
      vertex 1.90727 1.67731 10.3
      vertex 1.61646 1.41759 9.91
      vertex 1.90967 1.67474 10.3
    endloop
  endfacet
  facet normal -0.516227 -0.483501 0.70692
    outer loop
      vertex 1.61646 1.41759 9.91
      vertex 1.90727 1.67731 10.3
      vertex 1.52028 1.52028 9.91
    endloop
  endfacet
  facet normal -0.249306 -0.661868 0.706949
    outer loop
      vertex 0.75 2.1021 9.99275
      vertex 0.972016 2.34665 10.3
      vertex 0.968724 2.34789 10.3
    endloop
  endfacet
  facet normal -0.24916 -0.661959 0.706915
    outer loop
      vertex 0.972016 2.34665 10.3
      vertex 0.75 2.1021 9.99275
      vertex 0.822769 1.98634 9.91
    endloop
  endfacet
  facet normal -0.249159 -0.661959 0.706916
    outer loop
      vertex 0.822769 1.98634 9.91
      vertex 0.75 2.1021 9.99275
      vertex 0.75 2.01373 9.91
    endloop
  endfacet
  facet normal 0.662021 -0.249058 0.706894
    outer loop
      vertex -2.34789 0.968724 10.3
      vertex -2.14999 0.75 10.0376
      vertex -2.1021 0.75 9.99275
    endloop
  endfacet
  facet normal 0.661959 -0.249146 0.70692
    outer loop
      vertex -2.4052 0.816456 10.3
      vertex -2.14999 0.75 10.0376
      vertex -2.34789 0.968724 10.3
    endloop
  endfacet
  facet normal 0.662077 -0.248775 0.706941
    outer loop
      vertex -2.14999 0.75 10.0376
      vertex -2.4052 0.816456 10.3
      vertex -2.14999 0.729824 10.0305
    endloop
  endfacet
  facet normal -0.0241251 -0.706864 0.706938
    outer loop
      vertex 0.162608 2.53468 10.3
      vertex 0.140918 2.14999 9.91461
      vertex 0.166124 2.53456 10.3
    endloop
  endfacet
  facet normal -0.0231552 -0.706908 0.706927
    outer loop
      vertex 0.162608 2.53468 10.3
      vertex 0.000174787 2.14999 9.91
      vertex 0.140918 2.14999 9.91461
    endloop
  endfacet
  facet normal -0.0402167 -0.702936 0.710115
    outer loop
      vertex 0.000174787 2.14999 9.91
      vertex 0.162608 2.53468 10.3
      vertex 0 2.15 9.91
    endloop
  endfacet
  facet normal 0.0693172 0.703879 0.70693
    outer loop
      vertex -0.283052 -2.14999 9.92855
      vertex -0.328036 -2.51862 10.3
      vertex -0.142925 -2.14999 9.91481
    endloop
  endfacet
  facet normal 0.0703762 0.703762 0.706942
    outer loop
      vertex -0.328036 -2.51862 10.3
      vertex -0.283052 -2.14999 9.92855
      vertex -0.331536 -2.51827 10.3
    endloop
  endfacet
  facet normal -0.205117 0.676887 0.706931
    outer loop
      vertex 0.729824 -2.14999 10.0305
      vertex 0.81309 -2.40622 10.3
      vertex 0.816456 -2.4052 10.3
    endloop
  endfacet
  facet normal -0.205381 0.676804 0.706934
    outer loop
      vertex 0.81309 -2.40622 10.3
      vertex 0.729824 -2.14999 10.0305
      vertex 0.613517 -2.14999 9.99671
    endloop
  endfacet
  facet normal 0.023128 0.706918 0.706918
    outer loop
      vertex 0 -2.54 10.3
      vertex 0 -2.15 9.91
      vertex -0.162608 -2.53468 10.3
    endloop
  endfacet
  facet normal -0.644244 -0.291923 0.706916
    outer loop
      vertex 1.92828 0.95092 9.91
      vertex 2.27951 1.12021 10.3
      vertex 2.27806 1.12341 10.3
    endloop
  endfacet
  facet normal -0.64426 -0.291888 0.706916
    outer loop
      vertex 2.27951 1.12021 10.3
      vertex 1.92828 0.95092 9.91
      vertex 1.98634 0.822769 9.91
    endloop
  endfacet
  facet normal -0.0241251 0.706864 0.706938
    outer loop
      vertex 0.140918 -2.14999 9.91461
      vertex 0.162608 -2.53468 10.3
      vertex 0.166124 -2.53456 10.3
    endloop
  endfacet
  facet normal -0.0231552 0.706908 0.706927
    outer loop
      vertex 0.000174787 -2.14999 9.91
      vertex 0.162608 -2.53468 10.3
      vertex 0.140918 -2.14999 9.91461
    endloop
  endfacet
  facet normal -0.0402167 0.702936 0.710115
    outer loop
      vertex 0.162608 -2.53468 10.3
      vertex 0.000174787 -2.14999 9.91
      vertex 0 -2.15 9.91
    endloop
  endfacet
  facet normal -0.023128 0.706918 0.706918
    outer loop
      vertex 0 -2.54 10.3
      vertex 0.162608 -2.53468 10.3
      vertex 0 -2.15 9.91
    endloop
  endfacet
  facet normal 0.0231552 0.706908 0.706927
    outer loop
      vertex -0.162608 -2.53468 10.3
      vertex -0.000174787 -2.14999 9.91
      vertex -0.140918 -2.14999 9.91461
    endloop
  endfacet
  facet normal 0.0402167 0.702936 0.710115
    outer loop
      vertex -0.000174787 -2.14999 9.91
      vertex -0.162608 -2.53468 10.3
      vertex 0 -2.15 9.91
    endloop
  endfacet
  facet normal 0.0241251 0.706864 0.706938
    outer loop
      vertex -0.162608 -2.53468 10.3
      vertex -0.140918 -2.14999 9.91461
      vertex -0.166124 -2.53456 10.3
    endloop
  endfacet
  facet normal 0.333446 0.62376 0.70692
    outer loop
      vertex -1.075 -1.86195 9.91
      vertex -1.2669 -2.20136 10.3
      vertex -0.95092 -1.92828 9.91
    endloop
  endfacet
  facet normal 0.333885 0.623519 0.706926
    outer loop
      vertex -1.2669 -2.20136 10.3
      vertex -1.075 -1.86195 9.91
      vertex -1.27 -2.1997 10.3
    endloop
  endfacet
  facet normal 0.703885 -0.0692965 0.706926
    outer loop
      vertex -2.53456 0.166124 10.3
      vertex -2.14999 0.142925 9.91481
      vertex -2.51862 0.328036 10.3
    endloop
  endfacet
  facet normal 0.703794 -0.0704438 0.706903
    outer loop
      vertex -2.14999 0.142925 9.91481
      vertex -2.53456 0.166124 10.3
      vertex -2.14999 0.140918 9.91461
    endloop
  endfacet
  facet normal 0.600648 0.373469 0.706925
    outer loop
      vertex -1.86195 -1.075 9.91
      vertex -2.19785 -1.27299 10.3
      vertex -1.78766 -1.19448 9.91
    endloop
  endfacet
  facet normal 0.601454 0.372137 0.706943
    outer loop
      vertex -2.19785 -1.27299 10.3
      vertex -1.86195 -1.075 9.91
      vertex -2.1997 -1.27 10.3
    endloop
  endfacet
  facet normal -0.249058 0.662021 0.706894
    outer loop
      vertex 0.75 -2.14999 10.0376
      vertex 0.968724 -2.34789 10.3
      vertex 0.75 -2.1021 9.99275
    endloop
  endfacet
  facet normal -0.249146 0.661959 0.70692
    outer loop
      vertex 0.968724 -2.34789 10.3
      vertex 0.75 -2.14999 10.0376
      vertex 0.816456 -2.4052 10.3
    endloop
  endfacet
  facet normal -0.248775 0.662077 0.706941
    outer loop
      vertex 0.816456 -2.4052 10.3
      vertex 0.75 -2.14999 10.0376
      vertex 0.729824 -2.14999 10.0305
    endloop
  endfacet
  facet normal 0.62376 0.333446 0.70692
    outer loop
      vertex -2.20136 -1.2669 10.3
      vertex -1.86195 -1.075 9.91
      vertex -1.92828 -0.95092 9.91
    endloop
  endfacet
  facet normal 0.623519 0.333885 0.706926
    outer loop
      vertex -1.86195 -1.075 9.91
      vertex -2.20136 -1.2669 10.3
      vertex -2.1997 -1.27 10.3
    endloop
  endfacet
  facet normal 0.600627 -0.373523 0.706914
    outer loop
      vertex -1.78766 1.19448 9.91
      vertex -2.11193 1.41115 10.3
      vertex -2.19785 1.27299 10.3
    endloop
  endfacet
  facet normal -0.546742 -0.448714 0.706915
    outer loop
      vertex 2.01512 1.54625 10.3
      vertex 1.9119 1.67202 10.3
      vertex 1.70571 1.30884 9.91
    endloop
  endfacet
  facet normal 0.600648 -0.373469 0.706925
    outer loop
      vertex -2.19785 1.27299 10.3
      vertex -1.86195 1.075 9.91
      vertex -1.78766 1.19448 9.91
    endloop
  endfacet
  facet normal 0.601454 -0.372137 0.706943
    outer loop
      vertex -1.86195 1.075 9.91
      vertex -2.19785 1.27299 10.3
      vertex -2.1997 1.27 10.3
    endloop
  endfacet
  facet normal -0.160556 0.688818 0.706931
    outer loop
      vertex 0.42766 -2.14999 9.95212
      vertex 0.498954 -2.4904 10.3
      vertex 0.546277 -2.14999 9.97906
    endloop
  endfacet
  facet normal -0.160875 0.688747 0.706927
    outer loop
      vertex 0.498954 -2.4904 10.3
      vertex 0.42766 -2.14999 9.95212
      vertex 0.495529 -2.4912 10.3
    endloop
  endfacet
  facet normal 0.44871 -0.546747 0.706914
    outer loop
      vertex -1.67202 1.9119 10.3
      vertex -1.41759 1.61646 9.91
      vertex -1.30884 1.70571 9.91
    endloop
  endfacet
  facet normal 0.448439 -0.546975 0.706909
    outer loop
      vertex -1.41759 1.61646 9.91
      vertex -1.67202 1.9119 10.3
      vertex -1.67474 1.90967 10.3
    endloop
  endfacet
  facet normal -0.574171 -0.413001 0.706935
    outer loop
      vertex 1.70571 1.30884 9.91
      vertex 2.01717 1.5434 10.3
      vertex 2.01512 1.54625 10.3
    endloop
  endfacet
  facet normal -0.574918 -0.411985 0.706921
    outer loop
      vertex 2.01717 1.5434 10.3
      vertex 1.70571 1.30884 9.91
      vertex 1.78766 1.19448 9.91
    endloop
  endfacet
  facet normal -0.160875 -0.688747 0.706927
    outer loop
      vertex 0.42766 2.14999 9.95212
      vertex 0.498954 2.4904 10.3
      vertex 0.495529 2.4912 10.3
    endloop
  endfacet
  facet normal -0.160556 -0.688818 0.706931
    outer loop
      vertex 0.498954 2.4904 10.3
      vertex 0.42766 2.14999 9.95212
      vertex 0.546277 2.14999 9.97906
    endloop
  endfacet
  facet normal 0.706908 -0.0231552 0.706927
    outer loop
      vertex -2.53468 0.162608 10.3
      vertex -2.14999 0.000174787 9.91
      vertex -2.14999 0.140918 9.91461
    endloop
  endfacet
  facet normal 0.706864 -0.0241251 0.706938
    outer loop
      vertex -2.53468 0.162608 10.3
      vertex -2.14999 0.140918 9.91461
      vertex -2.53456 0.166124 10.3
    endloop
  endfacet
  facet normal 0.702936 -0.0402167 0.710115
    outer loop
      vertex -2.14999 0.000174787 9.91
      vertex -2.53468 0.162608 10.3
      vertex -2.15 0 9.91
    endloop
  endfacet
  facet normal 0.0704438 0.703794 0.706903
    outer loop
      vertex -0.142925 -2.14999 9.91481
      vertex -0.166124 -2.53456 10.3
      vertex -0.140918 -2.14999 9.91461
    endloop
  endfacet
  facet normal 0.0692965 0.703885 0.706926
    outer loop
      vertex -0.166124 -2.53456 10.3
      vertex -0.142925 -2.14999 9.91481
      vertex -0.328036 -2.51862 10.3
    endloop
  endfacet
  facet normal 0.623519 -0.333885 0.706926
    outer loop
      vertex -2.20136 1.2669 10.3
      vertex -1.86195 1.075 9.91
      vertex -2.1997 1.27 10.3
    endloop
  endfacet
  facet normal 0.62376 -0.333446 0.70692
    outer loop
      vertex -1.86195 1.075 9.91
      vertex -2.20136 1.2669 10.3
      vertex -1.92828 0.95092 9.91
    endloop
  endfacet
  facet normal 0.0980469 0.995182 -0
    outer loop
      vertex -1.63508 -24.9465 7.62939e-07
      vertex -3.26315 -24.7861 1.2
      vertex -1.63508 -24.9465 1.2
    endloop
  endfacet
  facet normal 0.0980469 0.995182 0
    outer loop
      vertex -3.26315 -24.7861 1.2
      vertex -1.63508 -24.9465 7.62939e-07
      vertex -3.26315 -24.7861 7.62939e-07
    endloop
  endfacet
  facet normal -0.999465 -0.0327026 0
    outer loop
      vertex 25 0 7.62939e-07
      vertex 24.9465 1.63508 1.2
      vertex 24.9465 1.63508 7.62939e-07
    endloop
  endfacet
  facet normal -0.999465 -0.0327026 0
    outer loop
      vertex 24.9465 1.63508 1.2
      vertex 25 0 7.62939e-07
      vertex 25 0 1.2
    endloop
  endfacet
  facet normal -0.995182 0.0980469 0
    outer loop
      vertex 24.7861 -3.26315 7.62939e-07
      vertex 24.9465 -1.63508 1.2
      vertex 24.9465 -1.63508 7.62939e-07
    endloop
  endfacet
  facet normal -0.995182 0.0980469 0
    outer loop
      vertex 24.9465 -1.63508 1.2
      vertex 24.7861 -3.26315 7.62939e-07
      vertex 24.7861 -3.26315 1.2
    endloop
  endfacet
  facet normal -0.999465 0.0327026 0
    outer loop
      vertex 24.9465 -1.63508 7.62939e-07
      vertex 25 0 1.2
      vertex 25 0 7.62939e-07
    endloop
  endfacet
  facet normal -0.999465 0.0327026 0
    outer loop
      vertex 25 0 1.2
      vertex 24.9465 -1.63508 7.62939e-07
      vertex 24.9465 -1.63508 1.2
    endloop
  endfacet
  facet normal -0.986642 0.162901 0
    outer loop
      vertex 24.5196 -4.87726 7.62939e-07
      vertex 24.7861 -3.26315 1.2
      vertex 24.7861 -3.26315 7.62939e-07
    endloop
  endfacet
  facet normal -0.986642 0.162901 0
    outer loop
      vertex 24.7861 -3.26315 1.2
      vertex 24.5196 -4.87726 7.62939e-07
      vertex 24.5196 -4.87726 1.2
    endloop
  endfacet
  facet normal 0.935899 -0.352269 0
    outer loop
      vertex -23.6733 8.03599 1.2
      vertex -23.097 9.56709 7.62939e-07
      vertex -23.097 9.56709 1.2
    endloop
  endfacet
  facet normal 0.935899 -0.352269 0
    outer loop
      vertex -23.097 9.56709 7.62939e-07
      vertex -23.6733 8.03599 1.2
      vertex -23.6733 8.03599 7.62939e-07
    endloop
  endfacet
  facet normal -0.162901 0.986642 0
    outer loop
      vertex 4.87726 -24.5196 7.62939e-07
      vertex 3.26315 -24.7861 1.2
      vertex 4.87726 -24.5196 1.2
    endloop
  endfacet
  facet normal -0.162901 0.986642 0
    outer loop
      vertex 3.26315 -24.7861 1.2
      vertex 4.87726 -24.5196 7.62939e-07
      vertex 3.26315 -24.7861 7.62939e-07
    endloop
  endfacet
  facet normal 0.412727 -0.910855 0
    outer loop
      vertex -11.0572 22.4218 7.62939e-07
      vertex -9.56709 23.097 1.2
      vertex -11.0572 22.4218 1.2
    endloop
  endfacet
  facet normal 0.412727 -0.910855 0
    outer loop
      vertex -9.56709 23.097 1.2
      vertex -11.0572 22.4218 7.62939e-07
      vertex -9.56709 23.097 7.62939e-07
    endloop
  endfacet
  facet normal 0.956956 -0.290233 0
    outer loop
      vertex -24.1481 6.47048 1.2
      vertex -23.6733 8.03599 7.62939e-07
      vertex -23.6733 8.03599 1.2
    endloop
  endfacet
  facet normal 0.956956 -0.290233 0
    outer loop
      vertex -23.6733 8.03599 7.62939e-07
      vertex -24.1481 6.47048 1.2
      vertex -24.1481 6.47048 7.62939e-07
    endloop
  endfacet
  facet normal 0.634382 -0.77302 0
    outer loop
      vertex -16.4836 18.796 7.62939e-07
      vertex -15.219 19.8338 1.2
      vertex -16.4836 18.796 1.2
    endloop
  endfacet
  facet normal 0.634382 -0.77302 0
    outer loop
      vertex -15.219 19.8338 1.2
      vertex -16.4836 18.796 7.62939e-07
      vertex -15.219 19.8338 7.62939e-07
    endloop
  endfacet
  facet normal 0.995182 -0.0980469 0
    outer loop
      vertex -24.9465 1.63508 1.2
      vertex -24.7861 3.26315 7.62939e-07
      vertex -24.7861 3.26315 1.2
    endloop
  endfacet
  facet normal 0.995182 -0.0980469 0
    outer loop
      vertex -24.7861 3.26315 7.62939e-07
      vertex -24.9465 1.63508 1.2
      vertex -24.9465 1.63508 7.62939e-07
    endloop
  endfacet
  facet normal -0.956956 -0.290233 0
    outer loop
      vertex 24.1481 6.47048 7.62939e-07
      vertex 23.6733 8.03599 1.2
      vertex 23.6733 8.03599 7.62939e-07
    endloop
  endfacet
  facet normal -0.956956 -0.290233 0
    outer loop
      vertex 23.6733 8.03599 1.2
      vertex 24.1481 6.47048 7.62939e-07
      vertex 24.1481 6.47048 1.2
    endloop
  endfacet
  facet normal -0.0327026 -0.999465 0
    outer loop
      vertex 0 25 7.62939e-07
      vertex 1.63508 24.9465 1.2
      vertex 0 25 1.2
    endloop
  endfacet
  facet normal -0.0327026 -0.999465 -0
    outer loop
      vertex 1.63508 24.9465 1.2
      vertex 0 25 7.62939e-07
      vertex 1.63508 24.9465 7.62939e-07
    endloop
  endfacet
  facet normal -0.162901 -0.986642 0
    outer loop
      vertex 3.26315 24.7861 7.62939e-07
      vertex 4.87726 24.5196 1.2
      vertex 3.26315 24.7861 1.2
    endloop
  endfacet
  facet normal -0.162901 -0.986642 -0
    outer loop
      vertex 4.87726 24.5196 1.2
      vertex 3.26315 24.7861 7.62939e-07
      vertex 4.87726 24.5196 7.62939e-07
    endloop
  endfacet
  facet normal -0.0980469 0.995182 0
    outer loop
      vertex 3.26315 -24.7861 7.62939e-07
      vertex 1.63508 -24.9465 1.2
      vertex 3.26315 -24.7861 1.2
    endloop
  endfacet
  facet normal -0.0980469 0.995182 0
    outer loop
      vertex 1.63508 -24.9465 1.2
      vertex 3.26315 -24.7861 7.62939e-07
      vertex 1.63508 -24.9465 7.62939e-07
    endloop
  endfacet
  facet normal 0.582498 -0.812832 0
    outer loop
      vertex -15.219 19.8338 7.62939e-07
      vertex -13.8893 20.7867 1.2
      vertex -15.219 19.8338 1.2
    endloop
  endfacet
  facet normal 0.582498 -0.812832 0
    outer loop
      vertex -13.8893 20.7867 1.2
      vertex -15.219 19.8338 7.62939e-07
      vertex -13.8893 20.7867 7.62939e-07
    endloop
  endfacet
  facet normal -0.582498 0.812832 0
    outer loop
      vertex 15.219 -19.8338 7.62939e-07
      vertex 13.8893 -20.7867 1.2
      vertex 15.219 -19.8338 1.2
    endloop
  endfacet
  facet normal -0.582498 0.812832 0
    outer loop
      vertex 13.8893 -20.7867 1.2
      vertex 15.219 -19.8338 7.62939e-07
      vertex 13.8893 -20.7867 7.62939e-07
    endloop
  endfacet
  facet normal 0.227084 -0.973875 0
    outer loop
      vertex -6.47048 24.1481 7.62939e-07
      vertex -4.87726 24.5196 1.2
      vertex -6.47048 24.1481 1.2
    endloop
  endfacet
  facet normal 0.227084 -0.973875 0
    outer loop
      vertex -4.87726 24.5196 1.2
      vertex -6.47048 24.1481 7.62939e-07
      vertex -4.87726 24.5196 7.62939e-07
    endloop
  endfacet
  facet normal 0.973875 -0.227084 0
    outer loop
      vertex -24.5196 4.87726 1.2
      vertex -24.1481 6.47048 7.62939e-07
      vertex -24.1481 6.47048 1.2
    endloop
  endfacet
  facet normal 0.973875 -0.227084 0
    outer loop
      vertex -24.1481 6.47048 7.62939e-07
      vertex -24.5196 4.87726 1.2
      vertex -24.5196 4.87726 7.62939e-07
    endloop
  endfacet
  facet normal 0.729894 -0.683561 0
    outer loop
      vertex -18.796 16.4836 1.2
      vertex -17.6777 17.6777 7.62939e-07
      vertex -17.6777 17.6777 1.2
    endloop
  endfacet
  facet normal 0.729894 -0.683561 0
    outer loop
      vertex -17.6777 17.6777 7.62939e-07
      vertex -18.796 16.4836 1.2
      vertex -18.796 16.4836 7.62939e-07
    endloop
  endfacet
  facet normal -0.528058 -0.849208 0
    outer loop
      vertex 12.5 21.6506 7.62939e-07
      vertex 13.8893 20.7867 1.2
      vertex 12.5 21.6506 1.2
    endloop
  endfacet
  facet normal -0.528058 -0.849208 -0
    outer loop
      vertex 13.8893 20.7867 1.2
      vertex 12.5 21.6506 7.62939e-07
      vertex 13.8893 20.7867 7.62939e-07
    endloop
  endfacet
  facet normal 0.352269 0.935899 -0
    outer loop
      vertex -8.03599 -23.6733 7.62939e-07
      vertex -9.56709 -23.097 1.2
      vertex -8.03599 -23.6733 1.2
    endloop
  endfacet
  facet normal 0.352269 0.935899 0
    outer loop
      vertex -9.56709 -23.097 1.2
      vertex -8.03599 -23.6733 7.62939e-07
      vertex -9.56709 -23.097 7.62939e-07
    endloop
  endfacet
  facet normal -0.528058 0.849208 0
    outer loop
      vertex 13.8893 -20.7867 7.62939e-07
      vertex 12.5 -21.6506 1.2
      vertex 13.8893 -20.7867 1.2
    endloop
  endfacet
  facet normal -0.528058 0.849208 0
    outer loop
      vertex 12.5 -21.6506 1.2
      vertex 13.8893 -20.7867 7.62939e-07
      vertex 12.5 -21.6506 7.62939e-07
    endloop
  endfacet
  facet normal -0.4714 -0.881919 0
    outer loop
      vertex 11.0572 22.4218 7.62939e-07
      vertex 12.5 21.6506 1.2
      vertex 11.0572 22.4218 1.2
    endloop
  endfacet
  facet normal -0.4714 -0.881919 -0
    outer loop
      vertex 12.5 21.6506 1.2
      vertex 11.0572 22.4218 7.62939e-07
      vertex 12.5 21.6506 7.62939e-07
    endloop
  endfacet
  facet normal 0.986642 0.162901 0
    outer loop
      vertex -24.5196 -4.87726 1.2
      vertex -24.7861 -3.26315 7.62939e-07
      vertex -24.7861 -3.26315 1.2
    endloop
  endfacet
  facet normal 0.986642 0.162901 0
    outer loop
      vertex -24.7861 -3.26315 7.62939e-07
      vertex -24.5196 -4.87726 1.2
      vertex -24.5196 -4.87726 7.62939e-07
    endloop
  endfacet
  facet normal -0.935899 -0.352269 0
    outer loop
      vertex 23.6733 8.03599 7.62939e-07
      vertex 23.097 9.56709 1.2
      vertex 23.097 9.56709 7.62939e-07
    endloop
  endfacet
  facet normal -0.935899 -0.352269 0
    outer loop
      vertex 23.097 9.56709 1.2
      vertex 23.6733 8.03599 7.62939e-07
      vertex 23.6733 8.03599 1.2
    endloop
  endfacet
  facet normal -0.729894 -0.683561 0
    outer loop
      vertex 18.796 16.4836 7.62939e-07
      vertex 17.6777 17.6777 1.2
      vertex 17.6777 17.6777 7.62939e-07
    endloop
  endfacet
  facet normal -0.729894 -0.683561 0
    outer loop
      vertex 17.6777 17.6777 1.2
      vertex 18.796 16.4836 7.62939e-07
      vertex 18.796 16.4836 1.2
    endloop
  endfacet
  facet normal 0.995182 0.0980469 0
    outer loop
      vertex -24.7861 -3.26315 1.2
      vertex -24.9465 -1.63508 7.62939e-07
      vertex -24.9465 -1.63508 1.2
    endloop
  endfacet
  facet normal 0.995182 0.0980469 0
    outer loop
      vertex -24.9465 -1.63508 7.62939e-07
      vertex -24.7861 -3.26315 1.2
      vertex -24.7861 -3.26315 7.62939e-07
    endloop
  endfacet
  facet normal 0.881919 0.4714 0
    outer loop
      vertex -21.6506 -12.5 1.2
      vertex -22.4218 -11.0572 7.62939e-07
      vertex -22.4218 -11.0572 1.2
    endloop
  endfacet
  facet normal 0.881919 0.4714 0
    outer loop
      vertex -22.4218 -11.0572 7.62939e-07
      vertex -21.6506 -12.5 1.2
      vertex -21.6506 -12.5 7.62939e-07
    endloop
  endfacet
  facet normal 0.881919 -0.4714 0
    outer loop
      vertex -22.4218 11.0572 1.2
      vertex -21.6506 12.5 7.62939e-07
      vertex -21.6506 12.5 1.2
    endloop
  endfacet
  facet normal 0.881919 -0.4714 0
    outer loop
      vertex -21.6506 12.5 7.62939e-07
      vertex -22.4218 11.0572 1.2
      vertex -22.4218 11.0572 7.62939e-07
    endloop
  endfacet
  facet normal -0.849208 0.528058 0
    outer loop
      vertex 20.7867 -13.8893 7.62939e-07
      vertex 21.6506 -12.5 1.2
      vertex 21.6506 -12.5 7.62939e-07
    endloop
  endfacet
  facet normal -0.849208 0.528058 0
    outer loop
      vertex 21.6506 -12.5 1.2
      vertex 20.7867 -13.8893 7.62939e-07
      vertex 20.7867 -13.8893 1.2
    endloop
  endfacet
  facet normal -0.973875 0.227084 0
    outer loop
      vertex 24.1481 -6.47048 7.62939e-07
      vertex 24.5196 -4.87726 1.2
      vertex 24.5196 -4.87726 7.62939e-07
    endloop
  endfacet
  facet normal -0.973875 0.227084 0
    outer loop
      vertex 24.5196 -4.87726 1.2
      vertex 24.1481 -6.47048 7.62939e-07
      vertex 24.1481 -6.47048 1.2
    endloop
  endfacet
  facet normal -0.910855 0.412727 0
    outer loop
      vertex 22.4218 -11.0572 7.62939e-07
      vertex 23.097 -9.56709 1.2
      vertex 23.097 -9.56709 7.62939e-07
    endloop
  endfacet
  facet normal -0.910855 0.412727 0
    outer loop
      vertex 23.097 -9.56709 1.2
      vertex 22.4218 -11.0572 7.62939e-07
      vertex 22.4218 -11.0572 1.2
    endloop
  endfacet
  facet normal 0.162901 0.986642 -0
    outer loop
      vertex -3.26315 -24.7861 7.62939e-07
      vertex -4.87726 -24.5196 1.2
      vertex -3.26315 -24.7861 1.2
    endloop
  endfacet
  facet normal 0.162901 0.986642 0
    outer loop
      vertex -4.87726 -24.5196 1.2
      vertex -3.26315 -24.7861 7.62939e-07
      vertex -4.87726 -24.5196 7.62939e-07
    endloop
  endfacet
  facet normal -0.986642 -0.162901 0
    outer loop
      vertex 24.7861 3.26315 7.62939e-07
      vertex 24.5196 4.87726 1.2
      vertex 24.5196 4.87726 7.62939e-07
    endloop
  endfacet
  facet normal -0.986642 -0.162901 0
    outer loop
      vertex 24.5196 4.87726 1.2
      vertex 24.7861 3.26315 7.62939e-07
      vertex 24.7861 3.26315 1.2
    endloop
  endfacet
  facet normal -0.683561 -0.729894 0
    outer loop
      vertex 16.4836 18.796 7.62939e-07
      vertex 17.6777 17.6777 1.2
      vertex 16.4836 18.796 1.2
    endloop
  endfacet
  facet normal -0.683561 -0.729894 -0
    outer loop
      vertex 17.6777 17.6777 1.2
      vertex 16.4836 18.796 7.62939e-07
      vertex 17.6777 17.6777 7.62939e-07
    endloop
  endfacet
  facet normal 0.0327026 0.999465 -0
    outer loop
      vertex 0 -25 7.62939e-07
      vertex -1.63508 -24.9465 1.2
      vertex 0 -25 1.2
    endloop
  endfacet
  facet normal 0.0327026 0.999465 0
    outer loop
      vertex -1.63508 -24.9465 1.2
      vertex 0 -25 7.62939e-07
      vertex -1.63508 -24.9465 7.62939e-07
    endloop
  endfacet
  facet normal -0.812832 -0.582498 0
    outer loop
      vertex 20.7867 13.8893 7.62939e-07
      vertex 19.8338 15.219 1.2
      vertex 19.8338 15.219 7.62939e-07
    endloop
  endfacet
  facet normal -0.812832 -0.582498 0
    outer loop
      vertex 19.8338 15.219 1.2
      vertex 20.7867 13.8893 7.62939e-07
      vertex 20.7867 13.8893 1.2
    endloop
  endfacet
  facet normal -0.412727 0.910855 0
    outer loop
      vertex 11.0572 -22.4218 7.62939e-07
      vertex 9.56709 -23.097 1.2
      vertex 11.0572 -22.4218 1.2
    endloop
  endfacet
  facet normal -0.412727 0.910855 0
    outer loop
      vertex 9.56709 -23.097 1.2
      vertex 11.0572 -22.4218 7.62939e-07
      vertex 9.56709 -23.097 7.62939e-07
    endloop
  endfacet
  facet normal 0.582498 0.812832 -0
    outer loop
      vertex -13.8893 -20.7867 7.62939e-07
      vertex -15.219 -19.8338 1.2
      vertex -13.8893 -20.7867 1.2
    endloop
  endfacet
  facet normal 0.582498 0.812832 0
    outer loop
      vertex -15.219 -19.8338 1.2
      vertex -13.8893 -20.7867 7.62939e-07
      vertex -15.219 -19.8338 7.62939e-07
    endloop
  endfacet
  facet normal 0.352269 -0.935899 0
    outer loop
      vertex -9.56709 23.097 7.62939e-07
      vertex -8.03599 23.6733 1.2
      vertex -9.56709 23.097 1.2
    endloop
  endfacet
  facet normal 0.352269 -0.935899 0
    outer loop
      vertex -8.03599 23.6733 1.2
      vertex -9.56709 23.097 7.62939e-07
      vertex -8.03599 23.6733 7.62939e-07
    endloop
  endfacet
  facet normal -0.412727 -0.910855 0
    outer loop
      vertex 9.56709 23.097 7.62939e-07
      vertex 11.0572 22.4218 1.2
      vertex 9.56709 23.097 1.2
    endloop
  endfacet
  facet normal -0.412727 -0.910855 -0
    outer loop
      vertex 11.0572 22.4218 1.2
      vertex 9.56709 23.097 7.62939e-07
      vertex 11.0572 22.4218 7.62939e-07
    endloop
  endfacet
  facet normal -0.935899 0.352269 0
    outer loop
      vertex 23.097 -9.56709 7.62939e-07
      vertex 23.6733 -8.03599 1.2
      vertex 23.6733 -8.03599 7.62939e-07
    endloop
  endfacet
  facet normal -0.935899 0.352269 0
    outer loop
      vertex 23.6733 -8.03599 1.2
      vertex 23.097 -9.56709 7.62939e-07
      vertex 23.097 -9.56709 1.2
    endloop
  endfacet
  facet normal 0.986642 -0.162901 0
    outer loop
      vertex -24.7861 3.26315 1.2
      vertex -24.5196 4.87726 7.62939e-07
      vertex -24.5196 4.87726 1.2
    endloop
  endfacet
  facet normal 0.986642 -0.162901 0
    outer loop
      vertex -24.5196 4.87726 7.62939e-07
      vertex -24.7861 3.26315 1.2
      vertex -24.7861 3.26315 7.62939e-07
    endloop
  endfacet
  facet normal 0.412727 0.910855 -0
    outer loop
      vertex -9.56709 -23.097 7.62939e-07
      vertex -11.0572 -22.4218 1.2
      vertex -9.56709 -23.097 1.2
    endloop
  endfacet
  facet normal 0.412727 0.910855 0
    outer loop
      vertex -11.0572 -22.4218 1.2
      vertex -9.56709 -23.097 7.62939e-07
      vertex -11.0572 -22.4218 7.62939e-07
    endloop
  endfacet
  facet normal 0.528058 0.849208 -0
    outer loop
      vertex -12.5 -21.6506 7.62939e-07
      vertex -13.8893 -20.7867 1.2
      vertex -12.5 -21.6506 1.2
    endloop
  endfacet
  facet normal 0.528058 0.849208 0
    outer loop
      vertex -13.8893 -20.7867 1.2
      vertex -12.5 -21.6506 7.62939e-07
      vertex -13.8893 -20.7867 7.62939e-07
    endloop
  endfacet
  facet normal 0.162901 -0.986642 0
    outer loop
      vertex -4.87726 24.5196 7.62939e-07
      vertex -3.26315 24.7861 1.2
      vertex -4.87726 24.5196 1.2
    endloop
  endfacet
  facet normal 0.162901 -0.986642 0
    outer loop
      vertex -3.26315 24.7861 1.2
      vertex -4.87726 24.5196 7.62939e-07
      vertex -3.26315 24.7861 7.62939e-07
    endloop
  endfacet
  facet normal -0.77302 -0.634382 0
    outer loop
      vertex 19.8338 15.219 7.62939e-07
      vertex 18.796 16.4836 1.2
      vertex 18.796 16.4836 7.62939e-07
    endloop
  endfacet
  facet normal -0.77302 -0.634382 0
    outer loop
      vertex 18.796 16.4836 1.2
      vertex 19.8338 15.219 7.62939e-07
      vertex 19.8338 15.219 1.2
    endloop
  endfacet
  facet normal 0.812832 0.582498 0
    outer loop
      vertex -19.8338 -15.219 1.2
      vertex -20.7867 -13.8893 7.62939e-07
      vertex -20.7867 -13.8893 1.2
    endloop
  endfacet
  facet normal 0.812832 0.582498 0
    outer loop
      vertex -20.7867 -13.8893 7.62939e-07
      vertex -19.8338 -15.219 1.2
      vertex -19.8338 -15.219 7.62939e-07
    endloop
  endfacet
  facet normal -0.352269 -0.935899 0
    outer loop
      vertex 8.03599 23.6733 7.62939e-07
      vertex 9.56709 23.097 1.2
      vertex 8.03599 23.6733 1.2
    endloop
  endfacet
  facet normal -0.352269 -0.935899 -0
    outer loop
      vertex 9.56709 23.097 1.2
      vertex 8.03599 23.6733 7.62939e-07
      vertex 9.56709 23.097 7.62939e-07
    endloop
  endfacet
  facet normal -0.683561 0.729894 0
    outer loop
      vertex 17.6777 -17.6777 7.62939e-07
      vertex 16.4836 -18.796 1.2
      vertex 17.6777 -17.6777 1.2
    endloop
  endfacet
  facet normal -0.683561 0.729894 0
    outer loop
      vertex 16.4836 -18.796 1.2
      vertex 17.6777 -17.6777 7.62939e-07
      vertex 16.4836 -18.796 7.62939e-07
    endloop
  endfacet
  facet normal 0.290233 0.956956 -0
    outer loop
      vertex -6.47048 -24.1481 7.62939e-07
      vertex -8.03599 -23.6733 1.2
      vertex -6.47048 -24.1481 1.2
    endloop
  endfacet
  facet normal 0.290233 0.956956 0
    outer loop
      vertex -8.03599 -23.6733 1.2
      vertex -6.47048 -24.1481 7.62939e-07
      vertex -8.03599 -23.6733 7.62939e-07
    endloop
  endfacet
  facet normal -0.995182 -0.0980469 0
    outer loop
      vertex 24.9465 1.63508 7.62939e-07
      vertex 24.7861 3.26315 1.2
      vertex 24.7861 3.26315 7.62939e-07
    endloop
  endfacet
  facet normal -0.995182 -0.0980469 0
    outer loop
      vertex 24.7861 3.26315 1.2
      vertex 24.9465 1.63508 7.62939e-07
      vertex 24.9465 1.63508 1.2
    endloop
  endfacet
  facet normal -0.4714 0.881919 0
    outer loop
      vertex 12.5 -21.6506 7.62939e-07
      vertex 11.0572 -22.4218 1.2
      vertex 12.5 -21.6506 1.2
    endloop
  endfacet
  facet normal -0.4714 0.881919 0
    outer loop
      vertex 11.0572 -22.4218 1.2
      vertex 12.5 -21.6506 7.62939e-07
      vertex 11.0572 -22.4218 7.62939e-07
    endloop
  endfacet
  facet normal 0.0327026 -0.999465 0
    outer loop
      vertex -1.63508 24.9465 7.62939e-07
      vertex 0 25 1.2
      vertex -1.63508 24.9465 1.2
    endloop
  endfacet
  facet normal 0.0327026 -0.999465 0
    outer loop
      vertex 0 25 1.2
      vertex -1.63508 24.9465 7.62939e-07
      vertex 0 25 7.62939e-07
    endloop
  endfacet
  facet normal 0.290233 -0.956956 0
    outer loop
      vertex -8.03599 23.6733 7.62939e-07
      vertex -6.47048 24.1481 1.2
      vertex -8.03599 23.6733 1.2
    endloop
  endfacet
  facet normal 0.290233 -0.956956 0
    outer loop
      vertex -6.47048 24.1481 1.2
      vertex -8.03599 23.6733 7.62939e-07
      vertex -6.47048 24.1481 7.62939e-07
    endloop
  endfacet
  facet normal -0.634382 -0.77302 0
    outer loop
      vertex 15.219 19.8338 7.62939e-07
      vertex 16.4836 18.796 1.2
      vertex 15.219 19.8338 1.2
    endloop
  endfacet
  facet normal -0.634382 -0.77302 -0
    outer loop
      vertex 16.4836 18.796 1.2
      vertex 15.219 19.8338 7.62939e-07
      vertex 16.4836 18.796 7.62939e-07
    endloop
  endfacet
  facet normal 0.634382 0.77302 -0
    outer loop
      vertex -15.219 -19.8338 7.62939e-07
      vertex -16.4836 -18.796 1.2
      vertex -15.219 -19.8338 1.2
    endloop
  endfacet
  facet normal 0.634382 0.77302 0
    outer loop
      vertex -16.4836 -18.796 1.2
      vertex -15.219 -19.8338 7.62939e-07
      vertex -16.4836 -18.796 7.62939e-07
    endloop
  endfacet
  facet normal -0.849208 -0.528058 0
    outer loop
      vertex 21.6506 12.5 7.62939e-07
      vertex 20.7867 13.8893 1.2
      vertex 20.7867 13.8893 7.62939e-07
    endloop
  endfacet
  facet normal -0.849208 -0.528058 0
    outer loop
      vertex 20.7867 13.8893 1.2
      vertex 21.6506 12.5 7.62939e-07
      vertex 21.6506 12.5 1.2
    endloop
  endfacet
  facet normal -0.881919 -0.4714 0
    outer loop
      vertex 22.4218 11.0572 7.62939e-07
      vertex 21.6506 12.5 1.2
      vertex 21.6506 12.5 7.62939e-07
    endloop
  endfacet
  facet normal -0.881919 -0.4714 0
    outer loop
      vertex 21.6506 12.5 1.2
      vertex 22.4218 11.0572 7.62939e-07
      vertex 22.4218 11.0572 1.2
    endloop
  endfacet
  facet normal 0.812832 -0.582498 0
    outer loop
      vertex -20.7867 13.8893 1.2
      vertex -19.8338 15.219 7.62939e-07
      vertex -19.8338 15.219 1.2
    endloop
  endfacet
  facet normal 0.812832 -0.582498 0
    outer loop
      vertex -19.8338 15.219 7.62939e-07
      vertex -20.7867 13.8893 1.2
      vertex -20.7867 13.8893 7.62939e-07
    endloop
  endfacet
  facet normal 0.956956 0.290233 0
    outer loop
      vertex -23.6733 -8.03599 1.2
      vertex -24.1481 -6.47048 7.62939e-07
      vertex -24.1481 -6.47048 1.2
    endloop
  endfacet
  facet normal 0.956956 0.290233 0
    outer loop
      vertex -24.1481 -6.47048 7.62939e-07
      vertex -23.6733 -8.03599 1.2
      vertex -23.6733 -8.03599 7.62939e-07
    endloop
  endfacet
  facet normal 0.910855 0.412727 0
    outer loop
      vertex -22.4218 -11.0572 1.2
      vertex -23.097 -9.56709 7.62939e-07
      vertex -23.097 -9.56709 1.2
    endloop
  endfacet
  facet normal 0.910855 0.412727 0
    outer loop
      vertex -23.097 -9.56709 7.62939e-07
      vertex -22.4218 -11.0572 1.2
      vertex -22.4218 -11.0572 7.62939e-07
    endloop
  endfacet
  facet normal -0.0980469 -0.995182 0
    outer loop
      vertex 1.63508 24.9465 7.62939e-07
      vertex 3.26315 24.7861 1.2
      vertex 1.63508 24.9465 1.2
    endloop
  endfacet
  facet normal -0.0980469 -0.995182 -0
    outer loop
      vertex 3.26315 24.7861 1.2
      vertex 1.63508 24.9465 7.62939e-07
      vertex 3.26315 24.7861 7.62939e-07
    endloop
  endfacet
  facet normal 0.849208 -0.528058 0
    outer loop
      vertex -21.6506 12.5 1.2
      vertex -20.7867 13.8893 7.62939e-07
      vertex -20.7867 13.8893 1.2
    endloop
  endfacet
  facet normal 0.849208 -0.528058 0
    outer loop
      vertex -20.7867 13.8893 7.62939e-07
      vertex -21.6506 12.5 1.2
      vertex -21.6506 12.5 7.62939e-07
    endloop
  endfacet
  facet normal -0.634382 0.77302 0
    outer loop
      vertex 16.4836 -18.796 7.62939e-07
      vertex 15.219 -19.8338 1.2
      vertex 16.4836 -18.796 1.2
    endloop
  endfacet
  facet normal -0.634382 0.77302 0
    outer loop
      vertex 15.219 -19.8338 1.2
      vertex 16.4836 -18.796 7.62939e-07
      vertex 15.219 -19.8338 7.62939e-07
    endloop
  endfacet
  facet normal -0.812832 0.582498 0
    outer loop
      vertex 19.8338 -15.219 7.62939e-07
      vertex 20.7867 -13.8893 1.2
      vertex 20.7867 -13.8893 7.62939e-07
    endloop
  endfacet
  facet normal -0.812832 0.582498 0
    outer loop
      vertex 20.7867 -13.8893 1.2
      vertex 19.8338 -15.219 7.62939e-07
      vertex 19.8338 -15.219 1.2
    endloop
  endfacet
  facet normal 0.683561 0.729894 -0
    outer loop
      vertex -16.4836 -18.796 7.62939e-07
      vertex -17.6777 -17.6777 1.2
      vertex -16.4836 -18.796 1.2
    endloop
  endfacet
  facet normal 0.683561 0.729894 0
    outer loop
      vertex -17.6777 -17.6777 1.2
      vertex -16.4836 -18.796 7.62939e-07
      vertex -17.6777 -17.6777 7.62939e-07
    endloop
  endfacet
  facet normal -0.956956 0.290233 0
    outer loop
      vertex 23.6733 -8.03599 7.62939e-07
      vertex 24.1481 -6.47048 1.2
      vertex 24.1481 -6.47048 7.62939e-07
    endloop
  endfacet
  facet normal -0.956956 0.290233 0
    outer loop
      vertex 24.1481 -6.47048 1.2
      vertex 23.6733 -8.03599 7.62939e-07
      vertex 23.6733 -8.03599 1.2
    endloop
  endfacet
  facet normal -0.973875 -0.227084 0
    outer loop
      vertex 24.5196 4.87726 7.62939e-07
      vertex 24.1481 6.47048 1.2
      vertex 24.1481 6.47048 7.62939e-07
    endloop
  endfacet
  facet normal -0.973875 -0.227084 0
    outer loop
      vertex 24.1481 6.47048 1.2
      vertex 24.5196 4.87726 7.62939e-07
      vertex 24.5196 4.87726 1.2
    endloop
  endfacet
  facet normal 0.935899 0.352269 0
    outer loop
      vertex -23.097 -9.56709 1.2
      vertex -23.6733 -8.03599 7.62939e-07
      vertex -23.6733 -8.03599 1.2
    endloop
  endfacet
  facet normal 0.935899 0.352269 0
    outer loop
      vertex -23.6733 -8.03599 7.62939e-07
      vertex -23.097 -9.56709 1.2
      vertex -23.097 -9.56709 7.62939e-07
    endloop
  endfacet
  facet normal 0.729894 0.683561 0
    outer loop
      vertex -17.6777 -17.6777 1.2
      vertex -18.796 -16.4836 7.62939e-07
      vertex -18.796 -16.4836 1.2
    endloop
  endfacet
  facet normal 0.729894 0.683561 0
    outer loop
      vertex -18.796 -16.4836 7.62939e-07
      vertex -17.6777 -17.6777 1.2
      vertex -17.6777 -17.6777 7.62939e-07
    endloop
  endfacet
  facet normal -0.881919 0.4714 0
    outer loop
      vertex 21.6506 -12.5 7.62939e-07
      vertex 22.4218 -11.0572 1.2
      vertex 22.4218 -11.0572 7.62939e-07
    endloop
  endfacet
  facet normal -0.881919 0.4714 0
    outer loop
      vertex 22.4218 -11.0572 1.2
      vertex 21.6506 -12.5 7.62939e-07
      vertex 21.6506 -12.5 1.2
    endloop
  endfacet
  facet normal -0.77302 0.634382 0
    outer loop
      vertex 18.796 -16.4836 7.62939e-07
      vertex 19.8338 -15.219 1.2
      vertex 19.8338 -15.219 7.62939e-07
    endloop
  endfacet
  facet normal -0.77302 0.634382 0
    outer loop
      vertex 19.8338 -15.219 1.2
      vertex 18.796 -16.4836 7.62939e-07
      vertex 18.796 -16.4836 1.2
    endloop
  endfacet
  facet normal -0.227084 -0.973875 0
    outer loop
      vertex 4.87726 24.5196 7.62939e-07
      vertex 6.47048 24.1481 1.2
      vertex 4.87726 24.5196 1.2
    endloop
  endfacet
  facet normal -0.227084 -0.973875 -0
    outer loop
      vertex 6.47048 24.1481 1.2
      vertex 4.87726 24.5196 7.62939e-07
      vertex 6.47048 24.1481 7.62939e-07
    endloop
  endfacet
  facet normal -0.729894 0.683561 0
    outer loop
      vertex 17.6777 -17.6777 7.62939e-07
      vertex 18.796 -16.4836 1.2
      vertex 18.796 -16.4836 7.62939e-07
    endloop
  endfacet
  facet normal -0.729894 0.683561 0
    outer loop
      vertex 18.796 -16.4836 1.2
      vertex 17.6777 -17.6777 7.62939e-07
      vertex 17.6777 -17.6777 1.2
    endloop
  endfacet
  facet normal 0.77302 0.634382 0
    outer loop
      vertex -18.796 -16.4836 1.2
      vertex -19.8338 -15.219 7.62939e-07
      vertex -19.8338 -15.219 1.2
    endloop
  endfacet
  facet normal 0.77302 0.634382 0
    outer loop
      vertex -19.8338 -15.219 7.62939e-07
      vertex -18.796 -16.4836 1.2
      vertex -18.796 -16.4836 7.62939e-07
    endloop
  endfacet
  facet normal 0.77302 -0.634382 0
    outer loop
      vertex -19.8338 15.219 1.2
      vertex -18.796 16.4836 7.62939e-07
      vertex -18.796 16.4836 1.2
    endloop
  endfacet
  facet normal 0.77302 -0.634382 0
    outer loop
      vertex -18.796 16.4836 7.62939e-07
      vertex -19.8338 15.219 1.2
      vertex -19.8338 15.219 7.62939e-07
    endloop
  endfacet
  facet normal -0.290233 -0.956956 0
    outer loop
      vertex 6.47048 24.1481 7.62939e-07
      vertex 8.03599 23.6733 1.2
      vertex 6.47048 24.1481 1.2
    endloop
  endfacet
  facet normal -0.290233 -0.956956 -0
    outer loop
      vertex 8.03599 23.6733 1.2
      vertex 6.47048 24.1481 7.62939e-07
      vertex 8.03599 23.6733 7.62939e-07
    endloop
  endfacet
  facet normal -0.352269 0.935899 0
    outer loop
      vertex 9.56709 -23.097 7.62939e-07
      vertex 8.03599 -23.6733 1.2
      vertex 9.56709 -23.097 1.2
    endloop
  endfacet
  facet normal -0.352269 0.935899 0
    outer loop
      vertex 8.03599 -23.6733 1.2
      vertex 9.56709 -23.097 7.62939e-07
      vertex 8.03599 -23.6733 7.62939e-07
    endloop
  endfacet
  facet normal 0.999465 -0.0327026 0
    outer loop
      vertex -25 0 1.2
      vertex -24.9465 1.63508 7.62939e-07
      vertex -24.9465 1.63508 1.2
    endloop
  endfacet
  facet normal 0.999465 -0.0327026 0
    outer loop
      vertex -24.9465 1.63508 7.62939e-07
      vertex -25 0 1.2
      vertex -25 0 7.62939e-07
    endloop
  endfacet
  facet normal 0.910855 -0.412727 0
    outer loop
      vertex -23.097 9.56709 1.2
      vertex -22.4218 11.0572 7.62939e-07
      vertex -22.4218 11.0572 1.2
    endloop
  endfacet
  facet normal 0.910855 -0.412727 0
    outer loop
      vertex -22.4218 11.0572 7.62939e-07
      vertex -23.097 9.56709 1.2
      vertex -23.097 9.56709 7.62939e-07
    endloop
  endfacet
  facet normal -0.582498 -0.812832 0
    outer loop
      vertex 13.8893 20.7867 7.62939e-07
      vertex 15.219 19.8338 1.2
      vertex 13.8893 20.7867 1.2
    endloop
  endfacet
  facet normal -0.582498 -0.812832 -0
    outer loop
      vertex 15.219 19.8338 1.2
      vertex 13.8893 20.7867 7.62939e-07
      vertex 15.219 19.8338 7.62939e-07
    endloop
  endfacet
  facet normal 0.849208 0.528058 0
    outer loop
      vertex -20.7867 -13.8893 1.2
      vertex -21.6506 -12.5 7.62939e-07
      vertex -21.6506 -12.5 1.2
    endloop
  endfacet
  facet normal 0.849208 0.528058 0
    outer loop
      vertex -21.6506 -12.5 7.62939e-07
      vertex -20.7867 -13.8893 1.2
      vertex -20.7867 -13.8893 7.62939e-07
    endloop
  endfacet
  facet normal 0.683561 -0.729894 0
    outer loop
      vertex -17.6777 17.6777 7.62939e-07
      vertex -16.4836 18.796 1.2
      vertex -17.6777 17.6777 1.2
    endloop
  endfacet
  facet normal 0.683561 -0.729894 0
    outer loop
      vertex -16.4836 18.796 1.2
      vertex -17.6777 17.6777 7.62939e-07
      vertex -16.4836 18.796 7.62939e-07
    endloop
  endfacet
  facet normal 0.973875 0.227084 0
    outer loop
      vertex -24.1481 -6.47048 1.2
      vertex -24.5196 -4.87726 7.62939e-07
      vertex -24.5196 -4.87726 1.2
    endloop
  endfacet
  facet normal 0.973875 0.227084 0
    outer loop
      vertex -24.5196 -4.87726 7.62939e-07
      vertex -24.1481 -6.47048 1.2
      vertex -24.1481 -6.47048 7.62939e-07
    endloop
  endfacet
  facet normal -0.0327026 0.999465 0
    outer loop
      vertex 1.63508 -24.9465 7.62939e-07
      vertex 0 -25 1.2
      vertex 1.63508 -24.9465 1.2
    endloop
  endfacet
  facet normal -0.0327026 0.999465 0
    outer loop
      vertex 0 -25 1.2
      vertex 1.63508 -24.9465 7.62939e-07
      vertex 0 -25 7.62939e-07
    endloop
  endfacet
  facet normal 0.227084 0.973875 -0
    outer loop
      vertex -4.87726 -24.5196 7.62939e-07
      vertex -6.47048 -24.1481 1.2
      vertex -4.87726 -24.5196 1.2
    endloop
  endfacet
  facet normal 0.227084 0.973875 0
    outer loop
      vertex -6.47048 -24.1481 1.2
      vertex -4.87726 -24.5196 7.62939e-07
      vertex -6.47048 -24.1481 7.62939e-07
    endloop
  endfacet
  facet normal 0 0 -1
    outer loop
      vertex 24.9465 -1.63508 1.2
      vertex 24.9465 1.63508 1.2
      vertex 25 0 1.2
    endloop
  endfacet
  facet normal 0 0 -1
    outer loop
      vertex 24.7861 -3.26315 1.2
      vertex 24.9465 1.63508 1.2
      vertex 24.9465 -1.63508 1.2
    endloop
  endfacet
  facet normal 0 0 -1
    outer loop
      vertex 24.7861 -3.26315 1.2
      vertex 24.7861 3.26315 1.2
      vertex 24.9465 1.63508 1.2
    endloop
  endfacet
  facet normal 0 0 -1
    outer loop
      vertex 24.5196 -4.87726 1.2
      vertex 24.7861 3.26315 1.2
      vertex 24.7861 -3.26315 1.2
    endloop
  endfacet
  facet normal 0 0 -1
    outer loop
      vertex 24.5196 -4.87726 1.2
      vertex 24.5196 4.87726 1.2
      vertex 24.7861 3.26315 1.2
    endloop
  endfacet
  facet normal 0 0 -1
    outer loop
      vertex 24.1481 -6.47048 1.2
      vertex 24.5196 4.87726 1.2
      vertex 24.5196 -4.87726 1.2
    endloop
  endfacet
  facet normal 0 0 -1
    outer loop
      vertex 24.1481 -6.47048 1.2
      vertex 24.1481 6.47048 1.2
      vertex 24.5196 4.87726 1.2
    endloop
  endfacet
  facet normal 0 0 -1
    outer loop
      vertex 23.6733 -8.03599 1.2
      vertex 24.1481 6.47048 1.2
      vertex 24.1481 -6.47048 1.2
    endloop
  endfacet
  facet normal 0 0 -1
    outer loop
      vertex 23.6733 -8.03599 1.2
      vertex 23.6733 8.03599 1.2
      vertex 24.1481 6.47048 1.2
    endloop
  endfacet
  facet normal 0 0 -1
    outer loop
      vertex 23.097 -9.56709 1.2
      vertex 23.6733 8.03599 1.2
      vertex 23.6733 -8.03599 1.2
    endloop
  endfacet
  facet normal 0 0 -1
    outer loop
      vertex 23.097 -9.56709 1.2
      vertex 23.097 9.56709 1.2
      vertex 23.6733 8.03599 1.2
    endloop
  endfacet
  facet normal 0 0 -1
    outer loop
      vertex 22.4218 -11.0572 1.2
      vertex 23.097 9.56709 1.2
      vertex 23.097 -9.56709 1.2
    endloop
  endfacet
  facet normal 0 0 -1
    outer loop
      vertex 22.4218 -11.0572 1.2
      vertex 22.4218 11.0572 1.2
      vertex 23.097 9.56709 1.2
    endloop
  endfacet
  facet normal 0 0 -1
    outer loop
      vertex 21.6506 -12.5 1.2
      vertex 22.4218 11.0572 1.2
      vertex 22.4218 -11.0572 1.2
    endloop
  endfacet
  facet normal 0 0 -1
    outer loop
      vertex 21.6506 -12.5 1.2
      vertex 21.6506 12.5 1.2
      vertex 22.4218 11.0572 1.2
    endloop
  endfacet
  facet normal 0 0 -1
    outer loop
      vertex 20.7867 -13.8893 1.2
      vertex 21.6506 12.5 1.2
      vertex 21.6506 -12.5 1.2
    endloop
  endfacet
  facet normal 0 0 -1
    outer loop
      vertex 20.7867 -13.8893 1.2
      vertex 20.7867 13.8893 1.2
      vertex 21.6506 12.5 1.2
    endloop
  endfacet
  facet normal 0 0 -1
    outer loop
      vertex 19.8338 -15.219 1.2
      vertex 20.7867 13.8893 1.2
      vertex 20.7867 -13.8893 1.2
    endloop
  endfacet
  facet normal 0 0 -1
    outer loop
      vertex 19.8338 -15.219 1.2
      vertex 19.8338 15.219 1.2
      vertex 20.7867 13.8893 1.2
    endloop
  endfacet
  facet normal 0 0 -1
    outer loop
      vertex 18.796 -16.4836 1.2
      vertex 19.8338 15.219 1.2
      vertex 19.8338 -15.219 1.2
    endloop
  endfacet
  facet normal 0 0 -1
    outer loop
      vertex 18.796 -16.4836 1.2
      vertex 18.796 16.4836 1.2
      vertex 19.8338 15.219 1.2
    endloop
  endfacet
  facet normal 0 0 -1
    outer loop
      vertex 17.6777 -17.6777 1.2
      vertex 18.796 16.4836 1.2
      vertex 18.796 -16.4836 1.2
    endloop
  endfacet
  facet normal 0 0 -1
    outer loop
      vertex 17.6777 -17.6777 1.2
      vertex 17.6777 17.6777 1.2
      vertex 18.796 16.4836 1.2
    endloop
  endfacet
  facet normal 0 0 -1
    outer loop
      vertex 16.4836 -18.796 1.2
      vertex 17.6777 17.6777 1.2
      vertex 17.6777 -17.6777 1.2
    endloop
  endfacet
  facet normal 0 0 -1
    outer loop
      vertex 16.4836 -18.796 1.2
      vertex 16.4836 18.796 1.2
      vertex 17.6777 17.6777 1.2
    endloop
  endfacet
  facet normal 0 0 -1
    outer loop
      vertex 15.219 -19.8338 1.2
      vertex 16.4836 18.796 1.2
      vertex 16.4836 -18.796 1.2
    endloop
  endfacet
  facet normal 0 0 -1
    outer loop
      vertex 15.219 -19.8338 1.2
      vertex 15.219 19.8338 1.2
      vertex 16.4836 18.796 1.2
    endloop
  endfacet
  facet normal 0 0 -1
    outer loop
      vertex 13.8893 -20.7867 1.2
      vertex 15.219 19.8338 1.2
      vertex 15.219 -19.8338 1.2
    endloop
  endfacet
  facet normal 0 0 -1
    outer loop
      vertex 13.8893 -20.7867 1.2
      vertex 13.8893 20.7867 1.2
      vertex 15.219 19.8338 1.2
    endloop
  endfacet
  facet normal 0 0 -1
    outer loop
      vertex 12.5 -21.6506 1.2
      vertex 13.8893 20.7867 1.2
      vertex 13.8893 -20.7867 1.2
    endloop
  endfacet
  facet normal 0 0 -1
    outer loop
      vertex 12.5 -21.6506 1.2
      vertex 12.5 21.6506 1.2
      vertex 13.8893 20.7867 1.2
    endloop
  endfacet
  facet normal 0 0 -1
    outer loop
      vertex 11.0572 -22.4218 1.2
      vertex 12.5 21.6506 1.2
      vertex 12.5 -21.6506 1.2
    endloop
  endfacet
  facet normal 0 0 -1
    outer loop
      vertex 11.0572 -22.4218 1.2
      vertex 11.0572 22.4218 1.2
      vertex 12.5 21.6506 1.2
    endloop
  endfacet
  facet normal 0 0 -1
    outer loop
      vertex 9.56709 -23.097 1.2
      vertex 11.0572 22.4218 1.2
      vertex 11.0572 -22.4218 1.2
    endloop
  endfacet
  facet normal 0 0 -1
    outer loop
      vertex 9.56709 -23.097 1.2
      vertex 9.56709 23.097 1.2
      vertex 11.0572 22.4218 1.2
    endloop
  endfacet
  facet normal 0 0 -1
    outer loop
      vertex 8.03599 -23.6733 1.2
      vertex 9.56709 23.097 1.2
      vertex 9.56709 -23.097 1.2
    endloop
  endfacet
  facet normal 0 0 -1
    outer loop
      vertex 8.03599 -23.6733 1.2
      vertex 8.03599 23.6733 1.2
      vertex 9.56709 23.097 1.2
    endloop
  endfacet
  facet normal 0 0 -1
    outer loop
      vertex 6.47048 -24.1481 1.2
      vertex 8.03599 23.6733 1.2
      vertex 8.03599 -23.6733 1.2
    endloop
  endfacet
  facet normal 0 0 -1
    outer loop
      vertex 6.47048 -24.1481 1.2
      vertex 6.47048 24.1481 1.2
      vertex 8.03599 23.6733 1.2
    endloop
  endfacet
  facet normal 0 0 -1
    outer loop
      vertex 4.87726 -24.5196 1.2
      vertex 6.47048 24.1481 1.2
      vertex 6.47048 -24.1481 1.2
    endloop
  endfacet
  facet normal 0 0 -1
    outer loop
      vertex 4.87726 -24.5196 1.2
      vertex 4.87726 24.5196 1.2
      vertex 6.47048 24.1481 1.2
    endloop
  endfacet
  facet normal 0 0 -1
    outer loop
      vertex 3.26315 -24.7861 1.2
      vertex 4.87726 24.5196 1.2
      vertex 4.87726 -24.5196 1.2
    endloop
  endfacet
  facet normal 0 0 -1
    outer loop
      vertex 3.26315 -24.7861 1.2
      vertex 3.26315 24.7861 1.2
      vertex 4.87726 24.5196 1.2
    endloop
  endfacet
  facet normal 0 0 -1
    outer loop
      vertex 1.63508 -24.9465 1.2
      vertex 3.26315 24.7861 1.2
      vertex 3.26315 -24.7861 1.2
    endloop
  endfacet
  facet normal 0 0 -1
    outer loop
      vertex 1.63508 -24.9465 1.2
      vertex 1.63508 24.9465 1.2
      vertex 3.26315 24.7861 1.2
    endloop
  endfacet
  facet normal 0 0 -1
    outer loop
      vertex 0 -25 1.2
      vertex 1.63508 24.9465 1.2
      vertex 1.63508 -24.9465 1.2
    endloop
  endfacet
  facet normal 0 0 -1
    outer loop
      vertex 0 -25 1.2
      vertex 0 25 1.2
      vertex 1.63508 24.9465 1.2
    endloop
  endfacet
  facet normal 0 0 -1
    outer loop
      vertex -1.63508 -24.9465 1.2
      vertex 0 25 1.2
      vertex 0 -25 1.2
    endloop
  endfacet
  facet normal 0 0 -1
    outer loop
      vertex -1.63508 -24.9465 1.2
      vertex -1.63508 24.9465 1.2
      vertex 0 25 1.2
    endloop
  endfacet
  facet normal 0 0 -1
    outer loop
      vertex -3.26315 -24.7861 1.2
      vertex -1.63508 24.9465 1.2
      vertex -1.63508 -24.9465 1.2
    endloop
  endfacet
  facet normal 0 0 -1
    outer loop
      vertex -3.26315 -24.7861 1.2
      vertex -3.26315 24.7861 1.2
      vertex -1.63508 24.9465 1.2
    endloop
  endfacet
  facet normal 0 0 -1
    outer loop
      vertex -4.87726 -24.5196 1.2
      vertex -3.26315 24.7861 1.2
      vertex -3.26315 -24.7861 1.2
    endloop
  endfacet
  facet normal 0 0 -1
    outer loop
      vertex -4.87726 -24.5196 1.2
      vertex -4.87726 24.5196 1.2
      vertex -3.26315 24.7861 1.2
    endloop
  endfacet
  facet normal 0 0 -1
    outer loop
      vertex -6.47048 -24.1481 1.2
      vertex -4.87726 24.5196 1.2
      vertex -4.87726 -24.5196 1.2
    endloop
  endfacet
  facet normal 0 0 -1
    outer loop
      vertex -6.47048 -24.1481 1.2
      vertex -6.47048 24.1481 1.2
      vertex -4.87726 24.5196 1.2
    endloop
  endfacet
  facet normal 0 0 -1
    outer loop
      vertex -8.03599 -23.6733 1.2
      vertex -6.47048 24.1481 1.2
      vertex -6.47048 -24.1481 1.2
    endloop
  endfacet
  facet normal 0 0 -1
    outer loop
      vertex -8.03599 -23.6733 1.2
      vertex -8.03599 23.6733 1.2
      vertex -6.47048 24.1481 1.2
    endloop
  endfacet
  facet normal 0 0 -1
    outer loop
      vertex -9.56709 -23.097 1.2
      vertex -8.03599 23.6733 1.2
      vertex -8.03599 -23.6733 1.2
    endloop
  endfacet
  facet normal 0 0 -1
    outer loop
      vertex -9.56709 -23.097 1.2
      vertex -9.56709 23.097 1.2
      vertex -8.03599 23.6733 1.2
    endloop
  endfacet
  facet normal 0 0 -1
    outer loop
      vertex -11.0572 -22.4218 1.2
      vertex -9.56709 23.097 1.2
      vertex -9.56709 -23.097 1.2
    endloop
  endfacet
  facet normal 0 0 -1
    outer loop
      vertex -11.0572 -22.4218 1.2
      vertex -11.0572 22.4218 1.2
      vertex -9.56709 23.097 1.2
    endloop
  endfacet
  facet normal 0 0 -1
    outer loop
      vertex -12.5 -21.6506 1.2
      vertex -11.0572 22.4218 1.2
      vertex -11.0572 -22.4218 1.2
    endloop
  endfacet
  facet normal 0 0 -1
    outer loop
      vertex -12.5 -21.6506 1.2
      vertex -12.5 21.6506 1.2
      vertex -11.0572 22.4218 1.2
    endloop
  endfacet
  facet normal 0 0 -1
    outer loop
      vertex -13.8893 -20.7867 1.2
      vertex -12.5 21.6506 1.2
      vertex -12.5 -21.6506 1.2
    endloop
  endfacet
  facet normal 0 0 -1
    outer loop
      vertex -13.8893 -20.7867 1.2
      vertex -13.8893 20.7867 1.2
      vertex -12.5 21.6506 1.2
    endloop
  endfacet
  facet normal 0 0 -1
    outer loop
      vertex -15.219 -19.8338 1.2
      vertex -13.8893 20.7867 1.2
      vertex -13.8893 -20.7867 1.2
    endloop
  endfacet
  facet normal 0 0 -1
    outer loop
      vertex -15.219 -19.8338 1.2
      vertex -15.219 19.8338 1.2
      vertex -13.8893 20.7867 1.2
    endloop
  endfacet
  facet normal 0 0 -1
    outer loop
      vertex -16.4836 -18.796 1.2
      vertex -15.219 19.8338 1.2
      vertex -15.219 -19.8338 1.2
    endloop
  endfacet
  facet normal 0 0 -1
    outer loop
      vertex -16.4836 -18.796 1.2
      vertex -16.4836 18.796 1.2
      vertex -15.219 19.8338 1.2
    endloop
  endfacet
  facet normal 0 0 -1
    outer loop
      vertex -17.6777 -17.6777 1.2
      vertex -16.4836 18.796 1.2
      vertex -16.4836 -18.796 1.2
    endloop
  endfacet
  facet normal 0 0 -1
    outer loop
      vertex -17.6777 -17.6777 1.2
      vertex -17.6777 17.6777 1.2
      vertex -16.4836 18.796 1.2
    endloop
  endfacet
  facet normal 0 0 -1
    outer loop
      vertex -18.796 -16.4836 1.2
      vertex -17.6777 17.6777 1.2
      vertex -17.6777 -17.6777 1.2
    endloop
  endfacet
  facet normal 0 0 -1
    outer loop
      vertex -18.796 -16.4836 1.2
      vertex -18.796 16.4836 1.2
      vertex -17.6777 17.6777 1.2
    endloop
  endfacet
  facet normal 0 0 -1
    outer loop
      vertex -19.8338 -15.219 1.2
      vertex -18.796 16.4836 1.2
      vertex -18.796 -16.4836 1.2
    endloop
  endfacet
  facet normal 0 0 -1
    outer loop
      vertex -19.8338 -15.219 1.2
      vertex -19.8338 15.219 1.2
      vertex -18.796 16.4836 1.2
    endloop
  endfacet
  facet normal 0 0 -1
    outer loop
      vertex -20.7867 -13.8893 1.2
      vertex -19.8338 15.219 1.2
      vertex -19.8338 -15.219 1.2
    endloop
  endfacet
  facet normal 0 0 -1
    outer loop
      vertex -20.7867 -13.8893 1.2
      vertex -20.7867 13.8893 1.2
      vertex -19.8338 15.219 1.2
    endloop
  endfacet
  facet normal 0 0 -1
    outer loop
      vertex -21.6506 -12.5 1.2
      vertex -20.7867 13.8893 1.2
      vertex -20.7867 -13.8893 1.2
    endloop
  endfacet
  facet normal 0 0 -1
    outer loop
      vertex -21.6506 -12.5 1.2
      vertex -21.6506 12.5 1.2
      vertex -20.7867 13.8893 1.2
    endloop
  endfacet
  facet normal 0 0 -1
    outer loop
      vertex -22.4218 -11.0572 1.2
      vertex -21.6506 12.5 1.2
      vertex -21.6506 -12.5 1.2
    endloop
  endfacet
  facet normal 0 0 -1
    outer loop
      vertex -22.4218 -11.0572 1.2
      vertex -22.4218 11.0572 1.2
      vertex -21.6506 12.5 1.2
    endloop
  endfacet
  facet normal 0 0 -1
    outer loop
      vertex -23.097 -9.56709 1.2
      vertex -22.4218 11.0572 1.2
      vertex -22.4218 -11.0572 1.2
    endloop
  endfacet
  facet normal 0 0 -1
    outer loop
      vertex -23.097 -9.56709 1.2
      vertex -23.097 9.56709 1.2
      vertex -22.4218 11.0572 1.2
    endloop
  endfacet
  facet normal 0 0 -1
    outer loop
      vertex -23.6733 -8.03599 1.2
      vertex -23.097 9.56709 1.2
      vertex -23.097 -9.56709 1.2
    endloop
  endfacet
  facet normal 0 0 -1
    outer loop
      vertex -23.6733 -8.03599 1.2
      vertex -23.6733 8.03599 1.2
      vertex -23.097 9.56709 1.2
    endloop
  endfacet
  facet normal 0 0 -1
    outer loop
      vertex -24.1481 -6.47048 1.2
      vertex -23.6733 8.03599 1.2
      vertex -23.6733 -8.03599 1.2
    endloop
  endfacet
  facet normal 0 0 -1
    outer loop
      vertex -24.1481 -6.47048 1.2
      vertex -24.1481 6.47048 1.2
      vertex -23.6733 8.03599 1.2
    endloop
  endfacet
  facet normal 0 0 -1
    outer loop
      vertex -24.5196 -4.87726 1.2
      vertex -24.1481 6.47048 1.2
      vertex -24.1481 -6.47048 1.2
    endloop
  endfacet
  facet normal 0 0 -1
    outer loop
      vertex -24.5196 -4.87726 1.2
      vertex -24.5196 4.87726 1.2
      vertex -24.1481 6.47048 1.2
    endloop
  endfacet
  facet normal 0 0 -1
    outer loop
      vertex -24.7861 -3.26315 1.2
      vertex -24.5196 4.87726 1.2
      vertex -24.5196 -4.87726 1.2
    endloop
  endfacet
  facet normal 0 0 -1
    outer loop
      vertex -24.7861 -3.26315 1.2
      vertex -24.7861 3.26315 1.2
      vertex -24.5196 4.87726 1.2
    endloop
  endfacet
  facet normal 0 0 -1
    outer loop
      vertex -24.9465 -1.63508 1.2
      vertex -24.7861 3.26315 1.2
      vertex -24.7861 -3.26315 1.2
    endloop
  endfacet
  facet normal 0 0 -1
    outer loop
      vertex -24.9465 -1.63508 1.2
      vertex -24.9465 1.63508 1.2
      vertex -24.7861 3.26315 1.2
    endloop
  endfacet
  facet normal 0 -0 -1
    outer loop
      vertex -24.9465 1.63508 1.2
      vertex -24.9465 -1.63508 1.2
      vertex -25 0 1.2
    endloop
  endfacet
  facet normal 0.528058 -0.849208 0
    outer loop
      vertex -13.8893 20.7867 7.62939e-07
      vertex -12.5 21.6506 1.2
      vertex -13.8893 20.7867 1.2
    endloop
  endfacet
  facet normal 0.528058 -0.849208 0
    outer loop
      vertex -12.5 21.6506 1.2
      vertex -13.8893 20.7867 7.62939e-07
      vertex -12.5 21.6506 7.62939e-07
    endloop
  endfacet
  facet normal -0.910855 -0.412727 0
    outer loop
      vertex 23.097 9.56709 7.62939e-07
      vertex 22.4218 11.0572 1.2
      vertex 22.4218 11.0572 7.62939e-07
    endloop
  endfacet
  facet normal -0.910855 -0.412727 0
    outer loop
      vertex 22.4218 11.0572 1.2
      vertex 23.097 9.56709 7.62939e-07
      vertex 23.097 9.56709 1.2
    endloop
  endfacet
  facet normal 0.0980469 -0.995182 0
    outer loop
      vertex -3.26315 24.7861 7.62939e-07
      vertex -1.63508 24.9465 1.2
      vertex -3.26315 24.7861 1.2
    endloop
  endfacet
  facet normal 0.0980469 -0.995182 0
    outer loop
      vertex -1.63508 24.9465 1.2
      vertex -3.26315 24.7861 7.62939e-07
      vertex -1.63508 24.9465 7.62939e-07
    endloop
  endfacet
  facet normal 0.999465 0.0327026 0
    outer loop
      vertex -24.9465 -1.63508 1.2
      vertex -25 0 7.62939e-07
      vertex -25 0 1.2
    endloop
  endfacet
  facet normal 0.999465 0.0327026 0
    outer loop
      vertex -25 0 7.62939e-07
      vertex -24.9465 -1.63508 1.2
      vertex -24.9465 -1.63508 7.62939e-07
    endloop
  endfacet
  facet normal -0.227084 0.973875 0
    outer loop
      vertex 6.47048 -24.1481 7.62939e-07
      vertex 4.87726 -24.5196 1.2
      vertex 6.47048 -24.1481 1.2
    endloop
  endfacet
  facet normal -0.227084 0.973875 0
    outer loop
      vertex 4.87726 -24.5196 1.2
      vertex 6.47048 -24.1481 7.62939e-07
      vertex 4.87726 -24.5196 7.62939e-07
    endloop
  endfacet
  facet normal -0.290233 0.956956 0
    outer loop
      vertex 8.03599 -23.6733 7.62939e-07
      vertex 6.47048 -24.1481 1.2
      vertex 8.03599 -23.6733 1.2
    endloop
  endfacet
  facet normal -0.290233 0.956956 0
    outer loop
      vertex 6.47048 -24.1481 1.2
      vertex 8.03599 -23.6733 7.62939e-07
      vertex 6.47048 -24.1481 7.62939e-07
    endloop
  endfacet
  facet normal 0.4714 0.881919 -0
    outer loop
      vertex -11.0572 -22.4218 7.62939e-07
      vertex -12.5 -21.6506 1.2
      vertex -11.0572 -22.4218 1.2
    endloop
  endfacet
  facet normal 0.4714 0.881919 0
    outer loop
      vertex -12.5 -21.6506 1.2
      vertex -11.0572 -22.4218 7.62939e-07
      vertex -12.5 -21.6506 7.62939e-07
    endloop
  endfacet
  facet normal 0.4714 -0.881919 0
    outer loop
      vertex -12.5 21.6506 7.62939e-07
      vertex -11.0572 22.4218 1.2
      vertex -12.5 21.6506 1.2
    endloop
  endfacet
  facet normal 0.4714 -0.881919 0
    outer loop
      vertex -11.0572 22.4218 1.2
      vertex -12.5 21.6506 7.62939e-07
      vertex -11.0572 22.4218 7.62939e-07
    endloop
  endfacet
endsolid OpenSCAD_Model
